accession	tf_count	mobile_element_count
GCF_000007125.1	218	3183
GCF_000007505.1	211	3182
GCF_000007985.2	239	3434
GCF_000008465.1	174	2659
GCF_000009045.1	318	4600
GCF_000009365.1	174	2785
GCF_000010265.1	337	3865
GCF_000010425.1	111	1683
GCF_000011305.1	174	2903
GCF_000011325.1	191	3008
GCF_000012365.1	490	5894
GCF_000012925.1	241	3632
GCF_000012945.1	924	7795
GCF_000013025.1	236	3524
GCF_000013145.1	28	935
GCF_000013345.1	351	4718
GCF_000014025.1	148	2280
GCF_000014425.1	127	1794
GCF_000014445.1	139	2027
GCF_000014785.1	156	2919
GCF_000015445.1	54	1221
GCF_000015585.1	121	2478
GCF_000015785.2	312	3774
GCF_000016545.1	167	2882
GCF_000016645.1	435	5197
GCF_000016845.1	211	3214
GCF_000017245.1	153	2141
GCF_000017305.1	456	4716
GCF_000017425.1	265	4133
GCF_000017685.1	256	3691
GCF_000017845.1	219	5086
GCF_000018525.1	213	3170
GCF_000018685.1	328	4051
GCF_000018785.1	69	1401
GCF_000019905.1	200	3085
GCF_000021325.1	242	3683
GCF_000021485.1	150	3032
GCF_000021925.1	505	4954
GCF_000022325.1	163	2797
GCF_000022905.1	168	2629
GCF_000022965.1	81	1559
GCF_000023125.1	523	5789
GCF_000023145.1	109	2058
GCF_000023285.1	81	2193
GCF_000024005.1	751	7134
GCF_000024165.1	232	4730
GCF_000024285.1	219	3147
GCF_000024425.1	183	3088
GCF_000025305.1	145	2118
GCF_000025485.1	186	3301
GCF_000025965.1	239	4593
GCF_000025985.1	254	4256
GCF_000027145.1	227	2709
GCF_000055785.1	270	3337
GCF_000067205.1	472	5133
GCF_000069225.1	233	3263
GCF_000092025.1	510	5291
GCF_000143145.1	224	3491
GCF_000143685.1	442	4251
GCF_000144605.1	216	3341
GCF_000146185.1	203	2688
GCF_000146505.1	159	3118
GCF_000163895.2	82	1692
GCF_000164865.1	423	4476
GCF_000164905.1	81	1915
GCF_000182745.2	205	3374
GCF_000190595.1	237	3292
GCF_000192865.1	350	4210
GCF_000196175.1	177	3559
GCF_000196275.1	176	3140
GCF_000196435.1	138	2305
GCF_000196555.1	117	1947
GCF_000196795.1	340	3875
GCF_000196855.1	154	1907
GCF_000196875.2	296	3736
GCF_000197735.1	291	3644
GCF_000202835.1	256	3996
GCF_000204645.1	402	4918
GCF_000210915.2	187	3286
GCF_000212695.1	334	3824
GCF_000218565.1	232	3714
GCF_000219215.1	814	7934
GCF_000219915.2	418	4423
GCF_000220945.1	1237	9609
GCF_000227465.1	357	4190
GCF_000235405.2	99	2003
GCF_000236665.1	252	3530
GCF_000255295.1	625	8109
GCF_000264765.2	280	3941
GCF_000284295.1	862	8112
GCF_000284615.1	279	3627
GCF_000300005.1	406	4455
GCF_000300455.3	414	4616
GCF_000313175.2	224	3633
GCF_000317675.1	165	3559
GCF_000344785.1	163	2697
GCF_000355695.1	230	2903
GCF_000470775.1	192	2730
GCF_000473995.1	395	4442
GCF_000478885.1	220	2291
GCF_000508225.1	28	913
GCF_000695095.2	234	3925
GCF_000697965.2	707	6897
GCF_000724605.1	110	1763
GCF_000732925.1	1059	8545
GCF_000739435.1	134	2273
GCF_000800395.1	185	3348
GCF_000819565.1	374	4921
GCF_000829055.1	209	2833
GCF_000832905.1	214	3264
GCF_000953635.1	126	2906
GCF_000953655.1	119	3187
GCF_000959545.1	720	6693
GCF_000960995.1	500	6115
GCF_000973705.1	351	3778
GCF_001025155.1	94	1578
GCF_001025175.1	131	1957
GCF_001025195.1	107	1713
GCF_001025215.1	116	1829
GCF_001027285.1	705	9924
GCF_001028665.1	782	7150
GCF_001038625.1	522	5199
GCF_001040945.1	481	4823
GCF_001042595.1	148	2127
GCF_001042655.1	64	1280
GCF_001050115.1	188	3077
GCF_001277175.1	330	4127
GCF_001277195.1	325	4018
GCF_001277215.2	319	4215
GCF_001277235.1	320	4305
GCF_001298465.1	76	1861
GCF_001302565.1	356	3587
GCF_001305595.1	647	6727
GCF_001314995.1	277	4891
GCF_001402875.1	203	3280
GCF_001414055.1	287	3743
GCF_001457455.1	120	2316
GCF_001484725.1	414	3965
GCF_001507665.1	179	3252
GCF_001543205.1	111	1799
GCF_001553955.1	111	2349
GCF_001610955.1	222	3510
GCF_001634285.1	205	3308
GCF_001644705.1	352	4199
GCF_001682385.1	282	4066
GCF_001687475.2	55	1484
GCF_001698225.1	434	5056
GCF_001720485.1	259	3404
GCF_001729805.1	390	4586
GCF_001750725.1	455	4621
GCF_001856645.1	326	4026
GCF_001887595.1	389	4335
GCF_001888925.1	114	1801
GCF_001941345.1	184	2613
GCF_001941425.1	188	2493
GCF_001941465.1	165	2502
GCF_001951155.1	218	3532
GCF_001971585.1	212	2507
GCF_002007645.1	244	3439
GCF_002009335.2	214	3852
GCF_002024805.1	340	4120
GCF_002043005.1	494	5288
GCF_002080395.1	55	1991
GCF_002080475.1	320	4243
GCF_002096055.1	399	4131
GCF_002097715.1	681	7116
GCF_002155265.1	118	2064
GCF_002201795.1	177	3598
GCF_002214645.1	283	3786
GCF_002234535.1	600	5406
GCF_002263515.1	400	4640
GCF_002278135.3	609	8020
GCF_002302565.1	87	2084
GCF_002305895.1	538	7318
GCF_002355475.1	526	5771
GCF_002355595.1	613	6131
GCF_002356555.2	122	2567
GCF_002407065.1	278	3466
GCF_002441855.2	433	4057
GCF_002706425.1	209	2825
GCF_002706665.1	89	1604
GCF_002706745.1	239	2487
GCF_002706795.1	400	4881
GCF_002752675.1	491	6536
GCF_002770595.1	302	3968
GCF_002804065.1	217	3237
GCF_002813755.1	266	3218
GCF_002844395.1	163	3300
GCF_002849715.1	420	4616
GCF_002849895.1	225	2296
GCF_002982115.1	364	4506
GCF_003010495.1	139	2263
GCF_003015125.1	376	4365
GCF_003019295.1	101	2013
GCF_003096175.1	536	5079
GCF_003149495.1	429	7432
GCF_003194085.1	117	1727
GCF_003258315.1	192	3739
GCF_003261575.2	584	5866
GCF_003344925.1	149	2642
GCF_003355475.1	279	3295
GCF_003367075.2	130	3372
GCF_003444775.1	238	4005
GCF_003534205.1	290	3178
GCF_003544835.1	95	2001
GCF_003589745.1	141	2568
GCF_003606265.1	215	3132
GCF_003606365.2	233	2482
GCF_003628755.1	233	2844
GCF_003660105.1	104	2100
GCF_003711105.1	704	7249
GCF_003719195.1	453	5000
GCF_003722335.1	440	5195
GCF_003815915.1	240	3872
GCF_003860345.1	328	4085
GCF_003860565.1	121	2516
GCF_003966655.1	144	3015
GCF_004101845.1	155	1925
GCF_004124315.2	338	4121
GCF_004154955.1	281	3199
GCF_004295125.1	337	3724
GCF_004359375.1	64	1529
GCF_004803795.1	97	2454
GCF_004803815.1	94	2038
GCF_005952805.1	279	3775
GCF_006459125.1	183	2955
GCF_006711645.1	465	5599
GCF_006739385.1	141	2393
GCF_007970465.1	193	2831
GCF_007995155.1	331	4550
GCF_008298035.1	374	5863
GCF_008705175.1	570	5170
GCF_009662475.1	180	3543
GCF_009831375.1	327	3500
GCF_010509075.1	184	2134
GCF_010509575.1	259	2942
GCF_010669205.1	622	5780
GCF_010977555.1	459	5438
GCF_011067105.1	171	3332
GCF_012317185.1	514	4584
GCF_013201625.1	132	2231
GCF_013340845.1	129	2328
GCF_013372225.1	67	1795
GCF_014058425.1	218	2381
GCF_014131755.1	306	4848
GCF_014779555.2	356	5127
GCF_014898175.1	227	2339
GCF_015291705.1	739	9393
GCF_015476235.1	287	3624
GCF_016026575.1	79	1155
GCF_016027375.1	174	2945
GCF_016027855.1	320	4191
GCF_016127195.1	302	4110
GCF_016127475.1	116	1743
GCF_016127955.1	197	2616
GCF_016728365.1	137	2296
GCF_016889425.1	117	2108
GCF_016889465.1	129	2389
GCF_016894385.1	592	6026
GCF_017161425.1	212	3344
GCF_017348915.1	345	4238
GCF_017894365.1	234	4098
GCF_017894385.1	392	4879
GCF_018223745.1	568	5229
GCF_019047765.1	397	4789
GCF_019048065.1	425	4667
GCF_019048125.1	460	4940
GCF_019048165.1	141	2364
GCF_019048245.1	380	4688
GCF_019343455.1	282	3388
GCF_019915265.1	212	3749
GCF_019930665.1	266	4313
GCF_019931005.1	147	1878
GCF_019931045.1	536	5960
GCF_020097295.1	283	3894
GCF_020097475.1	332	4378
GCF_020099175.1	501	5217
GCF_020099335.1	402	4821
GCF_020525545.1	513	5241
GCF_020546685.1	167	3166
GCF_020736045.1	102	1816
GCF_021278985.1	385	5144
GCF_021495345.1	415	4912
GCF_023278185.1	699	9084
GCF_023520795.1	134	2280
GCF_024734075.1	421	4850
GCF_025144995.1	115	2323
GCF_025147765.1	319	3452
GCF_025148125.1	448	4399
GCF_025148965.1	206	2677
GCF_025149285.1	723	6290
GCF_025149785.1	320	3219
GCF_025264705.1	1134	10259
GCF_025998455.1	40	1589
GCF_026427595.1	241	3683
GCF_026651875.1	434	5787
GCF_028596125.1	266	2822
GCF_028609845.1	108	2048
GCF_028609865.1	124	2402
GCF_028609885.1	126	2221
GCF_028751035.1	53	1690
GCF_028877475.1	365	4612
GCF_029094545.1	281	4288
GCF_030296935.1	149	2661
GCF_030406665.1	244	3284
GCF_030408375.1	127	2190
GCF_030408415.1	130	2187
GCF_030408675.1	180	2524
GCF_030440595.1	136	2550
GCF_032878895.1	265	3960
GCF_034356035.1	317	3384
GCF_034424315.1	577	6674
GCF_034424645.1	260	3391
GCF_034478925.1	383	4290
GCF_036323495.1	215	3185
GCF_040267515.1	663	6623
GCF_042926695.1	173	2429
GCF_900324475.1	397	4398
GCF_900474615.1	206	2726
GCF_900476005.1	305	4114
GCF_900478035.1	112	2141
GCF_900478045.1	160	2443
GCF_900635955.1	397	4524
GCF_900636915.1	114	2168
GCF_900636985.1	516	5376
GCF_900637635.1	94	2831
GCF_900637895.1	120	2835
GCF_900638015.1	226	2667
GCF_900660615.1	19	1007
GCF_000006945.2	482	4609
GCF_000007805.1	461	5933
GCF_000008185.1	140	2581
GCF_000009265.1	737	7482
GCF_000009765.2	816	7963
GCF_000009985.1	368	4737
GCF_000010125.1	183	2472
GCF_000010505.1	89	2048
GCF_000010665.1	380	4695
GCF_000011345.1	104	2533
GCF_000011965.2	384	4425
GCF_000012805.1	154	3320
GCF_000012825.1	245	4144
GCF_000013085.1	329	3920
GCF_000013645.1	841	8844
GCF_000013905.1	141	2559
GCF_000014185.1	221	3278
GCF_000014885.1	332	4541
GCF_000016065.1	291	3924
GCF_000016345.1	83	2138
GCF_000018945.1	95	1914
GCF_000019085.1	146	2356
GCF_000019665.1	92	2088
GCF_000019725.1	496	6569
GCF_000019945.1	380	5500
GCF_000020025.1	393	7671
GCF_000020045.1	741	7862
GCF_000020125.1	739	7374
GCF_000020385.1	256	3710
GCF_000020985.1	120	2013
GCF_000022025.1	358	4635
GCF_000022065.1	253	3528
GCF_000023865.1	339	3915
GCF_000024565.1	65	1522
GCF_000024825.1	374	4454
GCF_000024845.1	170	2942
GCF_000025925.1	148	2998
GCF_000062885.1	797	7291
GCF_000069185.1	449	5003
GCF_000083545.1	396	5795
GCF_000091125.1	288	4216
GCF_000091545.1	101	2234
GCF_000092045.1	584	6356
GCF_000092785.1	45	1917
GCF_000092965.1	146	2263
GCF_000093025.1	192	2791
GCF_000143845.1	162	1771
GCF_000144405.1	117	2398
GCF_000145235.1	562	6338
GCF_000145615.1	190	2749
GCF_000146165.2	296	4555
GCF_000157895.3	360	5779
GCF_000164675.2	138	1979
GCF_000164695.2	119	2105
GCF_000172155.1	405	6272
GCF_000176855.2	414	4826
GCF_000179635.2	233	4147
GCF_000183155.1	87	2004
GCF_000183385.1	11	840
GCF_000189295.2	282	3485
GCF_000195955.2	434	3999
GCF_000195975.1	82	2662
GCF_000196115.1	254	5220
GCF_000208405.1	107	2327
GCF_000215705.1	324	3967
GCF_000220705.2	606	6092
GCF_000225345.1	281	3311
GCF_000230655.2	92	1872
GCF_000236925.1	150	2625
GCF_000238395.3	306	4171
GCF_000253175.1	310	4160
GCF_000265465.1	73	2276
GCF_000276825.1	379	5146
GCF_000300235.2	417	4366
GCF_000330885.1	631	6405
GCF_000331185.2	925	8428
GCF_000331735.1	635	8077
GCF_000331995.1	194	2592
GCF_000340435.2	250	4008
GCF_000355675.1	242	3590
GCF_000445445.2	357	5211
GCF_000463345.2	383	4472
GCF_000504105.1	98	2111
GCF_000511385.1	351	4331
GCF_000568815.1	193	3295
GCF_000699505.1	75	1373
GCF_000731315.1	595	6251
GCF_000737325.1	716	8732
GCF_000756615.1	485	5409
GCF_000757795.1	433	5795
GCF_000758725.1	705	5964
GCF_000763575.1	139	2466
GCF_000767465.1	316	5202
GCF_000816085.1	128	2327
GCF_000818015.1	293	4100
GCF_000833025.1	255	3538
GCF_000972785.3	519	5823
GCF_000973105.1	277	4465
GCF_000973725.1	262	4671
GCF_000981585.1	762	6746
GCF_001006005.1	532	5354
GCF_001007935.1	136	3899
GCF_001028625.1	179	2721
GCF_001029105.3	454	5138
GCF_001042675.1	65	1549
GCF_001187845.1	214	3268
GCF_001267435.1	198	2646
GCF_001267885.1	797	7450
GCF_001421015.2	422	4728
GCF_001444405.1	349	4188
GCF_001455205.1	141	3086
GCF_001456255.1	416	4531
GCF_001457635.1	121	2126
GCF_001465545.3	582	5387
GCF_001594225.2	529	5788
GCF_001633165.1	265	4130
GCF_001642805.2	470	4812
GCF_001685435.2	189	2767
GCF_001687585.2	212	3311
GCF_001688845.2	137	2704
GCF_001700985.1	271	3933
GCF_001742145.1	330	4600
GCF_001742185.1	339	4602
GCF_001761545.1	95	1553
GCF_001908725.1	297	4533
GCF_001922305.1	231	3490
GCF_001936175.1	420	5799
GCF_001940525.2	310	4136
GCF_001953955.1	124	2179
GCF_001955735.1	226	3952
GCF_001974985.1	273	3322
GCF_001975665.1	267	3486
GCF_001988955.1	346	5003
GCF_001997295.1	186	2953
GCF_002009235.1	235	3394
GCF_002119765.1	497	5752
GCF_002157835.1	718	7806
GCF_002162375.1	439	5512
GCF_002224265.1	340	4296
GCF_002240355.1	811	6555
GCF_002263495.1	563	5477
GCF_002288285.1	295	4518
GCF_002504165.1	252	3627
GCF_002762215.1	530	5894
GCF_002902925.1	1017	8969
GCF_002951835.1	118	2438
GCF_003006155.1	320	4394
GCF_003012915.1	147	2344
GCF_003019255.1	179	2579
GCF_003074055.1	749	6911
GCF_003173715.1	486	6649
GCF_003339775.1	26	2518
GCF_003352185.1	545	5710
GCF_003367705.1	332	3342
GCF_003368325.1	799	7328
GCF_003574835.2	441	4844
GCF_003590145.2	300	3796
GCF_003614435.1	507	6498
GCF_003722315.1	187	2865
GCF_003795145.1	219	2585
GCF_003966975.1	208	3092
GCF_003970735.1	311	4360
GCF_004135935.1	230	3200
GCF_004564075.1	209	2795
GCF_004786035.1	560	5856
GCF_005221285.1	89	2186
GCF_005519465.1	640	6934
GCF_006094375.1	135	2301
GCF_006094395.1	163	2441
GCF_006094455.1	286	3645
GCF_006542335.1	119	2302
GCF_006716135.1	670	6570
GCF_008151785.1	155	2240
GCF_008329645.1	450	5428
GCF_008639165.1	797	7351
GCF_008704995.1	696	6818
GCF_008807375.1	511	5499
GCF_008824185.1	300	4372
GCF_008838325.1	133	2710
GCF_008931805.1	324	4122
GCF_008932245.1	513	5778
GCF_009183365.2	307	4294
GCF_009299385.1	702	6703
GCF_009756665.1	243	3803
GCF_009769165.1	338	4354
GCF_009931115.1	208	3500
GCF_010119975.1	529	7436
GCF_010669145.1	439	5701
GCF_010726085.1	485	6080
GCF_010728925.1	457	5882
GCF_010729105.1	436	5674
GCF_011046555.1	227	3447
GCF_011046895.1	393	4602
GCF_011046975.1	192	2471
GCF_011047135.1	217	2715
GCF_011387195.1	161	1978
GCF_012427705.1	252	3599
GCF_012427845.1	345	4273
GCF_012767755.2	585	6188
GCF_012848855.1	221	3071
GCF_013009555.1	288	4586
GCF_013046785.1	759	6893
GCF_013046825.1	202	2787
GCF_013177435.1	99	2374
GCF_013283835.1	268	3342
GCF_014268455.2	541	5436
GCF_014268495.2	507	5662
GCF_014268695.2	584	5807
GCF_014770185.1	116	2149
GCF_016028275.1	159	2463
GCF_016028295.1	122	2064
GCF_016028515.1	306	4104
GCF_016028635.1	280	3781
GCF_016127275.1	138	1941
GCF_016406325.1	243	3789
GCF_016618195.1	325	3901
GCF_016724805.1	165	2424
GCF_016725005.1	132	1832
GCF_016726365.1	121	2218
GCF_016726485.1	98	1792
GCF_016801025.1	378	4468
GCF_017352135.1	621	6250
GCF_017639205.1	866	8169
GCF_018075365.1	359	4364
GCF_018316655.1	762	6618
GCF_018343775.1	449	5153
GCF_019046945.1	150	2058
GCF_019048385.1	377	4292
GCF_019048645.1	171	1934
GCF_019645855.1	370	4933
GCF_019645875.1	546	5765
GCF_020181655.1	325	4383
GCF_020883495.1	403	4726
GCF_021173085.1	477	4869
GCF_021654455.1	147	2172
GCF_022179545.1	588	6141
GCF_022647325.1	344	4290
GCF_022788655.1	305	4338
GCF_022811565.1	523	5322
GCF_022869645.1	76	2150
GCF_022984195.1	123	2737
GCF_024181585.1	160	2467
GCF_024296925.1	616	6411
GCF_024362345.1	188	2751
GCF_024918935.1	213	3594
GCF_024925465.1	403	5102
GCF_025151045.1	270	3807
GCF_025231465.1	773	7236
GCF_026409565.1	295	3691
GCF_027497495.1	752	7103
GCF_027626975.1	857	8190
GCF_027925445.1	280	4290
GCF_028553805.1	359	4429
GCF_028607105.1	390	4405
GCF_029193595.2	355	4178
GCF_029318685.1	345	4362
GCF_029909795.1	371	4961
GCF_031191545.1	122	2050
GCF_031348265.1	866	7932
GCF_033954835.1	259	4941
GCF_034424545.1	567	5794
GCF_034479615.1	378	4533
GCF_036323475.1	188	2607
GCF_036812735.1	311	3846
GCF_036885195.1	286	3667
GCF_037948395.1	474	5135
GCF_040529055.1	277	4209
GCF_040739365.1	147	2376
GCF_041295575.1	192	3131
GCF_042466515.1	1277	9923
GCF_046844695.1	440	4985
GCF_048305125.1	643	6308
GCF_900183975.1	189	4020
GCF_900186865.1	379	4607
GCF_900187175.1	277	3652
GCF_900475445.1	127	1898
GCF_900475505.1	156	2187
GCF_900475555.1	122	2292
GCF_900475595.1	136	1909
GCF_900475675.1	126	1748
GCF_900475975.1	139	1854
GCF_900476255.1	87	1737
GCF_900537995.1	311	4175
GCF_900560965.1	617	6221
GCF_900636475.1	146	1864
GCF_900637025.1	104	1802
GCF_900637195.1	494	5704
GCF_900637235.1	160	2508
GCF_900637905.1	82	1557
GCF_900638305.1	99	1974
GCF_937425535.1	432	6754
GCF_963853645.1	389	5767
GCF_000006985.1	82	2040
GCF_000007745.1	142	2118
GCF_000010525.1	417	4841
GCF_000010985.1	148	2500
GCF_000011385.1	272	4563
GCF_000012865.1	150	2480
GCF_000012985.1	497	6363
GCF_000014145.1	218	3710
GCF_000015025.1	157	2170
GCF_000015125.1	134	2796
GCF_000016165.1	218	3559
GCF_000016985.1	336	4899
GCF_000017545.1	88	1821
GCF_000017585.1	56	1642
GCF_000018325.1	227	2992
GCF_000018865.1	274	4083
GCF_000019165.1	165	2762
GCF_000019225.1	230	3699
GCF_000019685.1	31	1558
GCF_000019705.1	30	1204
GCF_000019845.1	297	3924
GCF_000020365.1	328	4935
GCF_000020465.1	110	2496
GCF_000020485.1	154	2429
GCF_000020525.1	168	2748
GCF_000020685.1	226	3531
GCF_000020725.1	281	4064
GCF_000020945.1	56	1422
GCF_000020965.1	79	1901
GCF_000021645.1	95	1831
GCF_000021945.1	237	3855
GCF_000022145.1	367	4538
GCF_000022305.1	265	3585
GCF_000022565.1	260	3376
GCF_000022745.1	216	3203
GCF_000023105.1	445	4237
GCF_000023225.1	259	3477
GCF_000023245.1	832	7093
GCF_000023265.1	121	2056
GCF_000023445.1	339	3836
GCF_000023785.1	236	3200
GCF_000023845.1	94	1353
GCF_000023905.1	121	2315
GCF_000024025.1	1069	9071
GCF_000024085.1	147	2623
GCF_000024105.1	116	1860
GCF_000024205.1	318	4346
GCF_000024225.1	110	1363
GCF_000024325.1	158	2500
GCF_000024345.1	909	7099
GCF_000024465.1	135	2571
GCF_000024605.1	139	2220
GCF_000024765.1	130	2376
GCF_000024785.1	398	4980
GCF_000024805.1	480	6902
GCF_000025265.1	655	5972
GCF_000025345.1	399	5128
GCF_000025725.1	248	3063
GCF_000025885.1	107	1907
GCF_000025905.1	170	3036
GCF_000025945.1	152	3182
GCF_000026185.1	255	3720
GCF_000058485.1	541	6062
GCF_000060345.1	199	3428
GCF_000092125.1	223	3711
GCF_000092205.1	192	2692
GCF_000092245.1	189	3137
GCF_000092505.1	161	2087
GCF_000092845.1	138	2862
GCF_000092865.1	310	3725
GCF_000092905.1	212	3298
GCF_000092925.1	376	4532
GCF_000093085.1	221	3354
GCF_000143965.1	226	3330
GCF_000144625.1	395	4290
GCF_000144695.1	135	2374
GCF_000145035.1	204	3884
GCF_000145215.1	144	2360
GCF_000145255.1	187	2934
GCF_000148645.1	255	3800
GCF_000165465.1	133	2134
GCF_000165505.1	177	2968
GCF_000166335.1	142	2289
GCF_000166355.1	179	2629
GCF_000166395.1	263	3624
GCF_000166695.1	157	2674
GCF_000166775.1	153	2589
GCF_000175215.2	314	3852
GCF_000176035.2	608	6661
GCF_000177235.2	295	4321
GCF_000177535.2	124	2233
GCF_000177635.2	201	2632
GCF_000178115.2	205	2855
GCF_000178835.2	302	4268
GCF_000178955.2	354	4805
GCF_000178975.2	295	4712
GCF_000183405.1	126	2141
GCF_000183425.1	231	7672
GCF_000186225.1	237	3283
GCF_000186265.1	225	4246
GCF_000186345.1	200	3678
GCF_000186385.1	209	3333
GCF_000186885.1	223	3394
GCF_000190555.1	147	2768
GCF_000191045.1	68	1562
GCF_000194135.1	83	1751
GCF_000194605.1	276	4030
GCF_000195295.1	180	2933
GCF_000195335.1	116	2238
GCF_000196315.1	130	2678
GCF_000196455.1	168	2544
GCF_000199675.1	169	3155
GCF_000200595.1	56	1669
GCF_000212735.1	482	6820
GCF_000213255.1	228	2952
GCF_000213655.1	304	4325
GCF_000214175.1	415	4556
GCF_000214215.1	319	3522
GCF_000214705.1	235	3588
GCF_000215085.1	336	3945
GCF_000218545.1	255	3204
GCF_000218625.1	130	2361
GCF_000219725.1	214	2888
GCF_000223215.1	143	2893
GCF_000224085.1	258	3405
GCF_000226295.1	158	3058
GCF_000226565.1	202	3467
GCF_000230995.2	525	5948
GCF_000231385.2	351	4485
GCF_000231405.2	199	3042
GCF_000233715.2	333	4652
GCF_000235605.1	503	5491
GCF_000242255.2	219	3190
GCF_000243155.2	360	4166
GCF_000247605.1	334	3654
GCF_000252445.1	266	4290
GCF_000255115.2	381	4648
GCF_000255135.1	105	2069
GCF_000258405.1	186	3142
GCF_000259275.1	45	1767
GCF_000263195.1	310	4305
GCF_000265385.1	193	3175
GCF_000265405.1	238	3804
GCF_000265505.1	188	4041
GCF_000266945.1	393	5363
GCF_000269985.1	763	7615
GCF_000279145.1	165	2912
GCF_000281175.1	230	4102
GCF_000284335.1	50	1525
GCF_000284515.1	245	4076
GCF_000299355.1	247	2995
GCF_000306675.2	225	3689
GCF_000307105.1	329	4626
GCF_000307165.1	158	2415
GCF_000316515.1	133	3377
GCF_000317125.1	375	6198
GCF_000317515.1	392	6758
GCF_000317615.1	128	3812
GCF_000317695.1	316	6134
GCF_000317835.1	293	4404
GCF_000328625.1	152	2571
GCF_000341345.1	184	2915
GCF_000341355.1	59	1335
GCF_000341395.1	198	3567
GCF_000344805.1	570	7232
GCF_000348785.1	282	4254
GCF_000418365.1	152	2402
GCF_000455605.1	135	2720
GCF_000493735.1	166	2319
GCF_000503895.1	217	3393
GCF_000511355.1	378	4517
GCF_000512915.1	157	2507
GCF_000521505.1	381	4359
GCF_000525635.1	1121	8885
GCF_000550785.1	188	2836
GCF_000550805.1	172	2625
GCF_000590555.1	106	1877
GCF_000724625.1	330	4688
GCF_000739085.1	896	7438
GCF_000743945.1	71	1658
GCF_000767055.1	162	2616
GCF_000816185.1	50	3121
GCF_000833575.1	163	2588
GCF_000835165.1	155	2567
GCF_000959365.1	532	6376
GCF_000968055.1	85	1464
GCF_000980835.1	105	2084
GCF_001189295.1	544	8234
GCF_001263205.1	1082	10622
GCF_001267925.1	443	4536
GCF_001277255.1	310	4152
GCF_001431725.1	355	4097
GCF_001513745.1	563	6608
GCF_001553625.1	147	2639
GCF_001561955.1	248	2952
GCF_001602095.1	55	1736
GCF_001618865.1	460	6257
GCF_001632775.1	323	3604
GCF_001636295.1	302	3441
GCF_001653755.1	176	2880
GCF_001663155.1	145	2554
GCF_001693385.1	553	7905
GCF_001693515.2	579	7923
GCF_001701025.1	1194	9829
GCF_001854225.1	86	1356
GCF_001886815.1	251	3840
GCF_001941485.1	138	2202
GCF_001941825.1	587	6641
GCF_001945665.1	42	1312
GCF_001989575.1	103	1749
GCF_002104335.1	53	1887
GCF_002157225.2	480	5812
GCF_002222595.2	251	3010
GCF_002238335.1	61	1755
GCF_002266435.3	499	6534
GCF_002305855.1	587	8204
GCF_002838765.1	133	2436
GCF_002863865.1	307	4179
GCF_002896855.1	348	4118
GCF_003019695.1	76	1615
GCF_003076455.1	257	3759
GCF_003096075.1	236	3629
GCF_003290445.1	80	1929
GCF_003312875.1	1142	8496
GCF_003330725.1	623	6437
GCF_003355515.1	82	1933
GCF_003589925.1	670	6728
GCF_003721225.2	175	2840
GCF_003815775.1	278	4426
GCF_003991135.1	192	3198
GCF_003999255.1	161	2796
GCF_004014775.2	172	2914
GCF_004014855.1	151	2893
GCF_004114935.1	644	8833
GCF_004114955.1	617	7705
GCF_004208415.1	1330	9770
GCF_004214815.1	97	1930
GCF_004299785.2	104	2047
GCF_005083985.2	96	1984
GCF_005116655.2	424	5518
GCF_005377625.1	172	2997
GCF_005843985.1	82	1761
GCF_006542645.1	149	2952
GCF_006542665.1	140	2711
GCF_007858975.2	254	3822
GCF_008247605.1	223	3321
GCF_008254045.1	514	8208
GCF_008327825.1	97	1983
GCF_008369785.1	75	1982
GCF_009026825.1	115	2038
GCF_009193325.2	254	4225
GCF_009688945.1	466	6438
GCF_009720525.1	322	6249
GCF_009720625.1	425	5312
GCF_009762775.1	459	6321
GCF_009910365.1	179	2812
GCF_010093065.1	555	6248
GCF_011455495.1	107	1982
GCF_011455875.1	138	2030
GCF_011516645.4	698	10316
GCF_012113595.1	351	5110
GCF_012222965.1	45	1590
GCF_012295615.1	222	3263
GCF_012849095.1	912	7155
GCF_012913305.1	235	3674
GCF_013128195.2	584	8222
GCF_013201605.1	64	1635
GCF_013201645.1	74	1747
GCF_013201705.1	139	2397
GCF_013201895.1	80	1848
GCF_013315815.1	122	1892
GCF_013372105.1	57	1626
GCF_013372205.1	76	1823
GCF_013376475.1	299	3611
GCF_013388295.1	65	1358
GCF_014041995.1	150	2267
GCF_014075995.1	302	5377
GCF_014541205.1	113	2060
GCF_015097275.1	206	3246
GCF_015624505.1	605	7140
GCF_015689335.1	484	6444
GCF_016127355.1	89	2225
GCF_016613535.2	182	3444
GCF_016725245.1	186	2467
GCF_016767175.1	140	2225
GCF_017377355.1	383	5900
GCF_017868935.1	343	4222
GCF_018324385.1	126	2441
GCF_018885265.1	789	7074
GCF_019063885.1	362	4185
GCF_019175365.1	901	7882
GCF_019904175.1	1281	10720
GCF_020091585.1	453	8203
GCF_020162295.1	108	2321
GCF_020386615.1	544	5709
GCF_020792675.1	295	3645
GCF_020911905.1	251	3628
GCF_021389975.1	507	5684
GCF_021391495.1	915	8084
GCF_021922925.1	277	3048
GCF_021952865.1	231	3045
GCF_022814725.1	161	3305
GCF_024453815.1	132	2183
GCF_024453835.1	119	2201
GCF_024707545.1	618	7348
GCF_025137375.1	982	9599
GCF_025145845.1	193	3226
GCF_025149125.1	636	5671
GCF_025151385.1	136	2687
GCF_025152405.1	195	2516
GCF_025264685.1	698	7695
GCF_027627435.1	823	8196
GCF_028609805.1	111	2003
GCF_028609825.1	122	2143
GCF_028622115.1	1170	9652
GCF_030252345.1	902	8709
GCF_030408815.1	170	2617
GCF_030408855.1	151	2383
GCF_030440535.1	106	1861
GCF_030440555.1	88	1629
GCF_030440575.1	133	2220
GCF_030506285.1	399	5854
GCF_036632915.2	210	2866
GCF_037055315.1	212	2979
GCF_038396765.1	476	5367
GCF_040571325.1	693	7227
GCF_040581405.1	203	3242
GCF_041892135.1	273	3455
GCF_041897805.1	764	7434
GCF_043575855.1	1352	11040
GCF_045016065.1	430	6315
GCF_045571495.1	516	7116
GCF_045788535.1	175	3396
GCF_046058945.1	169	2175
GCF_047345005.1	629	6499
GCF_047456285.1	326	3787
GCF_048565275.1	600	8615
GCF_900187255.1	73	2375
GCF_900475835.1	179	2512
GCF_900476035.1	99	1888
GCF_900476045.1	108	1664
GCF_900636745.1	127	2240
GCF_900637975.1	217	2907
GCF_948472415.1	708	7404
GCF_964642095.1	116	2496
GCF_000009905.1	219	3316
GCF_000011245.1	244	3546
GCF_000012305.1	100	2215
GCF_000012485.1	117	2182
GCF_000012885.1	188	3213
GCF_000012965.1	118	2169
GCF_000013405.1	149	2909
GCF_000013665.1	303	4097
GCF_000013705.1	157	2826
GCF_000013765.1	239	3867
GCF_000013885.1	238	4909
GCF_000013985.1	233	3287
GCF_000014965.1	243	3997
GCF_000015045.1	229	3886
GCF_000015245.1	260	3700
GCF_000015285.1	206	3855
GCF_000015305.1	515	6194
GCF_000015505.1	326	5151
GCF_000016425.1	402	4718
GCF_000016785.1	91	1827
GCF_000017265.1	312	4318
GCF_000017565.1	288	3697
GCF_000017805.1	239	4594
GCF_000017865.1	115	2092
GCF_000018025.1	373	4594
GCF_000018605.1	93	4199
GCF_000019185.1	296	4370
GCF_000019965.1	378	4645
GCF_000020005.1	171	3006
GCF_000020625.1	105	2368
GCF_000021545.1	83	1729
GCF_000021565.1	101	2067
GCF_000021685.1	120	2590
GCF_000021745.1	277	3933
GCF_000021805.1	202	4524
GCF_000022085.1	677	8672
GCF_000023065.1	275	3170
GCF_000023465.1	298	4482
GCF_000023705.1	154	2335
GCF_000023825.1	355	4235
GCF_000024125.1	157	3100
GCF_000024365.1	445	5477
GCF_000024385.1	475	4950
GCF_000024525.1	549	7004
GCF_000024545.1	837	6520
GCF_000024725.1	193	3950
GCF_000024865.1	1204	9282
GCF_000024885.1	137	2296
GCF_000024925.1	384	3725
GCF_000024965.1	282	3475
GCF_000024985.1	193	3496
GCF_000025005.1	179	2875
GCF_000025605.1	67	1607
GCF_000025645.1	168	2409
GCF_000025705.1	163	2981
GCF_000091325.1	252	4004
GCF_000092105.1	192	4062
GCF_000092405.1	144	2366
GCF_000092425.1	151	6171
GCF_000092645.1	331	3575
GCF_000092825.1	165	3072
GCF_000143085.1	128	3146
GCF_000143985.1	410	4303
GCF_000144645.1	167	2286
GCF_000147355.1	100	2185
GCF_000147695.2	190	2740
GCF_000152825.2	166	2682
GCF_000153485.2	214	3797
GCF_000154785.2	332	4549
GCF_000155675.2	303	5082
GCF_000155735.2	307	5924
GCF_000165715.2	244	4659
GCF_000166135.1	754	7197
GCF_000175295.2	146	2339
GCF_000176915.2	236	3350
GCF_000179915.2	358	4228
GCF_000183135.1	188	2972
GCF_000183725.1	169	2825
GCF_000183745.1	104	2411
GCF_000184345.1	173	2328
GCF_000184705.1	152	2383
GCF_000185805.1	83	1840
GCF_000186245.1	91	2151
GCF_000189775.2	154	2437
GCF_000190435.1	241	3056
GCF_000190575.1	192	3742
GCF_000190635.1	277	3334
GCF_000190735.1	227	3817
GCF_000192745.1	327	4472
GCF_000195275.1	168	2779
GCF_000196355.1	146	2905
GCF_000196535.1	107	1840
GCF_000204155.1	569	6048
GCF_000212375.1	72	1677
GCF_000212395.1	73	1872
GCF_000212415.1	214	2594
GCF_000213235.1	208	2634
GCF_000214825.1	82	1680
GCF_000217655.1	55	986
GCF_000217795.1	121	2239
GCF_000217815.1	89	2030
GCF_000218895.1	435	5866
GCF_000227705.2	331	4078
GCF_000227745.2	264	4605
GCF_000236685.1	267	3223
GCF_000236705.1	192	3492
GCF_000237305.1	822	7159
GCF_000238255.3	355	4203
GCF_000242335.1	116	2591
GCF_000242455.2	463	7339
GCF_000242595.2	200	2817
GCF_000242635.2	277	4418
GCF_000243115.2	236	3808
GCF_000246855.1	676	7165
GCF_000265295.1	153	2520
GCF_000265425.1	291	4290
GCF_000270245.1	516	5189
GCF_000284115.1	132	3117
GCF_000297055.2	167	3089
GCF_000305935.1	154	2891
GCF_000306785.1	452	5346
GCF_000317105.1	324	6106
GCF_000317475.1	418	7062
GCF_000317575.1	286	5023
GCF_000321415.2	181	3770
GCF_000327045.1	177	3729
GCF_000328705.1	993	8456
GCF_000332115.1	160	3445
GCF_000348725.1	152	2607
GCF_000444995.1	372	4663
GCF_000504085.1	115	2105
GCF_000507245.1	241	3309
GCF_000512205.2	530	6248
GCF_000512735.1	67	1634
GCF_000619905.2	137	2870
GCF_000734015.1	84	1768
GCF_000758665.1	841	6933
GCF_000758705.1	745	6212
GCF_000802245.2	630	6409
GCF_000816845.1	654	7101
GCF_000941055.1	142	2847
GCF_000973085.1	79	1275
GCF_000974425.1	411	5732
GCF_001456355.1	386	4551
GCF_001535545.1	105	2216
GCF_001611795.1	851	8154
GCF_001636015.1	94	2215
GCF_001653335.1	294	4127
GCF_001687565.2	219	3697
GCF_001717955.1	391	4957
GCF_001723605.1	214	3016
GCF_001886715.1	706	6638
GCF_001932615.1	133	2085
GCF_002028405.1	212	3095
GCF_002117005.1	133	2398
GCF_002192415.1	874	7706
GCF_002216145.1	120	2396
GCF_002278035.1	459	5318
GCF_002310495.1	302	3802
GCF_002310795.1	265	3627
GCF_002813555.1	37	1143
GCF_002831565.1	517	7640
GCF_002946835.1	772	8083
GCF_003030465.1	238	3477
GCF_003054555.1	795	7767
GCF_003240565.2	446	5678
GCF_003258605.2	567	6023
GCF_003261055.1	906	8842
GCF_003325355.1	464	5912
GCF_003344965.1	807	7106
GCF_003367315.1	305	3414
GCF_003555545.1	540	6445
GCF_003576455.2	477	5928
GCF_003589885.1	644	6247
GCF_003627135.1	128	1866
GCF_003675325.1	718	7161
GCF_003718735.1	169	2542
GCF_003955715.1	1088	9424
GCF_003963535.1	999	9471
GCF_004011135.1	366	3981
GCF_004102045.2	111	1653
GCF_004803895.1	869	8116
GCF_005144635.2	637	9639
GCF_005144885.1	688	6963
GCF_006385555.1	261	3957
GCF_007475525.1	81	2055
GCF_007856155.1	685	6591
GCF_008000995.1	496	4685
GCF_008065135.1	287	5769
GCF_008704395.1	720	6907
GCF_008704445.1	689	6605
GCF_008704715.1	978	8620
GCF_008704935.1	697	6916
GCF_008705135.1	929	8412
GCF_009184865.1	940	9056
GCF_009363075.1	643	6235
GCF_009497075.1	1373	10338
GCF_009498035.1	1167	9384
GCF_009498275.1	827	7638
GCF_009664085.1	149	2708
GCF_009728935.1	764	7218
GCF_009796285.1	964	8953
GCF_010365285.1	652	6667
GCF_010681825.2	117	2787
GCF_010725485.1	477	5689
GCF_011604685.1	549	7125
GCF_011694815.1	732	6641
GCF_012317585.1	86	1799
GCF_013155125.1	762	7072
GCF_013282725.1	316	4033
GCF_013744875.1	847	7580
GCF_014117325.1	629	7461
GCF_014268375.2	526	5601
GCF_014268585.2	493	5458
GCF_014268755.2	647	6309
GCF_014295035.1	759	6623
GCF_014334095.1	177	3000
GCF_014397115.1	273	2967
GCF_014489615.1	712	6746
GCF_014489635.1	978	8548
GCF_014680085.1	480	5866
GCF_014701095.1	679	6861
GCF_015277895.1	278	3121
GCF_016126655.1	144	2017
GCF_016134045.1	280	3989
GCF_016598615.1	1148	9930
GCF_016725645.1	340	4315
GCF_017068395.1	929	9060
GCF_017310505.1	86	2061
GCF_017357245.1	611	6082
GCF_017945865.1	109	1656
GCF_018069625.1	1095	8606
GCF_018127785.1	122	2578
GCF_018324255.1	699	7317
GCF_018604545.1	841	7700
GCF_019222765.1	929	8239
GCF_019285775.1	291	3891
GCF_019397265.1	1033	8529
GCF_019456675.1	489	5965
GCF_019599145.1	940	9049
GCF_019645835.1	402	5331
GCF_019722725.1	235	3290
GCF_019797845.1	388	4572
GCF_020097375.1	66	1729
GCF_020616555.1	999	9137
GCF_020740535.1	691	6222
GCF_020809405.1	299	3926
GCF_021441825.1	948	7855
GCF_022374875.2	503	5867
GCF_022631235.3	118	2613
GCF_022699385.1	745	6581
GCF_022749495.1	141	2617
GCF_022749515.1	106	2450
GCF_022809775.1	256	3354
GCF_022870945.1	136	2519
GCF_023498005.1	1029	8637
GCF_024346755.1	368	4631
GCF_024347055.1	404	4860
GCF_024347575.1	390	4237
GCF_024600715.1	564	5993
GCF_025149465.1	175	2369
GCF_025215495.1	268	3823
GCF_025264625.1	433	5554
GCF_025642135.1	891	8450
GCF_025642175.1	775	7726
GCF_027625935.1	997	8825
GCF_027924405.1	759	6660
GCF_027946175.1	78	1993
GCF_029024945.1	205	2659
GCF_030406725.1	133	2742
GCF_031679605.1	1006	8331
GCF_032108445.1	682	6488
GCF_034120055.1	348	3642
GCF_037157775.1	874	10663
GCF_037157805.1	941	10667
GCF_037157815.1	837	9760
GCF_038024095.1	129	2322
GCF_038443385.1	373	6550
GCF_040529335.1	847	7716
GCF_044501185.1	323	4639
GCF_045519255.1	725	6911
GCF_045822005.1	872	8594
GCF_047758745.1	325	4402
GCF_048300925.1	159	2915
GCF_048500665.1	698	6670
GCF_052056485.1	695	5925
GCF_052828665.1	1072	9048
GCF_900186985.1	149	2407
GCF_900187065.1	318	4684
GCF_900476055.1	134	1999
GCF_900637075.1	160	2026
GCF_900637325.1	125	2133
GCF_900637575.1	240	2778
GCF_900660495.1	20	798
GCF_000014865.1	277	3871
GCF_000016285.1	472	5821
GCF_000021825.1	281	5929
GCF_000147335.1	335	7011
GCF_000299335.2	302	3772
GCF_000785705.2	283	4770
GCF_000830985.1	263	4032
GCF_000960975.1	418	4494
GCF_001021975.1	263	4125
GCF_001278055.1	225	3576
GCF_001523745.2	489	5854
GCF_001524445.2	526	6665
GCF_001620265.1	375	5066
GCF_001644645.1	325	4925
GCF_001648155.1	328	4349
GCF_001651805.1	389	4539
GCF_001660485.1	370	3945
GCF_001676705.1	525	5164
GCF_001676725.1	536	5322
GCF_001688725.2	233	4076
GCF_001689125.2	538	4823
GCF_001696605.3	209	3757
GCF_001729245.1	352	4125
GCF_001746835.1	226	3545
GCF_001750105.1	193	3313
GCF_001854125.1	255	3767
GCF_001857965.1	190	3163
GCF_001866075.4	305	5242
GCF_001889165.1	293	4168
GCF_001889605.1	375	5220
GCF_001913155.1	205	3676
GCF_001999965.1	156	2941
GCF_002056295.1	274	3698
GCF_002075285.3	273	5211
GCF_002076895.1	262	3896
GCF_002158865.1	255	3866
GCF_002407185.1	252	3362
GCF_002499975.2	216	3755
GCF_002741015.1	705	9277
GCF_002886045.1	368	4583
GCF_002953195.1	323	4174
GCF_003015185.1	337	4666
GCF_003024155.1	227	3846
GCF_003076475.1	275	3780
GCF_003096015.2	203	3179
GCF_003096035.1	247	3544
GCF_003100395.1	292	3784
GCF_003122385.1	349	4887
GCF_003149515.1	239	4542
GCF_003173735.1	363	5215
GCF_003173755.1	442	5679
GCF_003260975.1	329	4779
GCF_003268655.1	356	4018
GCF_003269425.1	216	3315
GCF_003312915.1	283	4105
GCF_003325475.1	329	4544
GCF_003344865.1	393	5587
GCF_003351745.1	222	3385
GCF_003352165.1	223	3859
GCF_003367375.1	291	3806
GCF_003403075.1	345	4206
GCF_003594935.2	439	4744
GCF_003600625.1	235	3446
GCF_003611035.1	396	4045
GCF_003855095.1	481	5401
GCF_003952345.1	189	3371
GCF_003952725.1	321	4205
GCF_003963515.1	299	3843
GCF_003991565.1	310	4260
GCF_004015185.1	498	5666
GCF_004102025.1	249	3323
GCF_004103715.1	269	3613
GCF_004295645.1	303	4122
GCF_004300825.1	237	3618
GCF_004322855.1	337	4251
GCF_004355185.1	190	4455
GCF_004355225.1	174	3493
GCF_004564355.1	372	3705
GCF_004798685.1	274	3452
GCF_004802635.2	245	4297
GCF_005116675.2	333	4805
GCF_005155025.1	337	3982
GCF_005281475.1	309	4751
GCF_005484965.1	352	4486
GCF_005671395.1	425	4809
GCF_006065315.1	231	4363
GCF_006337165.1	199	4175
GCF_006351925.1	227	3550
GCF_006352065.1	286	3787
GCF_006385595.1	368	4149
GCF_006547045.1	211	3394
GCF_006575665.1	278	4285
GCF_006974145.1	220	3707
GCF_007197735.1	202	3389
GCF_007197755.1	352	4151
GCF_007362775.1	415	4713
GCF_007431345.1	338	4764
GCF_007748115.1	280	5197
GCF_007859675.1	389	3843
GCF_007970665.1	417	5210
GCF_007970805.1	194	4347
GCF_007971025.1	318	4900
GCF_007971385.1	338	4958
GCF_008000935.1	250	3642
GCF_008033135.1	268	4136
GCF_008122265.1	275	4000
GCF_008275125.1	288	3987
GCF_008329985.2	375	4211
GCF_008632455.1	215	4030
GCF_008728635.1	168	3765
GCF_008728835.1	400	5211
GCF_008728855.1	407	5361
GCF_009193295.2	290	4364
GCF_009363855.1	248	3585
GCF_009650095.1	415	4709
GCF_009738185.1	350	4264
GCF_009739515.1	262	4304
GCF_009834025.1	294	3812
GCF_009834345.1	412	4824
GCF_009834925.2	474	3518
GCF_009856625.1	359	4094
GCF_009901525.1	255	4619
GCF_009931615.1	281	3901
GCF_010448835.1	242	4056
GCF_010669285.1	294	4273
GCF_010727945.1	350	4986
GCF_010728725.1	450	5829
GCF_010730195.1	428	5728
GCF_010730355.1	478	5879
GCF_010730575.1	391	5528
GCF_010730745.1	346	4676
GCF_010731535.1	282	4748
GCF_010731635.1	302	4540
GCF_010731655.1	416	5722
GCF_010731775.1	398	5768
GCF_011388215.1	374	4318
GCF_011617245.1	352	3652
GCF_012295575.1	273	3587
GCF_012849215.1	280	4354
GCF_012849375.1	598	5897
GCF_012849555.1	367	5335
GCF_012913485.1	315	5230
GCF_013004105.1	306	4415
GCF_013200955.2	291	4033
GCF_013283875.1	324	5144
GCF_013307435.2	461	5684
GCF_013376455.1	334	4011
GCF_013389455.1	232	3476
GCF_014107495.1	597	5910
GCF_014168535.1	214	4276
GCF_014217805.1	271	4887
GCF_014217835.1	421	5267
GCF_014250515.1	206	3813
GCF_014274465.1	461	5311
GCF_014274685.1	266	3539
GCF_014297575.1	350	4293
GCF_014395975.1	441	4612
GCF_014495845.1	441	5731
GCF_014524565.1	212	3586
GCF_014805825.1	358	4054
GCF_015101885.1	310	4710
GCF_015240255.1	294	3576
GCF_015277855.1	336	3495
GCF_015476115.1	165	3490
GCF_016406105.1	325	4377
GCF_016469335.1	196	3381
GCF_016638705.1	474	5283
GCF_016772275.1	333	4196
GCF_016858125.1	289	3754
GCF_017068455.1	267	3636
GCF_017309675.2	197	3437
GCF_017487405.1	276	3900
GCF_017569925.1	399	4720
GCF_017815515.1	288	3627
GCF_018389385.1	221	3970
GCF_018595675.2	277	4318
GCF_018595685.2	225	3719
GCF_018736085.1	351	5325
GCF_018986915.1	347	4160
GCF_019186805.1	321	4424
GCF_019464535.1	239	3419
GCF_019504385.1	370	4213
GCF_019679435.2	366	4649
GCF_019884785.1	336	4106
GCF_019891175.1	323	5607
GCF_019933155.2	440	5239
GCF_019977655.1	481	5530
GCF_020042285.1	169	3173
GCF_020042345.1	275	3767
GCF_020215665.1	673	5595
GCF_020463795.1	315	4595
GCF_020519665.1	225	4133
GCF_020526085.1	479	5161
GCF_020715685.1	313	4307
GCF_020923435.1	400	4734
GCF_021018745.1	293	4936
GCF_021049305.1	344	4202
GCF_021117405.1	243	3425
GCF_021117425.1	407	3917
GCF_021165955.1	386	4860
GCF_021172045.1	487	5742
GCF_021278965.1	401	5051
GCF_021389955.1	399	5370
GCF_021398215.2	279	3364
GCF_021590045.1	260	3418
GCF_021650975.2	227	4197
GCF_022374895.2	456	5711
GCF_022807975.1	259	3639
GCF_022867795.2	481	5104
GCF_022919095.1	331	4295
GCF_022919115.1	370	4266
GCF_022919575.1	376	4410
GCF_022919835.1	350	4842
GCF_022921115.1	266	4302
GCF_023008245.1	200	3542
GCF_023169945.1	409	5889
GCF_023169965.1	252	4026
GCF_023195775.1	185	3296
GCF_023272795.1	363	4708
GCF_023373525.1	342	3870
GCF_023516435.1	336	3837
GCF_023517775.1	302	4177
GCF_023746555.1	472	5456
GCF_023746615.1	420	4860
GCF_023821985.2	438	5095
GCF_023822005.2	448	5251
GCF_024347255.1	364	4359
GCF_024508275.1	324	3746
GCF_024508315.1	297	3802
GCF_025136295.1	409	4080
GCF_025264665.1	267	3677
GCF_025273675.1	316	4448
GCF_025857195.1	468	5188
GCF_026247885.1	206	4087
GCF_026314945.1	292	4562
GCF_026810365.1	208	3473
GCF_026870155.1	313	4382
GCF_026870175.2	259	3879
GCF_026898155.1	377	5783
GCF_027111255.2	358	4457
GCF_027111275.1	350	4465
GCF_027111295.1	400	4912
GCF_027111315.2	210	3680
GCF_027111335.1	284	4063
GCF_027111355.2	206	3211
GCF_027186265.1	270	3682
GCF_027359925.1	219	4346
GCF_028416635.1	667	5835
GCF_029625215.1	248	3780
GCF_029625295.1	329	4243
GCF_029869925.1	211	3625
GCF_030064165.1	398	4853
GCF_030177755.1	273	3940
GCF_030296615.1	446	5001
GCF_030490285.1	259	4265
GCF_030503875.2	217	3466
GCF_030758975.1	410	5326
GCF_030845175.1	302	3487
GCF_030864005.1	664	6156
GCF_031432975.1	412	4713
GCF_032814565.1	212	3341
GCF_034627025.1	574	7100
GCF_035320885.1	404	6514
GCF_036416795.1	318	5027
GCF_038098645.1	266	4085
GCF_038396755.1	429	5140
GCF_041320605.1	213	3823
GCF_042850945.1	342	5044
GCF_043587585.2	315	4551
GCF_045689235.1	172	3486
GCF_045689245.1	182	3414
GCF_047456275.1	345	3766
GCF_049860565.1	316	4077
GCF_900130075.1	262	3531
GCF_900187095.1	120	3405
GCF_900292015.1	322	4767
GCF_900637665.1	372	5062
GCF_902813185.1	230	3991
GCF_963378075.1	288	3950
GCF_963378085.1	391	4942
GCF_963378095.1	416	5148
GCF_963378105.1	342	4398
GCF_000214155.1	317	4386
GCF_000612505.1	498	4855
GCF_000746025.2	250	3842
GCF_000758685.1	537	5227
GCF_000769405.2	719	6848
GCF_000803645.1	402	4958
GCF_000807775.2	490	4879
GCF_000828635.1	231	3640
GCF_000934605.2	499	4977
GCF_000961095.1	537	5172
GCF_001078055.1	175	3857
GCF_001263175.1	248	3676
GCF_001294575.1	420	4633
GCF_001443605.1	251	3800
GCF_001586255.1	266	3735
GCF_001644605.1	404	4460
GCF_001654455.1	332	4623
GCF_001975705.1	394	5142
GCF_002085925.2	306	4187
GCF_002117105.1	279	4033
GCF_002162355.1	312	4558
GCF_002243515.1	252	3895
GCF_002277955.1	190	3377
GCF_002764115.1	529	6095
GCF_002893765.1	173	3595
GCF_002951615.1	444	5039
GCF_003008535.1	230	3557
GCF_003028855.1	428	5546
GCF_003058465.1	197	3802
GCF_003130705.1	694	7488
GCF_003268595.1	257	3592
GCF_003351765.1	236	3607
GCF_003352005.1	290	3911
GCF_003382565.3	315	4085
GCF_003403095.1	434	4305
GCF_003429285.1	254	3788
GCF_003595175.1	360	4461
GCF_003627755.1	772	7599
GCF_003710085.1	305	3844
GCF_003931855.1	440	4661
GCF_003935895.2	362	4472
GCF_003940825.1	491	5479
GCF_003952225.1	588	5966
GCF_003955735.1	288	4259
GCF_003990335.1	294	4080
GCF_003991425.1	654	5746
GCF_004006175.1	431	4885
GCF_004124235.1	308	4378
GCF_004135975.1	312	4179
GCF_004168365.1	280	4053
GCF_004295345.1	287	3935
GCF_004322775.1	269	3798
GCF_004323735.1	495	5010
GCF_004337365.2	311	4063
GCF_004347775.1	193	3951
GCF_004421105.1	190	3835
GCF_004564375.1	323	3923
GCF_004683965.1	300	3871
GCF_005280735.1	830	7791
GCF_005473905.2	222	3812
GCF_005577435.1	313	4121
GCF_005862305.2	745	7263
GCF_005887635.2	455	4809
GCF_006228385.1	218	3727
GCF_006494815.1	311	4316
GCF_006542275.1	462	4663
GCF_006738645.1	385	5509
GCF_006965545.2	298	3931
GCF_006970865.1	298	4238
GCF_006974105.1	365	4343
GCF_007004545.3	371	4906
GCF_007197555.1	405	5655
GCF_007197575.1	278	3770
GCF_007559025.1	281	3625
GCF_007833215.1	308	3940
GCF_007922615.2	416	4708
GCF_007971225.1	311	4658
GCF_008329965.1	281	3588
GCF_008727715.1	542	5744
GCF_008727795.1	278	3841
GCF_008761635.1	302	3877
GCF_008973485.1	281	4123
GCF_009557615.1	292	3617
GCF_009708215.1	518	5174
GCF_009740285.1	197	3998
GCF_009762325.1	286	3819
GCF_009762795.1	299	3545
GCF_009792295.1	216	3262
GCF_009792355.1	250	3922
GCF_009817885.1	414	4681
GCF_009831415.1	332	4218
GCF_009905215.1	205	3146
GCF_009906855.1	513	5440
GCF_009913235.1	184	3636
GCF_009931655.1	180	4100
GCF_010092985.1	172	3725
GCF_010119935.1	609	5810
GCF_010725725.1	394	5330
GCF_010725885.1	598	6081
GCF_010726245.1	454	5681
GCF_010726955.1	261	3973
GCF_010728155.1	242	3969
GCF_010729305.1	442	5522
GCF_010729485.1	273	4074
GCF_010729665.1	482	5619
GCF_010729895.1	435	5516
GCF_010731595.1	372	5148
GCF_010731615.1	289	8533
GCF_011009015.1	342	6105
GCF_011046535.1	423	5117
GCF_011057975.1	239	3806
GCF_011420305.2	263	4050
GCF_011492945.1	312	4609
GCF_011492965.1	279	4603
GCF_012584515.1	223	3459
GCF_012849055.1	300	5176
GCF_012932215.1	263	3798
GCF_013003965.1	293	4304
GCF_013003985.1	220	3813
GCF_013177455.1	301	4135
GCF_013285385.1	353	4485
GCF_013374995.1	531	5738
GCF_013394595.1	213	3880
GCF_013394655.1	217	3927
GCF_013466985.1	348	4923
GCF_014126825.1	307	4031
GCF_014235185.1	614	6343
GCF_014268275.3	570	5722
GCF_014268445.2	546	5863
GCF_014268485.2	542	5819
GCF_014268595.2	473	5287
GCF_014268885.2	465	4948
GCF_014269225.2	454	4871
GCF_014287515.2	282	3581
GCF_014337215.1	340	3606
GCF_014489595.1	439	4488
GCF_014692875.1	367	4911
GCF_014863585.1	554	5831
GCF_014863605.1	551	6005
GCF_014946775.2	332	4018
GCF_014960965.1	397	3906
GCF_015500095.1	387	4864
GCF_015644725.1	177	3396
GCF_015679185.1	296	4418
GCF_015679265.1	293	4172
GCF_016132545.1	262	3690
GCF_016653635.2	456	7090
GCF_016743815.1	260	4121
GCF_016772315.1	206	3997
GCF_016807805.1	499	6376
GCF_016925535.1	277	3405
GCF_016925615.1	459	5159
GCF_017355405.1	321	4543
GCF_017498525.1	250	4098
GCF_017569225.1	356	3987
GCF_018135625.1	475	5126
GCF_018141425.1	478	4797
GCF_018141445.1	542	5246
GCF_018223345.1	202	3391
GCF_018278905.1	309	4506
GCF_018279705.1	384	5584
GCF_018316795.1	598	5637
GCF_018388425.1	250	3582
GCF_018437505.1	647	5418
GCF_018459925.1	345	4456
GCF_018968705.1	431	4977
GCF_019039255.1	374	4904
GCF_019139535.1	459	4854
GCF_019139675.1	473	5044
GCF_019139795.1	528	5579
GCF_019139815.1	545	5543
GCF_019139835.1	495	5238
GCF_019139895.1	514	5374
GCF_019141525.1	532	5629
GCF_019263705.2	588	6165
GCF_019456655.1	483	5710
GCF_019891395.1	345	3823
GCF_019900845.1	258	3843
GCF_019930585.1	278	4110
GCF_020883455.1	291	3885
GCF_020991065.1	356	4328
GCF_021044565.1	358	3965
GCF_021049245.1	311	4014
GCF_021049285.1	419	3809
GCF_021172065.1	390	4594
GCF_021183825.1	359	4311
GCF_021184025.1	399	5156
GCF_021216675.1	468	5261
GCF_021227995.1	436	5176
GCF_021233055.1	460	6095
GCF_021432765.1	275	3697
GCF_021560035.1	264	3789
GCF_022059845.1	445	6137
GCF_022200785.1	304	4114
GCF_022267555.1	177	3294
GCF_022370635.2	482	6033
GCF_022370835.2	259	3736
GCF_022374935.2	367	4630
GCF_022760175.1	268	3354
GCF_022846615.1	272	5216
GCF_022870745.1	371	4311
GCF_023556315.2	219	3508
GCF_023923205.1	248	3474
GCF_023983615.1	237	4150
GCF_024112395.2	631	5991
GCF_024220175.1	420	5033
GCF_025345565.1	291	3602
GCF_025398155.2	417	5118
GCF_025639805.1	248	3824
GCF_026191725.2	557	5451
GCF_026278245.1	194	4256
GCF_026278345.1	273	4644
GCF_026810445.1	438	5166
GCF_026898135.2	536	5700
GCF_027625475.1	326	4177
GCF_027923765.1	293	3474
GCF_028607085.1	289	4178
GCF_028735875.1	335	4082
GCF_028736175.1	340	4161
GCF_028747805.1	315	3918
GCF_029277445.1	523	6066
GCF_029323795.1	307	4139
GCF_029542625.1	308	3889
GCF_030252245.1	295	4010
GCF_030254645.1	433	4860
GCF_030263935.1	364	4545
GCF_030271835.1	268	3642
GCF_030315915.2	284	3424
GCF_030369675.1	359	4121
GCF_030413595.1	271	3822
GCF_030549525.1	331	4195
GCF_030845195.1	207	3303
GCF_030863885.1	308	4541
GCF_031583595.1	289	3937
GCF_031599675.1	639	5647
GCF_032191775.1	287	3661
GCF_032268605.1	526	5621
GCF_032911225.1	245	3969
GCF_033170385.1	321	4236
GCF_033954455.1	253	4926
GCF_034259205.1	199	4124
GCF_034661175.1	350	4184
GCF_034661235.1	383	4372
GCF_035621475.1	389	4901
GCF_035930445.1	281	3668
GCF_036670025.1	418	6021
GCF_039652435.2	217	3686
GCF_040024445.1	489	5030
GCF_040105105.1	384	5188
GCF_040529045.1	285	4034
GCF_041428715.1	375	4938
GCF_041428845.1	420	5314
GCF_041953405.1	347	3973
GCF_041953975.1	291	3856
GCF_042756445.1	289	3661
GCF_042853465.1	249	3910
GCF_044501175.1	441	5019
GCF_044501755.1	241	3737
GCF_046237595.1	301	4523
GCF_046237605.1	282	4315
GCF_046237625.1	258	4167
GCF_046237635.1	301	4749
GCF_046237645.1	220	3976
GCF_048629425.1	353	4284
GCF_050469745.1	321	3782
GCF_900217235.1	252	4045
GCF_900637205.1	425	5200
GCF_901538355.1	242	5109
GCF_902459535.1	705	7495
GCF_907165195.1	208	3532
GCF_000008865.2	239	5252
GCF_000219045.1	75	1960
GCF_000240185.1	385	5818
GCF_000577895.1	231	3326
GCF_000732945.1	122	2114
GCF_000747315.1	133	2306
GCF_000817955.1	208	3342
GCF_000827125.1	225	3596
GCF_000831645.3	227	2445
GCF_000963865.1	183	2996
GCF_000981765.1	129	2273
GCF_001017655.1	134	2451
GCF_001020985.1	144	3094
GCF_001021025.1	146	2446
GCF_001021065.1	113	2181
GCF_001027025.1	98	2051
GCF_001050475.1	180	2539
GCF_001077815.2	174	3132
GCF_001277995.1	183	2800
GCF_001509405.1	259	3441
GCF_001543325.1	146	2612
GCF_001553565.1	173	2573
GCF_001564455.1	154	2418
GCF_001611975.1	122	2238
GCF_001643015.1	207	2896
GCF_001644565.1	141	2746
GCF_001663175.1	170	2882
GCF_001663815.1	139	2601
GCF_001678905.1	126	2061
GCF_001693335.1	47	1489
GCF_001697225.1	124	3104
GCF_001701045.1	281	3190
GCF_001704615.3	191	3661
GCF_001747405.1	114	2581
GCF_001856685.1	70	1763
GCF_001886615.1	211	3265
GCF_001889005.1	147	2644
GCF_001941445.1	130	2423
GCF_001941505.1	126	2301
GCF_001953175.1	143	2142
GCF_002005145.1	181	3181
GCF_002021985.1	70	1691
GCF_002165375.2	217	3545
GCF_002216795.1	236	3242
GCF_002240035.1	105	2915
GCF_002327105.1	169	2996
GCF_002892535.1	147	2552
GCF_002952055.1	128	2497
GCF_002998435.1	145	2735
GCF_003024525.3	198	3439
GCF_003055625.1	185	2938
GCF_003065405.1	139	2300
GCF_003065605.1	319	3603
GCF_003070865.1	127	2220
GCF_003070885.1	236	2862
GCF_003097535.1	175	2927
GCF_003130795.1	578	6269
GCF_003143535.1	131	2615
GCF_003148385.1	197	3192
GCF_003173015.1	173	3038
GCF_003233655.1	497	5596
GCF_003325455.1	267	3126
GCF_003347135.1	62	1758
GCF_003355455.1	201	3417
GCF_003366055.1	11	1091
GCF_003600355.1	207	2557
GCF_003710105.1	253	2974
GCF_003813965.1	105	2102
GCF_003813985.1	115	2080
GCF_003814005.1	130	2178
GCF_003860525.1	176	3024
GCF_003860585.1	128	2967
GCF_003955755.1	218	2689
GCF_003971195.1	166	2595
GCF_004010955.1	173	2567
GCF_004022485.1	163	3213
GCF_004028235.1	238	3030
GCF_004101785.1	130	2264
GCF_004103735.1	193	2530
GCF_004114895.1	124	2149
GCF_004151275.2	163	2764
GCF_004208635.1	284	3110
GCF_004571195.1	102	2367
GCF_004795735.1	135	2179
GCF_004798665.1	227	2986
GCF_004803715.2	156	2764
GCF_005144965.1	188	3728
GCF_005280655.1	412	3494
GCF_005849285.1	211	2787
GCF_006337065.1	301	3220
GCF_006542685.1	120	2441
GCF_006965445.1	184	2547
GCF_007164725.1	120	2172
GCF_007559005.1	242	2954
GCF_007795095.1	154	2674
GCF_007904085.1	128	3511
GCF_007954405.1	202	3152
GCF_007993795.1	145	3076
GCF_008014775.2	224	3272
GCF_008152325.1	221	3069
GCF_008365315.1	191	2771
GCF_008630915.1	197	3050
GCF_008805035.1	76	2021
GCF_009557235.1	131	2561
GCF_009649075.1	276	3544
GCF_009649955.1	173	2994
GCF_009650215.1	236	3670
GCF_009734385.1	147	2385
GCF_009734405.1	171	2692
GCF_009734425.1	188	2856
GCF_009913655.1	256	2958
GCF_010378095.2	179	3170
GCF_010669305.1	262	3065
GCF_011038645.2	119	2116
GCF_011038655.2	143	2329
GCF_011100465.1	164	2283
GCF_011290485.1	176	2945
GCF_011299095.1	163	2285
GCF_011405655.1	246	2450
GCF_011578045.1	155	3165
GCF_011578285.1	143	3041
GCF_012222825.1	42	1538
GCF_012277275.1	192	2941
GCF_012563545.1	107	1740
GCF_012931845.1	275	3139
GCF_012955605.1	185	3037
GCF_013004065.1	228	3071
GCF_013177295.1	130	1950
GCF_013177635.1	134	2489
GCF_013177675.1	195	3036
GCF_013184985.2	166	2266
GCF_013201685.1	85	1946
GCF_013201825.1	220	3050
GCF_013201935.1	173	2776
GCF_013260645.1	185	2998
GCF_013265585.1	219	3184
GCF_013403565.1	237	3420
GCF_013423785.1	227	3368
GCF_013745115.1	89	1705
GCF_014023125.1	111	1875
GCF_014058705.1	234	3345
GCF_014069875.1	126	2116
GCF_014126615.1	437	4871
GCF_014217995.1	53	1703
GCF_014262665.1	104	1815
GCF_014295415.1	150	2695
GCF_014334735.1	222	3029
GCF_014337255.1	115	1983
GCF_014396165.1	177	2101
GCF_014467015.1	246	3583
GCF_014467055.1	249	2861
GCF_014522205.1	170	2433
GCF_014672715.2	149	2044
GCF_014898155.1	198	2334
GCF_015159595.1	277	3187
GCF_015265455.1	144	2716
GCF_015265475.1	134	2484
GCF_015708635.1	180	2422
GCF_016593255.1	95	2285
GCF_016598775.1	113	1989
GCF_016656965.1	182	2978
GCF_016724785.1	108	2198
GCF_016904675.1	92	1758
GCF_016918765.2	231	3431
GCF_017086445.1	256	3204
GCF_017338855.1	235	3305
GCF_017347585.1	156	2407
GCF_017352215.1	176	2392
GCF_017487345.1	241	3489
GCF_017948305.1	114	2598
GCF_018118585.1	216	3045
GCF_018279165.1	156	2701
GCF_018406645.1	198	3140
GCF_018853465.2	153	2838
GCF_018905915.1	199	2900
GCF_019203185.1	181	2534
GCF_019203965.1	128	3250
GCF_019355395.1	183	2913
GCF_019443285.1	210	3315
GCF_019613795.1	156	2438
GCF_019703305.1	55	1641
GCF_019916085.1	117	2201
GCF_020025155.1	215	3329
GCF_020229735.1	287	4306
GCF_020410745.1	104	2456
GCF_020535405.1	221	2796
GCF_020616335.1	131	2242
GCF_020616595.1	80	1221
GCF_020886055.1	115	2012
GCF_020886115.1	138	2098
GCF_021117385.1	211	3149
GCF_021310995.1	378	4598
GCF_021442325.1	246	2976
GCF_021919125.1	263	3132
GCF_022655595.1	162	2761
GCF_022701195.1	121	2521
GCF_022869865.1	241	3181
GCF_022919155.1	330	3289
GCF_022919175.1	288	3051
GCF_023022985.1	253	3386
GCF_023634805.2	318	4021
GCF_023824315.1	206	3170
GCF_023921125.1	270	3694
GCF_023973165.1	80	1692
GCF_024172705.1	25	946
GCF_024267655.1	197	2908
GCF_024508335.1	273	3263
GCF_025144665.1	101	2209
GCF_025244825.1	233	3364
GCF_025244925.1	216	3179
GCF_025999835.1	250	3471
GCF_026072915.1	98	2562
GCF_026725475.1	228	3625
GCF_027474525.2	181	2924
GCF_028021195.1	133	2215
GCF_028736235.1	228	2449
GCF_028748065.1	217	3294
GCF_029026145.1	113	2973
GCF_029030725.1	209	3113
GCF_029625335.1	168	2771
GCF_029636725.1	199	2976
GCF_029774155.1	135	2107
GCF_029866485.1	129	2220
GCF_029983095.1	224	2633
GCF_030252185.1	172	2806
GCF_030296055.1	93	2363
GCF_030296655.1	268	3738
GCF_030296775.1	260	2966
GCF_030297015.1	207	2921
GCF_030389495.1	102	1533
GCF_030407165.1	242	3648
GCF_030408575.1	125	2269
GCF_030408595.1	170	2650
GCF_030408715.1	141	2253
GCF_030408735.1	187	2802
GCF_030408795.1	154	2674
GCF_030503675.1	178	3105
GCF_030643905.1	161	2696
GCF_030762805.1	164	2687
GCF_030770295.1	260	2883
GCF_032098525.1	136	2729
GCF_033547075.1	126	2731
GCF_033969665.2	34	1224
GCF_034479635.1	101	2208
GCF_038396635.1	190	2811
GCF_038452275.1	123	2193
GCF_039830095.1	99	1784
GCF_040047665.1	229	3307
GCF_041199985.1	137	2396
GCF_041199995.1	119	2338
GCF_041200005.1	123	2140
GCF_041429775.1	188	2947
GCF_041429785.1	191	3141
GCF_042181575.1	272	3770
GCF_045689595.1	188	2321
GCF_045782605.1	185	3108
GCF_046523945.1	119	2632
GCF_051257895.1	133	2542
GCF_052073645.1	103	2017
GCF_900000005.1	205	3218
GCF_900120165.1	90	1609
GCF_900186965.1	128	2943
GCF_900187215.1	132	2368
GCF_900187355.1	95	2689
GCF_900635775.1	125	2079
GCF_900660755.1	74	1389
GCF_902806995.1	29	998
GCF_902807005.1	30	1001
GCF_940143175.1	146	1785
GCF_940677205.1	116	1979
GCF_951229915.1	84	1861
GCF_963920485.1	111	2804
GCF_964332355.1	268	3227
GCF_000006765.1	987	6148
GCF_000013425.1	69	2769
GCF_000215975.1	74	1653
GCF_000479335.1	129	1858
GCF_000485905.1	109	1880
GCF_000590925.1	187	3498
GCF_000597865.1	150	2947
GCF_000828615.1	165	2993
GCF_000828895.1	158	2378
GCF_000934545.1	136	2881
GCF_000973625.1	91	2064
GCF_001444425.1	182	3052
GCF_001465795.2	246	3438
GCF_001579945.1	226	3101
GCF_001642085.1	164	2044
GCF_001685415.1	228	3381
GCF_001697185.1	165	2809
GCF_001708305.1	156	2132
GCF_001721685.1	235	3401
GCF_001856665.1	261	3724
GCF_001865575.2	620	7139
GCF_001870205.1	149	2131
GCF_001889025.1	129	2379
GCF_001890385.1	241	3995
GCF_001997385.1	117	2305
GCF_001998865.1	244	3587
GCF_002005165.1	269	3595
GCF_002101335.1	148	2303
GCF_002105555.1	147	2886
GCF_002157875.1	135	2605
GCF_002157895.1	171	3019
GCF_002216855.1	149	2448
GCF_002269345.1	149	2597
GCF_002288525.1	478	5771
GCF_002355215.1	168	2006
GCF_002795805.1	147	2420
GCF_002795825.1	121	2231
GCF_002795865.1	157	2899
GCF_002872475.1	183	3136
GCF_002950575.1	103	1700
GCF_002998925.1	86	1683
GCF_003057965.1	72	1762
GCF_003060865.1	288	4095
GCF_003065365.1	85	2013
GCF_003065425.1	254	3016
GCF_003086355.1	171	2240
GCF_003143555.1	182	2943
GCF_003150835.1	139	2656
GCF_003265305.2	80	2325
GCF_003285265.1	209	4166
GCF_003286395.1	339	3949
GCF_003293695.1	122	2500
GCF_003336365.1	252	3699
GCF_003345255.1	175	2878
GCF_003367905.1	173	2445
GCF_003544895.1	236	3554
GCF_003546865.1	161	2386
GCF_003568865.1	184	3053
GCF_003595195.1	164	2562
GCF_003595525.1	151	1943
GCF_003627155.1	121	1873
GCF_003660165.1	254	4002
GCF_003716875.1	267	3661
GCF_003795125.1	192	2264
GCF_003856495.1	166	2692
GCF_003860405.1	199	3059
GCF_003963555.1	133	1815
GCF_003966335.1	119	2606
GCF_003966955.1	112	1563
GCF_003991875.1	286	3305
GCF_004014875.1	223	3017
GCF_004022565.1	235	3370
GCF_004214795.1	152	2601
GCF_004331955.1	236	3453
GCF_004353525.1	224	3204
GCF_004358325.1	185	2674
GCF_004526345.1	225	3601
GCF_004683865.2	342	4778
GCF_004684245.1	137	2603
GCF_004792515.1	134	1954
GCF_005145005.1	151	2023
GCF_005601135.1	157	2315
GCF_005845365.1	78	1342
GCF_005860795.2	336	4161
GCF_005885815.1	96	2126
GCF_006337085.1	156	2464
GCF_006542355.1	93	2039
GCF_006770265.1	166	2043
GCF_006770285.1	184	2201
GCF_007000325.2	483	5688
GCF_007855645.1	277	3762
GCF_007859635.1	219	3430
GCF_007954425.1	188	3061
GCF_007998985.1	138	2200
GCF_008086545.1	45	1223
GCF_008329945.1	266	3459
GCF_008727755.1	249	3048
GCF_008727775.1	357	3521
GCF_008807015.1	105	2219
GCF_008843165.1	231	3252
GCF_009068765.1	121	2440
GCF_009258045.1	83	1893
GCF_009258225.1	127	2394
GCF_009363415.1	284	4004
GCF_009363895.1	191	2981
GCF_009601765.2	202	3212
GCF_009646095.1	235	3458
GCF_009676955.1	143	2762
GCF_009684715.1	90	1855
GCF_009754905.2	189	3419
GCF_009789655.1	759	6997
GCF_009789675.1	754	7026
GCF_009833965.1	101	1999
GCF_009930795.1	199	3106
GCF_009937995.1	189	3394
GCF_011044175.1	173	2991
GCF_011064285.1	340	4179
GCF_011388195.1	205	3017
GCF_011398355.1	134	2597
GCF_011745665.1	184	2375
GCF_012516475.1	172	3226
GCF_012530535.1	167	2473
GCF_012979535.1	163	2817
GCF_013265555.1	150	2596
GCF_013282625.1	124	2352
GCF_013307225.1	93	2051
GCF_013307245.1	103	2206
GCF_013377995.1	117	1994
GCF_013378075.1	231	3542
GCF_013393365.1	99	1913
GCF_013414345.1	181	2501
GCF_014055005.1	135	2614
GCF_014337155.1	211	2706
GCF_014337175.1	289	3284
GCF_014337195.1	267	2841
GCF_014352855.1	154	2484
GCF_014352875.1	189	3041
GCF_014396585.1	158	2656
GCF_014879975.1	471	4878
GCF_014898075.1	128	2528
GCF_014905115.1	130	2422
GCF_014905135.1	106	2094
GCF_014926385.1	114	2038
GCF_014931715.1	106	2153
GCF_015140235.1	199	2306
GCF_015209725.1	127	2577
GCF_015209745.1	116	2522
GCF_015277515.1	170	1930
GCF_015277815.1	276	3368
GCF_015277875.1	267	3405
GCF_015356115.1	147	2307
GCF_015775975.1	178	2503
GCF_016117655.1	148	2459
GCF_016127995.1	103	1744
GCF_016132445.1	165	2609
GCF_016458825.1	193	2362
GCF_016894345.1	130	2889
GCF_016919705.1	315	4318
GCF_017301335.1	214	3355
GCF_017347605.1	138	2662
GCF_017357825.1	159	2681
GCF_017639855.1	142	1908
GCF_017654485.1	300	4603
GCF_017893965.1	156	2295
GCF_017901175.1	213	3700
GCF_017948405.1	164	2715
GCF_018127725.1	134	2003
GCF_018137985.1	166	2149
GCF_018141525.1	236	3393
GCF_018141545.1	320	4576
GCF_018326305.1	205	2379
GCF_018406605.1	175	3142
GCF_018408575.1	196	2455
GCF_018408705.1	343	3424
GCF_018436245.1	279	3651
GCF_018687595.1	66	1720
GCF_018688255.1	94	2080
GCF_019575955.1	170	3804
GCF_019880385.1	273	3433
GCF_020097135.1	141	2299
GCF_020097155.1	154	2461
GCF_020424085.1	268	2868
GCF_020694005.1	302	3351
GCF_020731415.3	470	4811
GCF_020883535.1	132	2218
GCF_020906275.1	209	3473
GCF_020911965.1	128	2964
GCF_021044585.1	111	2530
GCF_021049265.1	277	3230
GCF_021582895.2	340	3987
GCF_021611515.1	285	3227
GCF_021654855.1	115	2248
GCF_022354465.1	91	2200
GCF_022539405.1	181	3108
GCF_022701215.1	85	1916
GCF_022870885.1	106	2445
GCF_023038235.1	491	4948
GCF_023380025.1	146	2811
GCF_023614525.1	112	1813
GCF_023674425.1	161	2808
GCF_023822065.1	338	3967
GCF_024346585.1	135	1985
GCF_024346955.1	344	4308
GCF_024362325.1	180	2552
GCF_024498215.1	23	1088
GCF_024498295.1	121	1834
GCF_024582835.1	298	3850
GCF_025232395.1	109	1968
GCF_026000375.1	240	3192
GCF_026001925.1	249	3316
GCF_026109735.1	159	3072
GCF_026625045.1	183	2574
GCF_027118995.1	190	2557
GCF_027125355.1	126	1938
GCF_027912835.1	224	3467
GCF_027913035.1	259	3745
GCF_027913215.1	243	3525
GCF_028776105.2	83	2051
GCF_029094505.1	314	3430
GCF_029144185.1	186	2123
GCF_029201445.1	106	2293
GCF_029318635.1	180	2839
GCF_029853675.1	146	3197
GCF_029910535.1	113	2265
GCF_030273445.1	169	2471
GCF_030294405.1	204	2751
GCF_030296575.1	230	3276
GCF_030344915.1	221	3642
GCF_030444335.1	132	2382
GCF_030644205.1	94	1630
GCF_030644225.1	102	2236
GCF_030849025.1	256	3337
GCF_030866805.1	299	3238
GCF_033126985.1	127	2750
GCF_034134805.1	132	1982
GCF_034137685.1	109	1874
GCF_036324365.1	195	2657
GCF_036687315.1	248	3243
GCF_037076355.1	150	2213
GCF_037076425.1	129	2172
GCF_037477945.1	177	2483
GCF_038561955.2	171	2597
GCF_040126055.1	208	3648
GCF_040256745.1	133	1982
GCF_040267685.1	187	2934
GCF_040515995.1	158	2653
GCF_041379765.1	142	2834
GCF_041410465.1	139	2861
GCF_042140045.1	117	1867
GCF_043520715.1	197	2722
GCF_045276205.1	8	908
GCF_045865535.1	348	3564
GCF_046097065.1	137	2875
GCF_046774425.1	11	853
GCF_900155645.1	99	1849
GCF_900187285.1	96	1828
GCF_900637855.1	87	2159
GCF_900637915.1	183	2677
GCF_900637955.1	106	1813
GCF_900660635.1	17	816
GCF_900660645.1	17	914
GCF_907164845.1	138	2539
GCF_934924865.1	228	3484
GCF_000007625.1	199	2813
GCF_000007765.2	51	1855
GCF_000008325.1	121	3058
GCF_000008445.1	423	5645
GCF_000009085.1	88	1597
GCF_000009785.1	230	3550
GCF_000018045.1	359	4336
GCF_000018665.1	635	6199
GCF_000019045.1	197	2955
GCF_000019405.1	126	2084
GCF_000019785.1	346	4415
GCF_000020305.1	32	955
GCF_000021905.1	420	5339
GCF_000022725.1	108	1969
GCF_000025125.1	42	1181
GCF_000063585.1	304	3604
GCF_000091785.1	125	3597
GCF_000143725.1	137	2282
GCF_000155515.2	218	2893
GCF_000157355.2	310	3126
GCF_000183665.1	50	1117
GCF_000191145.1	192	3617
GCF_000194115.1	126	1953
GCF_000195555.1	59	1841
GCF_000196035.1	223	2970
GCF_000196615.1	425	4915
GCF_000212675.2	271	3807
GCF_000218855.1	345	3895
GCF_000247715.1	491	5205
GCF_000270085.1	125	1692
GCF_000284275.1	529	6846
GCF_000284635.1	65	2176
GCF_000298875.1	140	1809
GCF_000331715.1	73	1450
GCF_000367205.1	133	2292
GCF_000505725.1	61	1965
GCF_000583855.1	165	2550
GCF_000725405.1	163	2816
GCF_000733715.2	426	5028
GCF_000755585.2	391	3995
GCF_000767275.3	104	2066
GCF_001442745.1	345	4859
GCF_001442805.1	371	5048
GCF_001455085.1	110	2358
GCF_001499615.1	228	3668
GCF_001586235.1	156	2393
GCF_001618845.1	597	6554
GCF_001663675.1	174	2622
GCF_001686985.1	596	6951
GCF_001703515.1	219	2411
GCF_001705075.2	167	3099
GCF_001718335.1	647	6138
GCF_001718895.1	772	7059
GCF_001787355.1	140	2949
GCF_001855275.1	375	4680
GCF_001858005.1	183	3037
GCF_001889445.1	135	2385
GCF_001936235.1	111	1576
GCF_001975955.2	240	2885
GCF_001991075.2	212	3010
GCF_001999945.1	215	3495
GCF_002139825.2	56	1719
GCF_002162115.2	135	2394
GCF_002220155.1	305	4705
GCF_002220195.1	185	2954
GCF_002278015.2	202	2504
GCF_002285935.1	339	4354
GCF_002327205.1	166	2638
GCF_002354875.1	801	6989
GCF_002848365.2	165	3978
GCF_002849875.1	278	4145
GCF_003019655.1	192	3071
GCF_003176915.1	15	969
GCF_003288115.1	181	2218
GCF_003667885.1	308	3949
GCF_003711265.1	75	2206
GCF_003721155.3	256	3311
GCF_003722295.1	340	3998
GCF_003815975.1	398	4799
GCF_003932995.1	337	3697
GCF_003966735.1	261	3360
GCF_004028275.1	122	2409
GCF_004103615.1	427	5014
GCF_004328555.1	286	3991
GCF_004353865.1	382	4721
GCF_004367745.1	501	5062
GCF_005144435.2	506	5853
GCF_005671335.1	343	4180
GCF_006151905.1	235	2670
GCF_006874765.1	246	3986
GCF_007289895.1	294	4062
GCF_007954605.1	110	1751
GCF_008330085.1	474	5433
GCF_008369745.1	345	4575
GCF_008807735.1	407	5720
GCF_008876665.1	110	1693
GCF_009184705.1	218	2532
GCF_009428965.1	104	1676
GCF_009586235.1	838	7558
GCF_009731575.1	94	2382
GCF_009734005.1	232	2849
GCF_009739945.1	398	5316
GCF_009769205.1	125	1959
GCF_009832765.1	206	3006
GCF_009884975.1	281	3676
GCF_011058775.1	77	1208
GCF_011397855.1	502	5568
GCF_011604665.2	499	6517
GCF_011617105.1	347	4283
GCF_011765605.1	146	2406
GCF_012225885.1	325	4156
GCF_012913625.1	601	6284
GCF_013343195.2	124	2443
GCF_013347325.1	526	5158
GCF_013423865.1	137	2097
GCF_014042035.1	376	4150
GCF_014069315.1	181	2503
GCF_014070455.1	392	4848
GCF_014218275.1	269	3942
GCF_014621655.1	126	2659
GCF_014656585.1	141	2093
GCF_014844295.1	118	2744
GCF_014961145.1	88	2031
GCF_015097455.1	259	2995
GCF_015139575.1	535	5607
GCF_015167415.1	418	4725
GCF_015326295.1	401	4535
GCF_015999465.1	245	3376
GCF_016026755.1	408	4726
GCF_016127855.1	220	2611
GCF_016250455.1	157	3160
GCF_016698705.1	816	7025
GCF_016728105.1	169	2689
GCF_016728825.1	673	6405
GCF_016757795.1	226	3064
GCF_016865215.1	166	2425
GCF_017310015.1	241	3832
GCF_017815575.1	203	2982
GCF_017894325.1	107	1795
GCF_017915135.1	486	4992
GCF_018135955.1	67	1915
GCF_018138125.1	194	3067
GCF_018139045.1	551	5488
GCF_018289135.1	310	5385
GCF_018292205.1	286	4598
GCF_018363075.1	238	2680
GCF_018406465.1	282	2876
GCF_018604565.1	243	3476
GCF_018739485.1	446	5682
GCF_018885085.1	361	3624
GCF_018972105.1	71	1850
GCF_019175485.1	454	4058
GCF_019343125.1	221	2607
GCF_019396925.1	325	4074
GCF_019603355.1	272	3748
GCF_019797805.1	145	2441
GCF_019930925.1	91	1599
GCF_020091505.1	328	5041
GCF_020149575.1	288	3893
GCF_020150375.1	367	4467
GCF_020181435.1	343	3258
GCF_020217405.1	387	4542
GCF_020406815.2	331	4137
GCF_020422925.2	41	1066
GCF_020423125.1	304	4052
GCF_020683125.1	413	4706
GCF_020861345.1	390	5635
GCF_020911725.1	296	3448
GCF_021249385.1	181	3329
GCF_021496385.1	312	3322
GCF_022533465.1	330	5002
GCF_023023125.1	396	4497
GCF_023195755.1	222	3548
GCF_023374935.1	444	5103
GCF_023499275.1	151	1986
GCF_023573145.1	608	6594
GCF_023700225.1	299	3611
GCF_024296885.1	419	5626
GCF_024927925.1	225	3247
GCF_025118245.1	322	4104
GCF_025144545.1	162	2121
GCF_026210475.1	504	5039
GCF_027915275.1	206	3206
GCF_028596105.1	337	4452
GCF_028736055.1	265	3536
GCF_029215875.1	665	6404
GCF_029639525.1	395	4590
GCF_029714545.1	658	8321
GCF_029772985.1	337	4303
GCF_029853775.1	148	2375
GCF_029854215.1	303	3828
GCF_029866465.1	543	5132
GCF_029961225.1	135	2099
GCF_029962465.1	311	4364
GCF_030253495.1	266	3287
GCF_030292135.1	447	5965
GCF_030295685.1	261	3484
GCF_030408875.1	144	2360
GCF_030520105.1	154	3641
GCF_030585465.1	429	4628
GCF_030864025.1	270	2807
GCF_030908325.1	388	4433
GCF_031760945.1	283	3668
GCF_032850805.1	130	2544
GCF_033547035.1	764	10386
GCF_035231985.1	136	1969
GCF_035990065.1	153	2378
GCF_036320555.1	313	4439
GCF_036352035.1	634	6051
GCF_036689625.1	102	1490
GCF_038368255.1	242	3684
GCF_039555305.1	64	1389
GCF_039654145.1	268	3696
GCF_039718975.1	422	4654
GCF_040215475.1	840	7515
GCF_040959045.1	143	2294
GCF_041021905.1	308	3789
GCF_041464075.1	360	4398
GCF_042137965.1	534	5459
GCF_042846195.1	244	2751
GCF_043228865.1	227	3416
GCF_043972695.1	402	4399
GCF_044999035.1	762	7561
GCF_045002895.1	270	3073
GCF_045689615.1	357	5010
GCF_045689975.1	228	3263
GCF_045833485.1	328	3860
GCF_046603695.1	311	4105
GCF_047226435.1	304	3487
GCF_047305825.1	241	3061
GCF_047943035.1	327	4428
GCF_048595595.1	169	2683
GCF_900116935.1	145	2431
GCF_900324035.1	596	7736
GCF_900638615.1	95	1676
GCF_904859905.1	411	4979
GCF_905331265.2	422	4763
GCF_946995915.1	420	5210
GCF_947036595.1	215	2787
GCF_949774925.1	86	2249
GCF_949790605.1	317	3167
GCF_963227125.1	253	2539
GCF_000006925.2	191	5142
GCF_000009805.1	615	6000
GCF_000012405.1	253	3106
GCF_000012665.1	249	3309
GCF_000014265.1	274	5424
GCF_000014505.1	140	1755
GCF_000014705.1	294	4084
GCF_000014765.1	123	2746
GCF_000015485.1	219	3087
GCF_000015665.1	52	1884
GCF_000021865.1	230	3676
GCF_000023545.1	318	4020
GCF_000026745.1	146	2086
GCF_000069965.1	260	3730
GCF_000091305.1	922	8830
GCF_000156995.2	410	5120
GCF_000178875.2	316	4570
GCF_000184435.1	429	5551
GCF_000186005.1	27	996
GCF_000196095.1	389	4556
GCF_000196475.1	278	4397
GCF_000196515.1	265	5669
GCF_000214235.1	497	5028
GCF_000219805.1	106	1357
GCF_000221985.1	151	2270
GCF_000222975.1	261	4245
GCF_000226625.1	65	1518
GCF_000233915.3	190	3171
GCF_000238215.1	121	2811
GCF_000250635.1	159	3399
GCF_000253315.1	120	1972
GCF_000253375.1	232	4174
GCF_000258535.2	774	7320
GCF_000261345.2	719	6955
GCF_000277895.2	258	4178
GCF_000280865.2	677	6718
GCF_000307585.2	193	2829
GCF_000309885.1	127	2503
GCF_000317305.3	458	5111
GCF_000336465.1	419	4880
GCF_000376545.2	347	4566
GCF_000487995.2	103	2140
GCF_000498655.1	126	1861
GCF_000522545.2	897	8374
GCF_000696345.2	509	5215
GCF_000696675.2	680	6253
GCF_000709415.1	189	2520
GCF_000783935.2	503	5487
GCF_000785495.1	523	5561
GCF_001020955.1	123	2781
GCF_001281025.1	124	1822
GCF_001281085.1	131	2033
GCF_001399775.1	106	2509
GCF_001465255.1	406	5068
GCF_001483865.1	390	4885
GCF_001558775.1	169	2396
GCF_001559015.1	355	4386
GCF_001587155.1	403	4851
GCF_001590685.1	343	4407
GCF_001606025.1	157	2737
GCF_001611155.1	162	2030
GCF_001617625.1	207	3303
GCF_001660045.1	758	6898
GCF_001664265.1	575	6298
GCF_001664385.1	588	6437
GCF_001702155.1	246	2997
GCF_001708425.1	507	5369
GCF_001742225.1	506	6516
GCF_001874645.1	488	5780
GCF_001878675.1	263	3829
GCF_001908275.1	653	6089
GCF_001951095.1	131	2127
GCF_001984445.1	782	7250
GCF_001999225.1	272	4004
GCF_002073255.2	115	2133
GCF_002080125.1	72	1855
GCF_002082195.1	795	7524
GCF_002127965.1	152	2238
GCF_002157855.1	290	4272
GCF_002285515.1	305	4521
GCF_002370195.2	198	3403
GCF_002442935.1	196	2854
GCF_002504085.1	421	5159
GCF_002568625.1	883	8080
GCF_002813575.1	488	9720
GCF_002849795.1	123	2986
GCF_002849835.1	306	3916
GCF_002892185.1	317	3963
GCF_002983865.1	282	4021
GCF_003013675.1	455	5137
GCF_003025345.2	524	5692
GCF_003054475.1	210	4688
GCF_003177055.1	556	6513
GCF_003253775.1	131	3004
GCF_003330785.1	689	6684
GCF_003443655.1	309	6049
GCF_003571725.1	153	2447
GCF_003671975.1	527	5692
GCF_003812505.1	149	2188
GCF_003851555.1	557	5962
GCF_003932035.1	358	4429
GCF_003932715.1	660	6549
GCF_004011115.1	214	3284
GCF_004116975.1	274	3513
GCF_004421025.1	297	3549
GCF_004771075.1	123	1994
GCF_004843545.1	184	2122
GCF_005670685.2	546	5909
GCF_005862185.2	637	6549
GCF_007814525.1	143	2288
GCF_008369605.1	270	3686
GCF_008370715.1	584	5978
GCF_008694105.1	279	3255
GCF_008704515.1	605	6472
GCF_008803015.1	168	2004
GCF_009363115.1	562	5316
GCF_009665415.1	341	4082
GCF_009755645.1	478	5045
GCF_009856605.1	317	5939
GCF_009911755.1	538	5653
GCF_010450915.1	734	6128
GCF_011040435.1	460	4760
GCF_011045835.1	280	3732
GCF_011466855.1	144	2354
GCF_012029655.1	504	5174
GCF_013085545.1	340	4129
GCF_013364315.1	741	7426
GCF_013409125.2	405	4566
GCF_014109845.1	241	3433
GCF_014171495.1	847	7872
GCF_014297595.2	118	2970
GCF_014697095.1	413	4825
GCF_014789145.1	84	1476
GCF_015244315.1	798	7272
GCF_015326725.1	274	3819
GCF_015377145.2	347	4507
GCF_015689195.1	362	4405
GCF_015689395.1	150	1994
GCF_015689495.1	335	4029
GCF_016127455.1	184	2607
GCF_016128095.1	161	2102
GCF_016599795.1	154	2376
GCF_016728785.1	368	3408
GCF_016747875.1	124	2409
GCF_016801755.1	313	3916
GCF_016861545.1	311	4635
GCF_016888945.1	170	3502
GCF_016917755.1	978	8635
GCF_017068375.1	1036	10063
GCF_017167965.1	478	5400
GCF_017357285.1	755	7562
GCF_017607425.1	452	5847
GCF_018127765.1	123	2431
GCF_018128125.1	119	2358
GCF_018141485.1	783	7158
GCF_018207515.1	812	6599
GCF_018279895.1	312	4468
GCF_018286635.1	340	4753
GCF_018398475.1	524	5413
GCF_018604145.1	905	7159
GCF_018802645.1	388	4070
GCF_019334125.1	598	6134
GCF_019704535.1	326	4222
GCF_019797925.1	385	4568
GCF_019890955.1	411	4542
GCF_020079945.1	285	3572
GCF_020542785.1	839	8302
GCF_020735445.1	154	2935
GCF_020810675.1	113	2031
GCF_020917325.1	432	5143
GCF_020971565.1	326	4201
GCF_021028635.1	728	7190
GCF_021283545.2	553	5924
GCF_021441905.1	281	4034
GCF_021560075.1	473	5196
GCF_022354085.1	363	4950
GCF_022369495.1	276	3589
GCF_022394675.1	436	5257
GCF_022592395.1	222	3540
GCF_022637475.1	446	4944
GCF_022812045.1	432	4635
GCF_022845615.1	92	2296
GCF_023923245.1	855	7995
GCF_024346605.1	719	7021
GCF_024347115.1	309	4002
GCF_024401155.1	134	2513
GCF_024666385.1	725	7237
GCF_024749065.1	502	5334
GCF_025200655.1	275	3633
GCF_025200715.1	701	7508
GCF_025266575.1	297	4290
GCF_025558825.1	154	2436
GCF_025558845.1	185	2578
GCF_025560845.1	175	2605
GCF_025561465.1	145	2501
GCF_025722975.1	560	5909
GCF_026967515.2	429	4544
GCF_027286365.1	233	3377
GCF_027924785.1	487	5663
GCF_028421465.1	758	7780
GCF_028885395.1	264	3853
GCF_029011865.1	979	8700
GCF_030060435.1	454	5213
GCF_030246965.1	109	1881
GCF_030291635.1	586	5535
GCF_030291735.1	471	4825
GCF_030322905.1	318	3863
GCF_030505655.1	507	5589
GCF_030580635.1	270	3651
GCF_030759015.1	135	2691
GCF_032164335.1	357	4509
GCF_032806925.1	747	8208
GCF_033547155.1	319	4103
GCF_034047095.1	445	5930
GCF_034049535.1	144	1985
GCF_034055775.1	388	4527
GCF_034358925.1	495	5398
GCF_034508895.1	338	4048
GCF_035747985.1	300	4201
GCF_035749905.1	455	4830
GCF_036051655.1	737	7443
GCF_036177905.1	1064	9765
GCF_036227585.1	818	7598
GCF_036346855.1	996	9526
GCF_036700015.1	400	4193
GCF_036864995.1	408	4835
GCF_037023725.1	422	4758
GCF_037023865.1	610	6479
GCF_037333485.1	623	6069
GCF_038502305.1	232	3438
GCF_039623705.1	195	3221
GCF_040281505.1	587	6012
GCF_040616535.1	272	3981
GCF_041956365.1	321	4054
GCF_042846945.1	529	6034
GCF_044794325.1	201	2723
GCF_045039635.1	611	6175
GCF_046272155.1	554	5737
GCF_046529425.1	373	4632
GCF_047223455.1	225	3663
GCF_900184295.1	487	5395
GCF_900475035.1	124	1656
GCF_900603025.1	358	4944
GCF_900638135.1	486	4951
GCF_900638655.1	221	3438
GCF_949794035.1	500	5087
GCF_000007905.1	61	1822
GCF_000009305.1	42	1502
GCF_000011225.1	21	1037
GCF_000012325.1	374	4482
GCF_000012565.1	27	955
GCF_000014005.1	392	4945
GCF_000015105.1	37	1110
GCF_000020505.1	80	2112
GCF_000023745.1	191	2913
GCF_000025225.2	99	1501
GCF_000146065.2	56	1746
GCF_000166415.1	140	2418
GCF_000243135.2	266	3425
GCF_000253015.1	52	1242
GCF_000284315.1	125	2444
GCF_000612685.1	271	3619
GCF_000742835.1	138	2298
GCF_000953015.1	76	1747
GCF_000953715.1	87	1849
GCF_001444445.1	116	2433
GCF_001543305.1	58	1336
GCF_001584725.1	103	2216
GCF_001718875.1	409	4785
GCF_001735765.2	204	3165
GCF_001746915.2	293	5158
GCF_001886435.1	246	4007
GCF_002022125.1	310	3833
GCF_002025725.1	495	4881
GCF_002074155.1	339	4331
GCF_002139855.1	59	1641
GCF_002157165.1	243	3771
GCF_002234495.1	318	4899
GCF_002327145.1	524	5571
GCF_002688585.1	52	1236
GCF_002777255.1	498	5802
GCF_002871995.2	108	1853
GCF_002993285.1	271	3602
GCF_003019315.1	170	2649
GCF_003101015.1	140	2095
GCF_003343305.1	404	3791
GCF_003346755.1	178	2671
GCF_003433515.1	354	3663
GCF_003687485.1	260	4020
GCF_003815615.1	264	3934
GCF_003815695.1	320	4931
GCF_003966755.1	62	1406
GCF_004124255.1	38	863
GCF_004519515.1	125	2143
GCF_005890135.1	186	2654
GCF_007361795.1	96	2786
GCF_007990635.1	106	2196
GCF_008726475.3	124	1768
GCF_009025875.1	125	1701
GCF_009363155.1	308	5035
GCF_009671065.1	118	2592
GCF_009730295.1	97	1687
GCF_009914665.1	76	1825
GCF_011068405.5	733	11298
GCF_012516355.1	644	6663
GCF_012516395.1	200	4932
GCF_013170725.1	581	6319
GCF_013374215.1	43	1740
GCF_013416015.1	64	1746
GCF_014211955.1	235	4087
GCF_014395785.1	324	4324
GCF_014466955.1	834	7115
GCF_014489415.1	131	3625
GCF_014896945.1	37	1226
GCF_016599755.1	151	2341
GCF_017348895.1	282	3808
GCF_017493175.3	659	8299
GCF_017901155.1	189	3569
GCF_018304805.1	159	2983
GCF_018304825.1	146	2987
GCF_018734325.1	193	3378
GCF_018968685.1	50	1587
GCF_019203205.1	365	4295
GCF_019856495.1	190	3423
GCF_020084865.1	117	2592
GCF_020149915.1	138	2635
GCF_020510565.1	270	3941
GCF_020541225.1	34	752
GCF_020541265.1	21	597
GCF_020541305.1	29	850
GCF_020541325.1	26	753
GCF_020544465.1	341	4775
GCF_020735545.1	397	4596
GCF_021183565.1	913	7750
GCF_021183645.1	777	7397
GCF_021654775.1	728	6505
GCF_022376295.1	216	4510
GCF_022459015.1	77	1790
GCF_022637435.1	317	3754
GCF_022827545.1	283	5023
GCF_023008305.1	295	3440
GCF_023573565.1	239	3358
GCF_023921165.1	124	2174
GCF_024205945.1	143	2280
GCF_024205965.1	174	2602
GCF_024299005.1	31	954
GCF_025139665.1	380	4374
GCF_025725725.1	211	2959
GCF_026650945.1	362	5026
GCF_026723765.1	424	4108
GCF_027558435.1	286	3475
GCF_027925085.1	40	1110
GCF_028607025.1	134	1952
GCF_029889745.1	153	2128
GCF_029981845.1	49	1514
GCF_030227225.2	134	2370
GCF_030285945.1	385	5294
GCF_030296695.1	301	3456
GCF_030376725.1	134	2209
GCF_030406165.1	404	4451
GCF_030419005.1	474	5876
GCF_030486685.2	112	2130
GCF_031199375.1	332	5358
GCF_031843265.2	247	2794
GCF_033042785.2	294	4449
GCF_033880585.1	309	3866
GCF_034262375.1	479	6339
GCF_034371605.1	260	4130
GCF_034555895.2	412	5825
GCF_035835995.1	396	4506
GCF_036184225.1	623	6250
GCF_037076535.1	260	3738
GCF_037081795.1	1061	8610
GCF_037482245.1	430	4807
GCF_037619525.1	680	6032
GCF_037850265.1	163	2515
GCF_039555295.1	64	2083
GCF_039848545.1	695	6858
GCF_040267745.1	242	3253
GCF_040364225.1	97	1789
GCF_040429585.1	432	5488
GCF_040687735.1	316	4594
GCF_040834095.1	371	4114
GCF_041320245.1	447	5627
GCF_041735015.1	49	1487
GCF_041898185.1	138	2749
GCF_042140075.1	231	4127
GCF_042232855.1	467	5215
GCF_042751225.1	956	8290
GCF_042850985.1	245	2757
GCF_042852765.1	298	2980
GCF_042997415.1	113	1510
GCF_043162025.1	200	3059
GCF_044051715.1	211	2391
GCF_045057155.1	285	4293
GCF_045348165.1	295	4383
GCF_045862825.1	248	2887
GCF_046245125.1	1910	1783
GCF_047325105.1	556	6312
GCF_047839125.1	110	2267
GCF_048320235.1	144	2275
GCF_048457885.1	324	3192
GCF_048565265.1	842	7679
GCF_048627025.1	851	8279
GCF_050039175.1	669	8409
GCF_050154705.1	374	6018
GCF_050219315.1	194	2765
GCF_050920675.1	403	4637
GCF_900157305.1	138	2682
GCF_900169565.1	251	3756
GCF_900638485.1	50	1323
GCF_901538265.1	566	8478
GCF_914590485.1	291	3597
GCF_918378365.1	176	3081
GCF_946888465.1	88	1352
GCF_961514395.1	332	3992
GCF_963243495.1	242	2871
GCF_964062745.1	279	3185
GCF_000021285.1	100	2007
GCF_000026085.1	224	3399
GCF_000235585.1	589	5435
GCF_001022135.1	482	6043
GCF_001274875.1	24	1918
GCF_001702215.1	150	1897
GCF_001717525.2	126	2405
GCF_002222655.1	231	3542
GCF_002309535.1	191	2851
GCF_003798325.1	167	2629
GCF_005886435.1	110	1790
GCF_007954585.1	191	3548
GCF_008632615.1	156	2255
GCF_009905255.1	191	2625
GCF_010587025.1	153	2471
GCF_012295595.1	308	3817
GCF_012689545.1	190	3260
GCF_012971725.1	577	5920
GCF_014076555.1	227	2675
GCF_014216335.1	574	5862
GCF_014395425.1	216	3150
GCF_014489515.1	178	3087
GCF_014852565.2	959	8964
GCF_016599635.1	441	5515
GCF_017742995.1	370	4561
GCF_018685455.1	64	1728
GCF_019056575.1	273	4792
GCF_019670705.1	247	3883
GCF_020865585.1	535	6027
GCF_022221585.1	951	8715
GCF_023337365.3	246	4168
GCF_024072275.1	489	5454
GCF_024584585.1	466	5876
GCF_024704525.1	555	5307
GCF_025200795.1	619	6728
GCF_025643595.1	608	6062
GCF_025908395.1	1250	10102
GCF_026427415.1	852	7807
GCF_027924165.1	83	1952
GCF_028885455.1	331	4644
GCF_029215585.1	543	5503
GCF_030122845.1	456	4808
GCF_030323025.1	191	4373
GCF_030505375.1	508	5351
GCF_030553095.1	300	4986
GCF_030733865.1	505	5783
GCF_031297465.1	145	2284
GCF_032697525.1	309	4384
GCF_033956045.1	187	3228
GCF_035918035.1	752	7925
GCF_036014075.1	833	8042
GCF_036153515.1	346	4347
GCF_036250655.1	168	2902
GCF_036287475.1	841	8399
GCF_036320655.1	103	2279
GCF_036492245.1	198	3011
GCF_036704165.1	527	5599
GCF_036884255.1	608	5714
GCF_036898185.1	355	4295
GCF_037327425.1	537	5606
GCF_041081565.1	138	2127
GCF_041504375.1	485	5391
GCF_043186315.1	136	2249
GCF_043187465.1	270	3897
GCF_043589935.1	243	3750
GCF_044597075.1	225	3779
GCF_044987285.1	496	5217
GCF_045037875.1	597	6355
GCF_045040895.1	889	8231
GCF_045161845.1	1088	9522
GCF_045162825.1	1130	9809
GCF_045207185.1	651	6859
GCF_045208505.1	859	8050
GCF_045209695.1	534	5226
GCF_045276965.1	712	6729
GCF_045291495.1	319	3864
GCF_045830615.1	472	5003
GCF_045866535.1	63	1386
GCF_046619455.1	540	5555
GCF_046628145.1	785	7259
GCF_048568265.1	252	3267
GCF_049674955.1	1031	8991
GCF_050574275.1	233	3581
GCF_050626985.1	536	5706
GCF_051131155.1	292	4807
GCF_900015005.1	138	1791
GCF_900637755.1	279	3485
GCF_900683745.1	160	3278
GCF_903989455.1	283	4108
GCF_904848165.1	134	2905
GCF_963311185.1	425	4404
GCF_963681935.1	450	4765
GCF_963681955.1	561	5901
