category	alpha_global	alpha_global_se	alpha_global_ci99_low	alpha_global_ci99_high	beta_global_log	beta_global_log_se	beta_global_ci99_low	beta_global_ci99_high	n_genomes_used	r_squared	p_value
0000049	0.1269994799010128	0.019190273062278676	0.07756533649258292	0.17643362330944268	-0.08715120005641719	0.15817573399177257	-0.49461189081922335	0.320309490706389	2154	0.01994570741789181	7.780442956573097e-13
0000160	1.611201152705643	0.026237009559138862	1.5436146160813011	1.6787876893299847	-9.896468002135842	0.21627187954244725	-10.453584363837187	-9.339351640434497	2164	0.6356051469035234	0.0
0000166	0.5694164613897233	0.014530448223012785	0.5319860267672424	0.6068468960122043	-1.3852955042412014	0.11977460086302345	-1.6938348760643498	-1.076756132418053	2164	0.41530977739288377	0.0
0000179	0.0	0.0	0.0	0.0	0.0	0.0	0.0	0.0	2157	0.0	
0000287	0.5807994845738856	0.014642580750350206	0.5430801965609835	0.6185187725867878	-1.9262231749683023	0.12069891018228662	-2.237143567597873	-1.615302782338732	2164	0.42120093150379945	0.0
0000311	0.0007805537536320962	0.0007493927690600464	-0.0011498820194665834	0.0027109895267307758	-0.006105147271047227	0.006177250586230866	-0.02201774478117794	0.009807450239083484	2164	0.0005015486578425765	0.5012431808741429
0000314	0.03197696875453634	0.008547124513737204	0.0099595760071493	0.053994361501923376	0.7465856830549871	0.07045401569499375	0.5650961386246831	0.928075227485291	2164	0.006432447260895646	0.0001349295258568084
0000315	-0.00427835466029722	0.00263166481344627	-0.011057523219734813	0.0025008138991403717	1.1303739554672745	0.021692834095549618	1.0744932148371387	1.1862546960974103	2164	0.001220973233270528	1.8141039583642544
0001522	0.13364926736236415	0.019882764889462504	0.08243126500710873	0.18486726971761958	0.7590070397444648	0.1638937899325814	0.33681663687813507	1.1811974426107945	2164	0.020471099775380308	3.219646771412954e-13
0002949	0.07422502735932666	0.006380039644759088	0.057790045234427254	0.09066000948422608	0.4769145124890758	0.052590717795685527	0.3414408234473899	0.6123882015307617	2164	0.05891516054272916	0.0
0003676	0.7142721037100266	0.01624595936530158	0.6724225123850097	0.7561216950350435	-2.8134127010952503	0.13391557292321682	-3.1583792169454568	-2.468446185245044	2164	0.4720418255799532	0.0
0003677	1.1505716502445382	0.01353332466127347	1.1157098059170978	1.1854334945719787	-4.290298516826794	0.11155530337230365	-4.577664978313848	-4.002932055339739	2164	0.7697551372699709	0.0
0003678	0.28230009851267	0.015952603321458012	0.24120619235659418	0.32339400466874585	-0.4251703010421515	0.13149743670863873	-0.7639076980036048	-0.08643290408069809	2164	0.12651924162100248	0.0
0003684	0.4351210983418143	0.017684546682709117	0.38956570608715557	0.480676490596473	-2.2204865069754476	0.14578808932811785	-2.5960366250846794	-1.844936388866216	2161	0.21899476099508808	0.0
0003697	0.33486612402293564	0.01828484633427571	0.2877643598658414	0.38196788818002986	-1.3727763730958087	0.15072754405443994	-1.761050526580046	-0.9845022196115714	2163	0.13435259668894695	0.0
0003700	1.8036865717364456	0.023815003948703794	1.7423391215645847	1.8650340219083066	-10.459352690735981	0.19632042416916984	-10.965074103395763	-9.9536312780762	2163	0.7263571273323604	0.0
0003723	0.24047188897528635	0.008329983063273472	0.21901385260429387	0.2619299253462788	1.5449636442997985	0.06866411698292782	1.3680848789517763	1.7218424096478206	2164	0.27822055534808565	0.0
0003735	0.046002391932701454	0.0017679841478165142	0.04144806476792611	0.0505567190974768	3.6138886952420406	0.014573507464243164	3.5763473400141503	3.651430050469931	2164	0.2384706981458795	0.0
0003743	0.09766112870322968	0.006056402780899547	0.08205983513963244	0.11326242226682692	0.3525669390392979	0.049922976539641895	0.2239653514731804	0.4811685266054154	2164	0.10735826332361909	0.0
0003746	0.14546331590396133	0.011016197511939564	0.11708559111320502	0.17384104069471765	0.42475921359607494	0.09080660415768044	0.1908414012858901	0.6586770259062598	2164	0.07462838175640385	0.0
0003755	0.5407165183116049	0.02394858952656725	0.4790249516911677	0.6024080849320422	-2.779887093159877	0.19740841491964842	-3.2884111699928917	-2.2713630163268625	2164	0.19080042925711516	0.0
0003824	1.3568267755091064	0.019603476175698083	1.306328220880508	1.4073253301377047	-7.5611042069736065	0.16159161083230414	-7.977364196477622	-7.144844217469591	2164	0.6890336040453555	0.0
0003887	0.2967002169206791	0.012391408717013639	0.26477994806565197	0.32862048577570624	-0.4037379075655618	0.10214248111495385	-0.6668569389176829	-0.1406188762134407	2164	0.20959783612807448	0.0
0003899	0.0774306859419611	0.012138908651779013	0.046160857254978364	0.10870051462894384	1.002505730623695	0.10006112105866412	0.7447482827765763	1.2602631784708138	2164	0.01847200043273023	5.630607091688944e-12
0003918	0.11591626486513154	0.01631004444703638	0.07390159036956583	0.15793093936069724	0.2256495324863972	0.13444382676427197	-0.12067776525836743	0.5719768302311619	2164	0.02282933182421254	1.0880185641326534e-14
0003922	-0.003395295412276685	0.004615739240215779	-0.015285439695072532	0.008494848870519163	0.039734225215513244	0.03805497560284861	-0.05829539193742478	0.13776384236845127	2153	0.0002514912942663816	1.2914049317264333
0003924	0.29785400635330345	0.009222488087596185	0.2740968770396557	0.3216111356669512	0.258532276728102	0.07602104303337083	0.0627020698741387	0.4543624835820652	2164	0.32544235062220284	0.0
0004045	0.09810906921067547	0.015910536576022483	0.057123526990841555	0.13909461143050939	-0.18660524523823263	0.13113435250840938	-0.5244073372998952	0.15119684682342993	2159	0.017322459060658435	3.0713431797835256e-11
0004140	-0.007917940887493839	0.0025909445690356285	-0.01459221409732962	-0.0012436676776580594	0.06903973672846273	0.021358988113414183	0.014018983348307791	0.12406049010861767	2158	0.004313028567396016	1.9973824070022104
0004190	0.4524008373843068	0.02161743201724817	0.3967143325078755	0.5080873422607382	-2.8145229272265277	0.1782214739316904	-3.2736214440745623	-2.355424410378493	2160	0.1687096405516617	0.0
0004222	0.5873239479500545	0.019826485193578082	0.5362509220913974	0.6383969738087116	-2.7808140648538817	0.16342987594948946	-3.2018094252997664	-2.359818704407997	2164	0.2887067588407044	0.0
0004252	0.7442763639322464	0.017365818469727234	0.699542015554229	0.7890107123102638	-3.8212176983475756	0.14314658047348452	-4.189963289647272	-3.4524721070478797	2164	0.45934699082950015	0.0
0004386	0.5658672555597604	0.02970720909476914	0.48934148493163504	0.6423930261878856	-3.0006314684490145	0.24510293134955394	-3.6320166196054657	-2.3692463172925633	2144	0.14485278248642786	0.0
0004478	0.033371246323601556	0.010686213305455302	0.0058435608487486974	0.06089893179845442	-0.21566446130303274	0.08810818602107803	-0.44263114849332974	0.011302225887264289	2159	0.004500781750963689	0.0020125236207122477
0004479	0.14462292901117296	0.010677319012983633	0.11711815523372712	0.1721277027886188	-1.1151126390721349	0.08801322598169109	-1.341834709200971	-0.8883905689432986	2164	0.07822060570572353	0.0
0004523	0.17934793216406802	0.016215159099603128	0.13757768232349038	0.22111818200464567	-0.8375639698514905	0.13365348872768407	-1.1818553568140047	-0.49327258288897635	2160	0.05364777167529278	0.0
0004540	0.5676576060130175	0.026596174913355062	0.49914585943621487	0.6361693525898202	-3.413363543199603	0.2192324824285262	-3.9781064179354866	-2.8486206684637194	2164	0.17403629717885571	0.0
0004595	0.020512505930217632	0.0036531088199852554	0.011102097609935614	0.02992291425049965	-0.1611761989153774	0.03011782647514476	-0.2387597199153503	-0.0835926779154045	2157	0.014419724059028916	1.9178170163058894e-09
0004750	0.06368986202566983	0.010241213872728087	0.037308495089522276	0.09007122896181738	-0.46816974432030983	0.08443309648505921	-0.6856694008658224	-0.25067008777479727	2161	0.01759843895336577	2.0273782652679984e-11
0004812	0.16059819860211574	0.014952636686869846	0.12208020649673902	0.19911619070749248	-0.19732958234321796	0.1232588372874945	-0.5148443471958037	0.12018518250936788	2162	0.050698619979271387	0.0
0004813	0.1772034865120773	0.01247381876751242	0.1450709293669653	0.20933604365718927	-1.3532780083369385	0.10284634149518296	-1.6182101840285297	-1.0883458326453472	2156	0.08566534113890345	0.0
0004814	0.08632567719218281	0.008898674362734577	0.06340269203377855	0.10924866235058708	-0.6625225298391313	0.07336495627158995	-0.8515106571947471	-0.4735344024835155	2143	0.042104714535199594	0.0
0004817	0.03707168973213737	0.006619065738932123	0.02002097638864822	0.05412240307562652	-0.28081516765491804	0.05457936068401617	-0.42141160077694373	-0.14021873453289238	2158	0.014340670424121238	2.1245667447544747e-09
0004818	-0.049495541337398315	0.01211428719329072	-0.08070194514731521	-0.01828913752748142	0.5039649642602037	0.09985816617951387	0.24673032818177593	0.7611996003386314	2164	0.007661968689479215	1.9999757512044822
0004820	-0.020752346339232813	0.01743318734239067	-0.06566023693323118	0.024155544254765557	0.5787851064321081	0.1437352997022499	0.20852297439911233	0.9490472384651039	2151	0.0006589585953489241	1.5942885156317743
0004821	0.008677550341160543	0.004146288202974482	-0.002003288069701724	0.01935838875202281	-0.06208532842766432	0.03417796638818513	-0.15012776984362922	0.025957112988300564	2163	0.002022745240437218	0.0615194241315935
0004822	0.027851283673816306	0.004467285126909764	0.016343557186896757	0.039359010160735855	-0.2177304731603435	0.03683423186134486	-0.31261545443516786	-0.12284549188551913	2150	0.017773801486052676	1.7926105044807628e-11
0004823	0.013509751891547106	0.003010469078603259	0.0057547835450651105	0.0212647202380291	-0.10604915034946706	0.024816938946296628	-0.16997758507512717	-0.04212071562380694	2145	0.009309837153718359	2.7046279600373424e-06
0004824	0.20053529955978627	0.014414020724259216	0.16340478217409454	0.237665816945478	-1.4823965862514887	0.11882233920187879	-1.7884829320355284	-1.176310240467449	2157	0.08241572191311997	0.0
0004825	0.07472749373697783	0.007509426418752634	0.05538321128227105	0.09407177619168461	-0.5815095257004361	0.061904790673757495	-0.7409762664760354	-0.4220427849248368	2159	0.043893810640367126	0.0
0004826	0.026267483641324262	0.004058165809844038	0.01581364851516602	0.036721318767482504	0.47802176157531456	0.033451493212730075	0.3918507150593219	0.5641928080913072	2164	0.019010177752564195	2.608802063264193e-12
0004827	0.1377007801807035	0.010164740060132182	0.111516409785803	0.16388515057560402	-1.0628654735996605	0.08379224992731606	-1.2787143094124267	-0.8470166377868944	2152	0.07864461091972896	0.0
0004828	0.05390186316531373	0.006177350358204625	0.03798900864257862	0.06981471768804884	-0.4214271509177261	0.05091994838625859	-0.5525969379607282	-0.290257363874724	2164	0.034018579175302044	0.0
0004829	0.13901763485962082	0.009424292624334718	0.11474065705933459	0.16329461265990705	-1.0836563253073819	0.0776845194429921	-1.2837716473925296	-0.8835410032222342	2164	0.09144075977930721	0.0
0004830	0.24884290266010764	0.011620293213537023	0.21890902734203627	0.278776777978179	-1.9395739737793674	0.0957861698552692	-2.186319147326541	-1.6928288002321938	2164	0.17499220585641884	0.0
0004831	0.04403962462454685	0.0077010905497756415	0.024201615368324797	0.0638776338807689	-0.3263358009942196	0.06348015096661122	-0.4898606698842101	-0.1628109321042291	2164	0.014900713763161821	9.085741048409091e-10
0004832	0.02363226055570465	0.0034357501735045627	0.014781768108756897	0.03248275300265241	-0.18781309194522142	0.02832520443335681	-0.2607788185655486	-0.11484736532489427	2153	0.021521777257696773	8.304468224196171e-14
0005047	0.0005129998481420226	0.0007498774472030867	-0.0014186844558531286	0.002444684152137174	-0.0039024137355415773	0.00618131841239251	-0.01982548996586468	0.012020662494781528	2162	0.00021662373955977365	0.7423432318831269
0005048	0.0012973066626464315	0.001065694019657988	-0.0014479211319925458	0.004042534457285409	-0.010037784540561371	0.008786177999768007	-0.03267097906796376	0.012595409986841017	2154	0.0006881435014531867	0.38929815829002745
0005515	1.0869550909443877	0.025530685853750117	1.0211880441851273	1.152722137703648	-5.849281228075323	0.21044964759236584	-6.391399520273257	-5.307162935877388	2164	0.45604375666982133	0.0
0005524	0.7161512359920459	0.010051525090308537	0.6902585073594111	0.7420439646246807	-0.4999284387559868	0.08285480167429736	-0.7133624078689769	-0.2864944696429968	2164	0.7013102561987439	0.0
0005525	0.38808509939561886	0.013000614561862765	0.3545955162842604	0.4215746825069773	0.04028512562793285	0.1071641697642181	-0.23576977568469298	0.3163400269405587	2164	0.2918671527506016	0.0
0005737	0.2536061242194334	0.008726377428509942	0.2311269759635918	0.27608527247527503	1.8019743768304557	0.07193159890446661	1.6166785780525497	1.9872701756083617	2164	0.28091551074873655	0.0
0005840	0.05063770911557803	0.002639170975588407	0.043839204682462295	0.057436213548693764	3.031277490493573	0.021754707450093745	2.9752373641021315	3.0873176168850147	2164	0.14550184098694363	0.0
0005886	0.8280264223529847	0.01853304699556281	0.7802852932924149	0.8757675514135546	-2.879160089208586	0.15276805454311954	-3.272690597711662	-2.48562958070551	2164	0.4800581356440178	0.0
0005975	0.9503926413363816	0.02643138100716529	0.8823054038619238	1.0184798788108393	-4.596449439915062	0.21787408494239235	-5.157693082726665	-4.03520579710346	2164	0.37422291973361943	0.0
0006006	0.5998163300429206	0.021374403688435125	0.5447558661415117	0.6548767939443294	-4.01116156082843	0.1761908182042062	-4.465029108522465	-3.557294013134395	2163	0.267084053926708	0.0
0006096	0.23765586747923564	0.012159730649722655	0.20633240132555009	0.2689793336329212	0.21392271080166925	0.10023275695417082	-0.044276871112274796	0.4721222927156133	2164	0.15015306303225395	0.0
0006098	0.8215098845512664	0.02944576767078104	0.7456575870313344	0.8973621820711983	-5.478158975753047	0.24272169830848137	-6.103410070595695	-4.852907880910399	2164	0.26471557809386703	0.0
0006164	0.1573365677648222	0.011484517269073406	0.1277524512796891	0.18692068424995528	0.07329186999739856	0.09468604322722621	-0.17061937735593616	0.31720311735073325	2161	0.07997950525790642	0.0
0006177	-0.029259373518283192	0.005797006418515688	-0.0441924620523796	-0.01432628498418678	0.2600963395424864	0.047794064253911	0.13697883002441166	0.3832138490605611	2153	0.011704926842321162	1.9999999095255472
0006221	0.018641805807447162	0.016213590208169072	-0.023124402568796366	0.06040801418369069	0.9601311837104682	0.13364875370220486	0.6158519941735885	1.304410373247348	2164	0.0006110776733251333	0.43102704518862045
0006260	0.1499333831399206	0.01037910112504382	0.12319681864180773	0.17666994763803348	1.5126735537111689	0.08555501354736064	1.2922838388131679	1.7330632686091698	2164	0.08802470505876003	0.0
0006265	0.13106549182543806	0.018455509070016873	0.08352410046107459	0.17860688318980153	0.5730384673234921	0.1521289088029831	0.18115439824700758	0.9649225363999765	2164	0.0227957724100204	1.1324274851176597e-14
0006269	-0.0001265375317231655	0.010238269632468608	-0.0265003201049623	0.02624724504151597	0.05736546686953334	0.08439464539353508	-0.16003513966421304	0.27476607340327974	2159	7.081665653885238e-08	1.0000972399212675
0006275	0.030357452219998523	0.008631938930572416	0.008121577534843976	0.05259332690515307	-0.2102162667809216	0.07119241635728459	-0.39360793131728666	-0.02682460224455649	2144	0.00574108463746259	0.0003805186970766705
0006281	0.37964604106417377	0.009001373425092874	0.35645850312113453	0.402833579007213	0.0564857840058024	0.07419839310269959	-0.13464927662675175	0.24762084463835654	2164	0.4513878842024218	0.0
0006289	0.0716431115281654	0.007379768448053631	0.05263282800597924	0.09065339505035155	0.5729179311345957	0.06083149031337214	0.41621601208734904	0.7296198501818423	2164	0.04177119873654067	0.0
0006310	0.518255085564944	0.017563106170194437	0.4730125240705232	0.5634976470593649	-1.1878177939878776	0.14477802058628286	-1.5607659750181422	-0.814869612957613	2163	0.28720611856902434	0.0
0006351	0.20092968635784184	0.015105577609059357	0.16201771843690493	0.23984165427877874	-0.021718454244510133	0.12451539698996088	-0.3424701168906494	0.2990332084016291	2164	0.07564764331278939	0.0
0006353	0.14709144368563642	0.008865484184096967	0.12425395642740264	0.1699289309438702	-0.08525254141527361	0.07308316792203687	-0.2735147819824406	0.10300969915189337	2163	0.112990840669839	0.0
0006355	1.6206466496426257	0.018746087534942717	1.5723567281526132	1.6689365711326383	-8.751783616267325	0.1545241494123376	-9.149837825153506	-8.353729407381143	2164	0.775633963063883	0.0
0006364	0.1087859508551206	0.013943092107695978	0.07286854558569576	0.14470335612454543	1.201210802821349	0.11493301970896735	0.9051433440510492	1.497278261591649	2164	0.02738499753377388	0.0
0006396	0.3925613119371726	0.021233237773882013	0.33786449143165254	0.44725813244269264	-1.4500595636669447	0.1750257487149337	-1.900925892356614	-0.9991932349772754	2164	0.13651534774551888	0.0
0006400	0.11685760057247709	0.016764456946373973	0.07367235947861772	0.16004284166633645	1.0835954235425977	0.13818955262902055	0.7276191359702409	1.4395717111149546	2164	0.021979965751376396	3.68594044175552e-14
0006402	0.04620203357540982	0.025804415618181004	-0.020270141057024446	0.11267420820784409	0.30522205028805066	0.21274853757868165	-0.24281818251463322	0.8532622830907346	2161	0.001482644741888972	0.12991630207527982
0006412	0.04672689229029955	0.002012258911972795	0.04154331333305763	0.051910471247541466	3.692892321288852	0.016587066297988576	3.6501640385052334	3.7356206040724707	2164	0.19962094324729007	0.0
0006413	0.09724496680057267	0.006025805542444362	0.081722491723236	0.11276744187790934	0.35506217055863987	0.04967076325845237	0.22711028440486655	0.48301405671241315	2164	0.10751062899721042	0.0
0006414	0.10781946905163935	0.01004108388110505	0.08195363697391274	0.13368530112936594	0.6835915318333112	0.08276873470336286	0.4703792712374485	0.896803792429174	2164	0.05063056162848911	0.0
0006415	0.2340090833555737	0.013872870050129825	0.19827257010643926	0.2697455966047081	-0.573029574309047	0.11435417872707353	-0.8676059387099884	-0.27845320990810557	2164	0.11630053130624551	0.0
0006418	0.09232498029076082	0.018819072165306643	0.04384705039293091	0.14080291018859073	-0.12578214704718393	0.1551413195802863	-0.5254261862860015	0.27386189219163354	2159	0.011035011842826958	2.2163448631928873e-07
0006419	0.17624679276611466	0.012527527116232184	0.14397588291470054	0.20851770261752878	-1.3444361355190653	0.10328916556345957	-1.6105090260105372	-1.0783632450275933	2156	0.08415643713051202	0.0
0006420	0.08632567719218281	0.008898674362734577	0.06340269203377855	0.10924866235058708	-0.6625225298391313	0.07336495627158995	-0.8515106571947471	-0.4735344024835155	2143	0.042104714535199594	0.0
0006423	0.03707168973213737	0.006619065738932123	0.02002097638864822	0.05412240307562652	-0.28081516765491804	0.05457936068401617	-0.42141160077694373	-0.14021873453289238	2158	0.014340670424121238	2.1245667447544747e-09
0006424	0.020740151334819858	0.023058040276339002	-0.03865736041702941	0.08013766308666913	0.7711925083109606	0.19006761033070113	0.2815783440990745	1.2608066725228468	2164	0.00037407688713686493	0.597463785867534
0006426	-0.020752346339232813	0.01743318734239067	-0.06566023693323118	0.024155544254765557	0.5787851064321081	0.1437352997022499	0.20852297439911233	0.9490472384651039	2151	0.0006589585953489241	1.5942885156317743
0006427	0.008677550341160543	0.004146288202974482	-0.002003288069701724	0.01935838875202281	-0.06208532842766432	0.03417796638818513	-0.15012776984362922	0.025957112988300564	2163	0.002022745240437218	0.0615194241315935
0006428	0.027851283673816306	0.004467285126909764	0.016343557186896757	0.039359010160735855	-0.2177304731603435	0.03683423186134486	-0.31261545443516786	-0.12284549188551913	2150	0.017773801486052676	1.7926105044807628e-11
0006429	0.013509751891547106	0.003010469078603259	0.0057547835450651105	0.0212647202380291	-0.10604915034946706	0.024816938946296628	-0.16997758507512717	-0.04212071562380694	2145	0.009309837153718359	2.7046279600373424e-06
0006430	0.20053529955978627	0.014414020724259216	0.16340478217409454	0.237665816945478	-1.4823965862514887	0.11882233920187879	-1.7884829320355284	-1.176310240467449	2157	0.08241572191311997	0.0
0006431	0.073917007800853	0.0076804606627152204	0.05413214113369859	0.09370187446800742	-0.5732319328236326	0.06331473045878665	-0.7363306784854671	-0.4101331871617982	2159	0.04117225602955532	0.0
0006432	0.0192977868933627	0.003434628960259513	0.010450182691734195	0.028145391094991208	0.5309533313862187	0.028311673976865622	0.45802245922181284	0.6038842035506246	2164	0.01439143617763261	1.870244847879121e-09
0006433	0.10779168737217654	0.008336800288958356	0.08631608982781981	0.12926728491653328	-0.8420906484509927	0.06872376954786931	-1.0191230788063042	-0.6650582180956813	2152	0.0721461035719616	0.0
0006434	0.05390186316531373	0.006177350358204625	0.03798900864257862	0.06981471768804884	-0.4214271509177261	0.05091994838625859	-0.5525969379607282	-0.290257363874724	2164	0.034018579175302044	0.0
0006435	0.13955431027895945	0.009321450569134438	0.11554225361286914	0.16356636694504978	-1.0893554273341235	0.07683679155982617	-1.2872870023922358	-0.8914238522760113	2164	0.09393416373119923	0.0
0006436	0.24884290266010764	0.011620293213537023	0.21890902734203627	0.278776777978179	-1.9395739737793674	0.0957861698552692	-2.186319147326541	-1.6928288002321938	2164	0.17499220585641884	0.0
0006437	0.04403962462454685	0.0077010905497756415	0.024201615368324797	0.0638776338807689	-0.3263358009942196	0.06348015096661122	-0.4898606698842101	-0.1628109321042291	2164	0.014900713763161821	9.085741048409091e-10
0006438	0.02363226055570465	0.0034357501735045627	0.014781768108756897	0.03248275300265241	-0.18781309194522142	0.02832520443335681	-0.2607788185655486	-0.11484736532489427	2153	0.021521777257696773	8.304468224196171e-14
0006457	0.5014414182260465	0.019413465905042067	0.4514323300546581	0.5514505063974349	-2.152876161171752	0.16002535465228793	-2.5651014747560454	-1.7406508475874582	2164	0.23581734191246528	0.0
0006465	0.38671594441409424	0.024419282454693995	0.3238118728108025	0.449620016017386	-2.40725952825495	0.20135259777069128	-2.9259438201122507	-1.888575236397649	2158	0.10420278186546972	0.0
0006508	0.8304049422554589	0.016065382258401126	0.7890205175578177	0.8717893669531002	-3.2949847351422537	0.1324270743874492	-3.636116878764323	-2.9538525915201843	2164	0.5527292976764129	0.0
0006520	0.48422420247004916	0.02241608928068532	0.42648035648300375	0.5419680484570946	-2.5888442440132486	0.18483795919712517	-3.0649868269050433	-2.112701661121454	2157	0.17799253108014312	0.0
0006556	0.033643502730817114	0.010681792731630634	0.0061272046541366	0.061159800807497625	-0.21773273535465484	0.0880675327815581	-0.4445946997999485	0.009129229090638818	2158	0.004580065556511026	0.001808416471036356
0006614	-0.00466016847648225	0.0025893718787085326	-0.01133039043603543	0.002010053483070931	0.042209795015703086	0.021344463858849277	-0.01277354388469265	0.09719313391609882	2162	0.0014973036115973892	1.8728042122566608
0006633	0.8878927613596432	0.02527842200230232	0.8227755462817125	0.953009976437574	-4.894694634920562	0.2084677607704179	-5.4317075866651585	-4.357681683175965	2151	0.36471482475604156	0.0
0007165	1.5734623613470125	0.04362844174962158	1.4610754953999874	1.6858492272940375	-10.16637153144818	0.35992353994507836	-11.093534570346701	-9.239208492549658	2143	0.3779216290372932	0.0
0008033	0.16167367310647146	0.0121984011014129	0.13025059186923182	0.1930967543437111	0.8231108821541564	0.10055151779659662	0.5640901723101235	1.0821315919981893	2164	0.07514350568849959	0.0
0008080	1.547627186259597	0.03196772823125587	1.4652783183358817	1.6299760541833122	-10.086484445077687	0.26359317568197255	-10.765500465634448	-9.407468424520927	2156	0.5210926541493147	0.0
0008094	0.01753785531945995	0.005310336834216065	0.003858427634519367	0.031217283004400534	-0.1278730025166906	0.04376599156316241	-0.24061419678339696	-0.015131808249984224	2146	0.005061512081837138	0.0009647244447812398
0008135	0.0	0.0	0.0	0.0	0.0	0.0	0.0	0.0	2164	0.0	
0008152	0.8200449999298642	0.018183995911406053	0.7732030264620823	0.8668869733976462	-4.58282920876523	0.1498908236659971	-4.968947970528839	-4.196710447001622	2164	0.48471619091789264	0.0
0008168	1.060377467490319	0.01804537860099629	1.0138925722141525	1.1068623627664855	-5.809225804520796	0.1487482000681414	-6.192401167896328	-5.426050441145264	2164	0.6149557886373453	0.0
0008173	0.33976484069599433	0.02122639058259487	0.28508565855522994	0.3944440228367587	-1.629153204968939	0.17500851051734737	-2.079975128061626	-1.1783312818762521	2153	0.10643627958090807	0.0
0008233	1.0243550754451893	0.021118138135611912	0.969954751607853	1.0787553992825256	-6.460768069058046	0.17416612463957315	-6.9094200061295865	-6.012116131986506	2152	0.5225220690976773	0.0
0008270	0.8619910865089833	0.015527435184673002	0.8219924134732656	0.901989759544701	-3.755150329938068	0.1279927723581992	-4.084859711532789	-3.425440948343347	2164	0.5877044937853122	0.0
0008299	0.4302881999142489	0.01571753645449721	0.38979982600746405	0.4707765738210337	-2.058921853115775	0.12958102985021805	-2.3927225860099366	-1.7251211202216135	2161	0.2576834035409047	0.0
0008324	0.5435286302571973	0.02587562389079172	0.47687302311451785	0.6101842373998768	-3.211346963065122	0.21344389095930552	-3.761178426176293	-2.661515499953951	2144	0.17080494110207556	0.0
0008360	0.1354040924913748	0.021514134953776756	0.07998368085044588	0.19082450413230373	0.6111685837293199	0.17739237887194095	0.15420581575520004	1.0681313517034399	2147	0.018131832082621813	1.1177281322716226e-11
0008408	0.2345467214545275	0.01749867816786806	0.1894701264940994	0.27962331641495564	-0.5359928265696845	0.14424174402737935	-0.9075595591842137	-0.16442609395515528	2164	0.07672283638617228	0.0
0008649	-0.16543243460380153	0.023079613982476946	-0.22488552022266214	-0.10597934898494091	1.9286325682192462	0.1902763867886216	1.438480595851757	2.4187845405867354	2145	0.023413839405000414	1.9999999999999938
0008654	0.6934455617778718	0.02322774032840036	0.6336109026919124	0.7532802208638311	-3.9381615790223883	0.19147148363691507	-4.431392120871082	-3.444931037173695	2163	0.29200307547132465	0.0
0008658	0.48923493268383234	0.019446371755753245	0.43914107904101196	0.5393287863266527	-2.8455939084229116	0.16036215094541612	-3.2586868092583035	-2.4325010075875197	2145	0.22800730872272734	0.0
0008757	0.7740313721332714	0.021167202131859693	0.7195046594416009	0.828558084824942	-4.129557930962397	0.17448141638983514	-4.579022059582613	-3.680093802342182	2164	0.38214114378120867	0.0
0009055	1.2162269254559255	0.0338907353695699	1.1289243911439133	1.3035294597679377	-7.3150059539757635	0.27954535114486684	-8.03511477852494	-6.594897129426586	2152	0.374610188334892	0.0
0009058	0.8510582103185358	0.017911721948523605	0.804917614579139	0.8971988060579326	-4.810439265970363	0.14768058746218232	-5.1908644592729445	-4.430014072667781	2159	0.5113922027010055	0.0
0009116	0.5297664965707063	0.021551609161659813	0.4742495513702706	0.585283441771142	-2.885132852916264	0.17766885784718173	-3.342807830730604	-2.427457875101924	2157	0.21898787729249425	0.0
0009152	0.12014173128592842	0.015304265426650062	0.08071794354687786	0.15956551902497898	-0.1009349941457588	0.12619134723479836	-0.42600390462259935	0.22413391633108176	2158	0.027789102574740987	0.0
0009228	0.4252436101250105	0.026166666052219515	0.357838278374493	0.492648941875528	-1.8363341476691046	0.215813089065216	-2.392268665101101	-1.2803996302371081	2150	0.10949199300689383	0.0
0009252	0.29907180636152986	0.013137363556715567	0.26522995783943054	0.3329136548836292	0.4328940152240821	0.10832961015017432	0.15383693947723304	0.7119510909709312	2159	0.19371848670154057	0.0
0009306	0.5321746950839081	0.016258217390887175	0.49029352708498275	0.5740558630828335	-2.0526777510509033	0.1340166159261132	-2.397904553676571	-1.7074509484252358	2164	0.33135957661128923	0.0
0009360	0.016066496520131857	0.018656262173422658	-0.03199203483860491	0.06412502787886863	0.6769027209874564	0.15378371823923706	0.2807558628031817	1.0730495791717312	2164	0.00034291655674989485	0.6236645503713301
0009378	0.014016692083283794	0.0033428412988728905	0.005405532897387228	0.02262785126918036	0.5769619689333908	0.027561055154079462	0.5059646908564821	0.6479592470102995	2159	0.008085070842138609	1.3772676422441066e-05
0009379	-0.0023075169272569773	0.0018763155271856078	-0.007140905725287102	0.0025258718707731483	0.020297240057283245	0.015474471099340895	-0.0195649974946189	0.060159477609185386	2147	0.000704603240845203	1.6181964110060885
0009380	0.07913777992586482	0.009483102161342587	0.05470930875824631	0.10356625109348333	0.11962292140882824	0.07817794783668044	-0.08176347221846059	0.32100931503611707	2157	0.031304507203698484	0.0
0009435	0.5445193712477682	0.014108420788401285	0.5081760792968465	0.5808626631986898	-2.833774430617777	0.1163333865978278	-3.1334492344937814	-2.5340996267417726	2156	0.40882654489538106	0.0
0009451	0.23912036227013198	0.0192009950735724	0.18965859896060946	0.28858212557965446	-0.46742899451587494	0.1582739558899284	-0.8751427048883305	-0.05971528414341937	2164	0.06693335907251385	0.0
0009982	0.10344401857012825	0.017243033195264067	0.059025965059128015	0.14786207208112848	1.074620177343823	0.14213446047450262	0.7084818071615043	1.440758547526142	2164	0.01637410987504051	1.120552539646269e-10
0010181	1.1948495170408637	0.020357374469150407	1.1424089204083323	1.2472901136733952	-7.096343063578528	0.16783951873898098	-7.528697663850143	-6.6639884633069135	2160	0.6148457350213542	0.0
0015031	0.43464083212135374	0.03134127970950386	0.3539056955896718	0.5153759686530357	-1.9522297654490304	0.2583464191969611	-2.6177301413004024	-1.2867293895976586	2164	0.08168867414839609	0.0
0015035	0.6911511760921121	0.0298304072364659	0.6143080470509759	0.7679943051332483	-4.3612223156048255	0.24597344084136494	-4.9948498992121815	-3.7275947319974696	2155	0.19957434347043324	0.0
0015136	-0.0017171394696778126	0.0018507955447508568	-0.006484788792956019	0.0030505098536003942	0.016075140730053165	0.015261842986590644	-0.023239366803404334	0.055389648263510664	2150	0.000400576964090793	1.4218906239915023
0015450	0.12665065084901397	0.013970094871019401	0.09066368646126799	0.16263761523675996	0.12397182605966317	0.11515560370291046	-0.1726690090790342	0.42061266119836055	2164	0.036623228124746166	0.0
0015739	-0.0017171394696778126	0.0018507955447508568	-0.006484788792956019	0.0030505098536003942	0.016075140730053165	0.015261842986590644	-0.023239366803404334	0.055389648263510664	2150	0.000400576964090793	1.4218906239915023
0015934	0.03317482533948985	0.0024334938588304184	0.02690614515914269	0.03944350551983701	1.804971823803959	0.02005930933241354	1.7532990429636617	1.8566446046442562	2164	0.07915655623460949	0.0
0015935	-0.0011507178382828306	0.002131070450342594	-0.006640355318365354	0.004338919641799692	1.8041697653729507	0.01756643075858564	1.758918639738834	1.8494208910070673	2164	0.00013484281852504942	1.1694099292472133
0015937	0.0794594834479381	0.009407896989861943	0.05522474080205374	0.10369422609382246	0.5613919254910124	0.07754937009696143	0.3616247481212397	0.761159102860785	2164	0.03194128453486289	0.0
0015949	0.07473863568031078	0.012890105362952856	0.04153372426534422	0.10794354709527734	0.03761626394413309	0.10625923635796913	-0.2361075289139954	0.31134005680226157	2160	0.015339544142356054	5.071796316258315e-10
0016020	0.8949701625769012	0.015088439343431067	0.8561023428282227	0.9338379823255797	-2.0554643429511623	0.12437412612937848	-2.375852091860441	-1.7350765940418833	2164	0.6193839128072356	0.0
0016149	-0.01777681009327888	0.019715906728258605	-0.06856498582527304	0.03301136563871528	0.8057502219821393	0.1625376916935695	0.38705312817950427	1.2244473157847744	2161	0.00037640727730958723	1.4040224872903773
0016226	0.4454328572933086	0.027843617957612126	0.3737076974344998	0.5171580171521175	-1.8896248418709114	0.2297125109553418	-2.4813642700918717	-1.297885413649951	2143	0.10677231844645818	0.0
0016301	0.8326547008736591	0.03225136081728796	0.7495751954083253	0.9157342063389929	-5.090988343926046	0.26600955395526205	-5.776228954914801	-4.405747732937291	2145	0.23724483846384037	0.0
0016310	0.8126520528086493	0.034226043536612044	0.7244857646583367	0.9008183409589618	-4.531142237833209	0.28217213975103095	-5.258017669831865	-3.8042668058345535	2158	0.20728360777579735	0.0
0016434	0.010114742329010617	0.006024860992983009	-0.005405299588913615	0.02563478424693485	-0.06284252330704947	0.049662977329691424	-0.19077435290833455	0.06508930629423564	2164	0.001301949375102418	0.16624333529729718
0016462	0.0739064625979553	0.017105615275938145	0.02984239764713864	0.11797052754877196	-0.37759234111492357	0.14102914790461807	-0.7408834261172197	-0.014301256112627392	2153	0.008603877877282673	6.898997769733128e-06
0016491	1.6923653326000243	0.01922262881241638	1.6428478407792397	1.7418828244208089	-9.759046609108744	0.15845228297216585	-10.167219690045043	-9.350873528172444	2164	0.781904493625288	0.0
0016620	0.40114602011414685	0.01679282582080711	0.35788770079974774	0.44440433942854596	-1.9318424529194402	0.13842339748776214	-2.2884211248479156	-1.5752637809909649	2164	0.2088218747465288	0.0
0016740	0.6688664200007383	0.016177304521384838	0.6271936835536509	0.7105391564478256	-3.092062181605421	0.1333496504959638	-3.4355708812830237	-2.748553481927818	2164	0.44155861957668774	0.0
0016746	1.3846237819950296	0.026582965118319462	1.3161460638502387	1.4531015001398204	-8.507917642734784	0.21915088549017192	-9.072450323757467	-7.943384961712101	2161	0.5568594423306368	0.0
0016757	1.003818719124403	0.026388626330070043	0.9358416176981426	1.0717958205506635	-5.338367691104917	0.21761180011621667	-5.898935688204292	-4.777799694005543	2158	0.40161446332318895	0.0
0016787	1.2178000022573872	0.01784432037701337	1.1718330329662008	1.2637669715485735	-5.953271761830194	0.14709087552053085	-6.332177857171081	-5.574365666489306	2164	0.682967487663249	0.0
0016853	1.2828838877002164	0.0298048415697906	1.2061066158164357	1.3596611595839971	-8.89956215617573	0.24583824409263388	-9.532841472958355	-8.266282839393105	2148	0.4633232703219613	0.0
0016874	0.8214396269520601	0.024448680755741685	0.7584598253252695	0.8844194285788507	-5.135488832258758	0.20153067091961144	-5.654631840547678	-4.616345823969839	2164	0.343029058454289	0.0
0016879	0.16397049808331798	0.015972177878035742	0.1228261678694979	0.20511482829713806	-1.1654010955793264	0.13165046216798	-1.504532686124043	-0.8262695050346098	2150	0.046769918953288414	0.0
0016887	0.7993928243593349	0.018545906677539623	0.7516185687579928	0.847167079960677	-2.2914529376461434	0.1528740570044585	-2.6852565084896285	-1.8976493668026584	2164	0.4621768299841321	0.0
0016987	1.690363308453535	0.02875062256247159	1.6163017047326083	1.7644249121744617	-11.572779506508944	0.23700753765545615	-12.1833109235094	-10.962248089508488	2163	0.6153251324754598	0.0
0019843	0.0031915868129018246	0.005389488397412022	-0.010691735298831544	0.017074908924635195	1.0775893460175694	0.04442559594504209	0.963149010863141	1.192029681171998	2164	0.00016217806446505723	0.7999120096381687
0022625	-0.0015908436464515635	0.0015272297381439686	-0.005524987451910426	0.0023433001590072995	1.6209913329456955	0.012588966940649943	1.5885621541065813	1.6534205117848098	2164	0.0005016174748024849	1.4988043411534098
0022627	0.03884504079699486	0.008735295136468578	0.016342920525451804	0.06134716106853792	0.7099257254305276	0.07200510764246046	0.5244405681435494	0.8954108827175057	2164	0.009063710831909266	3.408829187812046e-06
0022857	1.3332821883852235	0.01872883700315367	1.2850367042650996	1.3815276725053474	-6.755593173751473	0.15438195314089462	-7.153281085042417	-6.357905262460529	2164	0.700961396416442	0.0
0030170	1.0295546691951674	0.01632938530191435	0.987490172657436	1.0716191657328986	-5.486398833793103	0.13460325358564762	-5.833136815029731	-5.139660852556475	2164	0.6477221765834551	0.0
0031167	0.10291554429710845	0.01727423752257728	0.058417108438949365	0.14741398015526752	-0.014153413609677368	0.1423723651196227	-0.38090462615782544	0.3525977989384707	2159	0.016189208402925148	1.536011318137298e-10
0032784	0.4074550635112097	0.019265645646695806	0.3578267603253213	0.4570833666970981	-2.3709473341673175	0.15881432382480423	-2.780053032340013	-1.9618416359946218	2163	0.17148885162645655	0.0
0033862	0.014481060096715319	0.0030941914938412644	0.006510422808580222	0.022451697384850415	-0.11377134075003893	0.025514260427118757	-0.17949607561029685	-0.048046605889781005	2151	0.010089412763010563	8.794486876517738e-07
0036211	0.3926065122317366	0.022066586214324144	0.3357629861436376	0.4494500383198356	-1.5234264309286372	0.18189504657153371	-1.991988070896908	-1.0548647909603663	2164	0.12771641146596202	0.0
0042026	0.45121441595991246	0.016575286669239336	0.4085164774999519	0.493912354419873	-2.974583714501967	0.136671997237508	-3.3266507793857873	-2.6225166496181465	2158	0.2557930768587875	0.0
0042254	-0.09969185738241666	0.022553789520015695	-0.15779041918597708	-0.04159329557885623	2.0971967836705394	0.18591106731519744	1.6182898742665908	2.576103693074488	2164	0.008956071342952288	1.999996036105332
0042586	0.4002610898371604	0.018965840123301374	0.3514050856795361	0.4491170939947847	-2.929068654329698	0.15636457098227965	-3.3318637891800504	-2.5262735194793455	2156	0.17134473745016854	0.0
0042626	1.1005038112066303	0.031898961302698585	1.0183320868908787	1.182675535522382	-4.792467884537913	0.26294339302793795	-5.469810064977882	-4.115125704097945	2164	0.35505572553439635	0.0
0043022	0.15317137084743088	0.014289386049674125	0.11636191238347032	0.18998082931139143	0.2932227964651801	0.11778752344107009	-0.010197863919016448	0.5966434568493767	2164	0.050464235343597785	0.0
0043190	1.0298534617487962	0.033477778177246564	0.9436147051642091	1.1160922183333835	-5.987910366214479	0.27600398816952004	-6.6988966397391625	-5.276924092689795	2160	0.30483950851706776	0.0
0043952	0.09963877773897328	0.01388975789635336	0.06385876139796703	0.13541879407997953	0.3625026442332032	0.1144933853785006	0.0675676834981857	0.6574376049682207	2164	0.02324854658826392	5.773159728050814e-15
0046872	1.0307361727150606	0.0218104268714497	0.9745525130942061	1.086919832335915	-3.8993319789613183	0.17978352306040565	-4.362454334364923	-3.4362096235577133	2164	0.5081222381036359	0.0
0048501	0.0012973066626464315	0.001065694019657988	-0.0014479211319925458	0.004042534457285409	-0.010037784540561371	0.008786177999768007	-0.03267097906796376	0.012595409986841017	2154	0.0006881435014531867	0.38929815829002745
0050660	1.3830489051341848	0.023864494627846837	1.3215739669728512	1.4445238432955183	-8.472829765966733	0.19671521999721642	-8.979568172679562	-7.9660913592539035	2164	0.6083826528077425	0.0
0050661	0.972815328167441	0.019036246019805046	0.9237779584204232	1.0218526979144589	-5.75360831211767	0.1569159281226711	-6.157823742961671	-5.349392881273669	2164	0.5470875099876168	0.0
0051082	0.5791602309800827	0.024114713376099575	0.5170407293232502	0.6412797326369153	-3.3087850011175126	0.19879681564491786	-3.820885598218821	-2.7966844040162044	2160	0.2109142859841534	0.0
0051287	0.9004951184759998	0.017997888625343107	0.854132557377116	0.9468576795748836	-4.7659331217237915	0.14835673981918318	-5.148100083498007	-4.383766159949576	2164	0.5365824093056801	0.0
0051301	0.2694950907727459	0.015540910079906912	0.22946170640690572	0.3095284751385861	0.020947411271161176	0.12810384602733466	-0.3090480960952529	0.35094291863757526	2164	0.12210555767327702	0.0
0051539	0.8453250046030928	0.02350804566849543	0.7847682789610486	0.905881730245137	-4.064873918988578	0.19382893189603492	-4.564177247552764	-3.565570590424392	2159	0.3747911630434615	0.0
0052381	-0.006350249120178549	0.006306737425885661	-0.022596404729260014	0.009895906488902914	0.07543705429163354	0.05198965199995146	-0.058488289260241424	0.20936239784350852	2155	0.0004706776054824724	1.4755653533703796
0052906	0.0005519618015368904	0.0010607783951958132	-0.0021806033444875246	0.0032845269475613053	-0.003902452425097494	0.008743920561664375	-0.026426791791944924	0.01862188694174994	2162	0.0001253315843509073	0.8416719888978734
0055052	1.107622061420845	0.030813560946345738	1.0282463284230583	1.1869977944186316	-6.050019161211322	0.2540007465889642	-6.704325084424494	-5.395713237998151	2163	0.3741872873307227	0.0
0055085	1.2377737412856102	0.018996676559629888	1.1888383024680036	1.2867091801032169	-5.627218340877682	0.15658975674611722	-6.030593554255679	-5.223843127499684	2164	0.6625821015127323	0.0
0070006	0.7143335196555788	0.02175942210340581	0.6582812483172055	0.7703857909939521	-4.561396635323465	0.1794874500181969	-5.02375630657034	-4.09903696407659	2143	0.3348294711903471	0.0
0071949	1.3839978529789743	0.028794374872843545	1.3098235433065293	1.4581721626514192	-9.481316474766349	0.23744304594849372	-10.092969761129668	-8.86966318840303	2155	0.5176141005639718	0.0
0071951	0.14497854619986356	0.010703658204433345	0.11740592266524326	0.17255116973448387	-1.1178961799189076	0.08823252031666931	-1.3451831522546478	-0.8906092075831674	2159	0.07838657073147381	0.0
0140359	1.1342948400660724	0.03133989819716291	1.0535632623101807	1.215026417821964	-5.008956812546563	0.2583350313796905	-5.674427853380646	-4.34348577171248	2164	0.3772962786330525	0.0
0140662	0.8142763589658303	0.02537614679662457	0.7489074048177253	0.8796453131139352	-5.915405300236019	0.20923973950467017	-6.454406869200049	-5.376403731271989	2158	0.32321638844760026	0.0
