environment	category	r_squared
Aquatic	K00005	0.0679830534660987
Aquatic	K00014	0.0905281828739603
Aquatic	K00021	0.0598905316416626
Aquatic	K00077	0.0518713948754376
Aquatic	K00228	0.1124778429132772
Aquatic	K00299	0.0715508586098981
Aquatic	K00450	0.2019309410597591
Aquatic	K00456	0.316323796809794
Aquatic	K00587	0.1180489887129527
Aquatic	K00640	0.0720769291501716
Aquatic	K00672	0.3470271047894558
Aquatic	K00787	0.3565606090211426
Aquatic	K00795	0.3565606090211426
Aquatic	K00863	0.0575252156273539
Aquatic	K00883	0.0847708411667196
Aquatic	K00884	0.0672215366715413
Aquatic	K01433	0.0584272300468635
Aquatic	K01455	0.0844671156909334
Aquatic	K01458	0.0688677618410549
Aquatic	K01477	0.0628409247615364
Aquatic	K01480	0.0915367304910084
Aquatic	K01497	0.0991147815021159
Aquatic	K01643	0.3070002393669286
Aquatic	K01644	0.3070002393669286
Aquatic	K01646	0.3070002393669286
Aquatic	K01655	0.0977003399948851
Aquatic	K01666	0.0602977346860714
Aquatic	K01686	0.0759210739189419
Aquatic	K01711	0.0503431922490524
Aquatic	K01746	0.0581895656420201
Aquatic	K01841	0.1734426729646995
Aquatic	K01847	0.099331147192622
Aquatic	K01848	0.099331147192622
Aquatic	K01849	0.099331147192622
Aquatic	K01851	0.1095977854141937
Aquatic	K01858	0.1043350047979007
Aquatic	K01915	0.1199194494667863
Aquatic	K01919	0.0912695078138465
Aquatic	K02230	0.0549643660451046
Aquatic	K02302	0.0674986375872233
Aquatic	K02304	0.0674986375872233
Aquatic	K02361	0.1095977854141937
Aquatic	K02552	0.1095977854141937
Aquatic	K02594	0.0977003399948851
Aquatic	K02636	0.1286028946708861
Aquatic	K02805	0.0688448352971357
Aquatic	K02858	0.0686679696994433
Aquatic	K03430	0.0959839059536784
Aquatic	K03785	0.0599859118668191
Aquatic	K03786	0.0599859118668191
Aquatic	K03921	0.2565230913327773
Aquatic	K03922	0.2565230913327773
Aquatic	K05887	0.0905281828739603
Aquatic	K06048	0.0912695078138465
Aquatic	K07749	0.3919814888102839
Aquatic	K08323	0.0759210739189419
Aquatic	K09882	0.0549643660451046
Aquatic	K09883	0.0549643660451046
Aquatic	K10977	0.0977003399948851
Aquatic	K11204	0.0912695078138465
Aquatic	K11205	0.0912695078138465
Aquatic	K13562	0.0715508586098981
Aquatic	K13990	0.0581895656420201
Aquatic	K14541	0.0657034306258176
Aquatic	K14652	0.0978846918799904
Aquatic	K15918	0.0684524165015284
Aquatic	K16047	0.0916524213763054
Aquatic	K16048	0.0916524213763054
Aquatic	K16953	0.0607238974801718
Aquatic	K18126	0.0847708411667196
Aquatic	K18365	0.0602977346860714
Aquatic	K19285	0.0715508586098981
Aquatic	K19286	0.0715508586098981
Aquatic	K19670	0.2168665846555032
Aquatic	K19726	0.0937464595723468
Aquatic	K22251	0.0679830534660987
Aquatic	K22373	0.1226769375812818
Aquatic	K23304	0.0720769291501716
Aquatic	K23999	0.1734426729646995
Aquatic	K24042	0.0569031409731791
Aquatic	K24263	0.0518713948754376
Aquatic	K28067	0.0607238974801718
Aquatic	K28068	0.0607238974801718
Aquatic	K28069	0.0607238974801718
Aquatic	K28207	0.0672215366715413
Aquatic	K28208	0.0672215366715413
Terrestrial	K00005	0.0520075055521641
Terrestrial	K00021	0.1591999924004815
Terrestrial	K00133	0.2249631655258324
Terrestrial	K00200	0.2101458255938433
Terrestrial	K00201	0.2101458255938433
Terrestrial	K00202	0.2101458255938433
Terrestrial	K00203	0.2101458255938433
Terrestrial	K00204	0.2101458255938433
Terrestrial	K00205	0.2101458255938433
Terrestrial	K00216	0.0544661526992615
Terrestrial	K00228	0.0738524630227962
Terrestrial	K00265	0.0822042180676334
Terrestrial	K00266	0.0822042180676334
Terrestrial	K00288	0.086941493876978
Terrestrial	K00299	0.1092344735684366
Terrestrial	K00300	0.086941493876978
Terrestrial	K00301	0.0747823990960073
Terrestrial	K00302	0.0747823990960073
Terrestrial	K00303	0.0747823990960073
Terrestrial	K00304	0.0747823990960073
Terrestrial	K00305	0.0747823990960073
Terrestrial	K00306	0.0775180374316517
Terrestrial	K00450	0.2772695775843034
Terrestrial	K00640	0.2115521655248676
Terrestrial	K00672	0.3468125959630386
Terrestrial	K00767	0.1267081156510584
Terrestrial	K00768	0.2603035123205262
Terrestrial	K00787	0.8841332956655399
Terrestrial	K00795	0.8841332956655399
Terrestrial	K00800	0.0810348763776551
Terrestrial	K00820	0.29900345458377
Terrestrial	K00855	0.1132479919329175
Terrestrial	K00864	0.1291504446631495
Terrestrial	K00884	0.3276891768232612
Terrestrial	K00938	0.0725482159085216
Terrestrial	K00948	0.0618437701883285
Terrestrial	K00973	0.0833324905710606
Terrestrial	K01006	0.0685262554726111
Terrestrial	K01089	0.0631589272722977
Terrestrial	K01091	0.2454154525772856
Terrestrial	K01483	0.1458529440704599
Terrestrial	K01491	0.086941493876978
Terrestrial	K01495	0.0669807646961017
Terrestrial	K01497	0.2505043778211666
Terrestrial	K01586	0.222839681253997
Terrestrial	K01587	0.0602379816920719
Terrestrial	K01626	0.1045896862298102
Terrestrial	K01627	0.0653620402166521
Terrestrial	K01638	0.0831615014681921
Terrestrial	K01655	0.0788659199765889
Terrestrial	K01662	0.2385080527896758
Terrestrial	K01664	0.1135108661573626
Terrestrial	K01665	0.1135108661573626
Terrestrial	K01675	0.1425560262830612
Terrestrial	K01676	0.1425560262830612
Terrestrial	K01677	0.1425560262830612
Terrestrial	K01678	0.1425560262830612
Terrestrial	K01679	0.1425560262830612
Terrestrial	K01710	0.0824614824153742
Terrestrial	K01719	0.171706964508462
Terrestrial	K01749	0.2520806086774615
Terrestrial	K01774	0.1425560262830612
Terrestrial	K01843	0.1030425648489313
Terrestrial	K01846	0.5688694597830751
Terrestrial	K01847	0.0537154323059282
Terrestrial	K01848	0.0537154323059282
Terrestrial	K01849	0.0537154323059282
Terrestrial	K01851	0.0645161965383471
Terrestrial	K01858	0.1775590514668038
Terrestrial	K01873	0.0684963322375532
Terrestrial	K01915	0.2092374592295408
Terrestrial	K01919	0.1806050567859061
Terrestrial	K01921	0.0719258010747559
Terrestrial	K01939	0.0893512396621882
Terrestrial	K01941	0.0694912618775575
Terrestrial	K02203	0.0844679174600044
Terrestrial	K02230	0.1952243278644783
Terrestrial	K02361	0.0645161965383471
Terrestrial	K02552	0.0645161965383471
Terrestrial	K02594	0.0788659199765889
Terrestrial	K03403	0.3628884627517105
Terrestrial	K03404	0.3628884627517105
Terrestrial	K03405	0.3628884627517105
Terrestrial	K03430	0.3357581709482888
Terrestrial	K03526	0.2766304429518428
Terrestrial	K03527	0.1482734800459931
Terrestrial	K03785	0.0529782793941181
Terrestrial	K03786	0.0529782793941181
Terrestrial	K03852	0.0839899820832399
Terrestrial	K03856	0.1045896862298102
Terrestrial	K03921	0.1047766924623688
Terrestrial	K03922	0.1047766924623688
Terrestrial	K06048	0.1806050567859061
Terrestrial	K06153	0.0923484905804982
Terrestrial	K07749	0.1246452550189676
Terrestrial	K09007	0.0669807646961017
Terrestrial	K09882	0.1952243278644783
Terrestrial	K09883	0.1952243278644783
Terrestrial	K10977	0.0788659199765889
Terrestrial	K11204	0.1806050567859061
Terrestrial	K11205	0.1806050567859061
Terrestrial	K11260	0.2101458255938433
Terrestrial	K11261	0.2101458255938433
Terrestrial	K12526	0.1018366203164993
Terrestrial	K13273	0.0725482159085216
Terrestrial	K13542	0.171706964508462
Terrestrial	K13543	0.171706964508462
Terrestrial	K13562	0.1092344735684366
Terrestrial	K13786	0.1746052289610887
Terrestrial	K13829	0.0763773289219463
Terrestrial	K13830	0.1586017954777382
Terrestrial	K13832	0.0641453250542049
Terrestrial	K13853	0.2041371652777565
Terrestrial	K13950	0.1135108661573626
Terrestrial	K14154	0.1003962366549775
Terrestrial	K14652	0.2146186217917975
Terrestrial	K16856	0.1458529440704599
Terrestrial	K18384	0.0988014182313907
Terrestrial	K19268	0.5688694597830751
Terrestrial	K19269	0.2454154525772856
Terrestrial	K19285	0.1092344735684366
Terrestrial	K19286	0.1092344735684366
Terrestrial	K19302	0.0923484905804982
Terrestrial	K19670	0.3996703032439207
Terrestrial	K19726	0.0990852422808822
Terrestrial	K22223	0.2454154525772856
Terrestrial	K22251	0.0520075055521641
Terrestrial	K22391	0.0669807646961017
Terrestrial	K22548	0.0988014182313907
Terrestrial	K23144	0.0554475738859818
Terrestrial	K23304	0.2115521655248676
Terrestrial	K24017	0.0619623308122094
Terrestrial	K24042	0.0802758205248083
Terrestrial	K28203	0.2454154525772856
Terrestrial	K28207	0.3276891768232612
Terrestrial	K28208	0.3276891768232612
Terrestrial	K28462	0.1132479919329175
Mammals: Human	K00005	0.1680284334282594
Mammals: Human	K00012	0.827265869438816
Mammals: Human	K00014	0.080099295543885
Mammals: Human	K00021	0.163359976885598
Mammals: Human	K00077	0.0801444351699071
Mammals: Human	K00121	0.0573190878092509
Mammals: Human	K00122	0.2292182286130401
Mammals: Human	K00123	0.2292182286130401
Mammals: Human	K00124	0.2292182286130401
Mammals: Human	K00126	0.2292182286130401
Mammals: Human	K00127	0.2292182286130401
Mammals: Human	K00133	0.0508293185455273
Mammals: Human	K00158	0.2737284204585524
Mammals: Human	K00228	0.4309357887445113
Mammals: Human	K00456	0.0845649090420894
Mammals: Human	K00564	0.1582494180581225
Mammals: Human	K00640	0.0799191387043455
Mammals: Human	K00643	0.0879601563777353
Mammals: Human	K00767	0.1028422388930857
Mammals: Human	K00787	0.2807607433710588
Mammals: Human	K00795	0.2807607433710588
Mammals: Human	K00804	0.1644056749887988
Mammals: Human	K00820	0.0734039749003307
Mammals: Human	K00928	0.0834683786001534
Mammals: Human	K00950	0.0505955497695188
Mammals: Human	K00963	0.0800555670374547
Mammals: Human	K00966	0.0775749160781105
Mammals: Human	K00971	0.0775749160781105
Mammals: Human	K01003	0.1702497064439759
Mammals: Human	K01011	0.0693373389594104
Mammals: Human	K01067	0.4617853535745518
Mammals: Human	K01089	0.0956506090209086
Mammals: Human	K01091	0.0882901695110287
Mammals: Human	K01433	0.061469683200226
Mammals: Human	K01469	0.1092073631410874
Mammals: Human	K01480	0.2401426226616958
Mammals: Human	K01497	0.1840382511722185
Mammals: Human	K01586	0.1593105621696533
Mammals: Human	K01587	0.0649587574821891
Mammals: Human	K01610	0.1142971280310521
Mammals: Human	K01635	0.1301063995420316
Mammals: Human	K01637	0.1198303059565883
Mammals: Human	K01647	0.6818284757598179
Mammals: Human	K01649	0.1612748998717962
Mammals: Human	K01664	0.0663220847615306
Mammals: Human	K01665	0.0663220847615306
Mammals: Human	K01666	0.1739129647617047
Mammals: Human	K01675	0.0673859995266894
Mammals: Human	K01676	0.0673859995266894
Mammals: Human	K01677	0.0673859995266894
Mammals: Human	K01678	0.0673859995266894
Mammals: Human	K01679	0.0673859995266894
Mammals: Human	K01684	0.1097839579412132
Mammals: Human	K01686	0.1226295091935248
Mammals: Human	K01694	0.080785677484084
Mammals: Human	K01695	0.080785677484084
Mammals: Human	K01696	0.080785677484084
Mammals: Human	K01719	0.1383528832403976
Mammals: Human	K01774	0.0673859995266894
Mammals: Human	K01775	0.0883489168009767
Mammals: Human	K01798	0.0883489168009767
Mammals: Human	K01807	0.0900042787926169
Mammals: Human	K01808	0.0900042787926169
Mammals: Human	K01819	0.1027977440159245
Mammals: Human	K01837	0.1265621034373659
Mammals: Human	K01838	0.0671088255404677
Mammals: Human	K01847	0.1158149869314946
Mammals: Human	K01848	0.1158149869314946
Mammals: Human	K01849	0.1158149869314946
Mammals: Human	K01850	0.1791491941813743
Mammals: Human	K01851	0.1825474157259825
Mammals: Human	K01907	0.1362015495818119
Mammals: Human	K01910	0.0967036218794397
Mammals: Human	K01912	0.0914088235934381
Mammals: Human	K01915	0.2358742893494769
Mammals: Human	K01919	0.3650255552446165
Mammals: Human	K01921	0.1011068452491289
Mammals: Human	K01928	0.0514777830474653
Mammals: Human	K01939	0.0761575028410672
Mammals: Human	K01941	0.1054091338214404
Mammals: Human	K01958	0.0665195998535119
Mammals: Human	K01959	0.0665195998535119
Mammals: Human	K01960	0.0665195998535119
Mammals: Human	K02203	0.1060401205928371
Mammals: Human	K02226	0.276189641623654
Mammals: Human	K02230	0.0853122439622833
Mammals: Human	K02302	0.2851131207057032
Mammals: Human	K02304	0.2851131207057032
Mammals: Human	K02361	0.1825474157259825
Mammals: Human	K02439	0.0693373389594104
Mammals: Human	K02488	0.1002096515735639
Mammals: Human	K02552	0.1825474157259825
Mammals: Human	K02805	0.0830013957929087
Mammals: Human	K02858	0.1861015499958216
Mammals: Human	K03077	0.1897175349965568
Mammals: Human	K03430	0.1303429315595468
Mammals: Human	K03465	0.0637760589662335
Mammals: Human	K03527	0.0913123774924666
Mammals: Human	K03777	0.060100401847576
Mammals: Human	K03778	0.060100401847576
Mammals: Human	K03785	0.0706679312607772
Mammals: Human	K03786	0.0706679312607772
Mammals: Human	K03794	0.0829160942037735
Mammals: Human	K03921	0.0537639202672185
Mammals: Human	K03922	0.0537639202672185
Mammals: Human	K04092	0.1791491941813743
Mammals: Human	K04093	0.1791491941813743
Mammals: Human	K04516	0.1791491941813743
Mammals: Human	K05306	0.0569783082456406
Mammals: Human	K05308	0.1097839579412132
Mammals: Human	K05887	0.080099295543885
Mammals: Human	K05942	0.6818284757598179
Mammals: Human	K06001	0.080785677484084
Mammals: Human	K06048	0.3650255552446165
Mammals: Human	K06153	0.1429774979861022
Mammals: Human	K06208	0.1791491941813743
Mammals: Human	K06209	0.1791491941813743
Mammals: Human	K06211	0.2688566197951837
Mammals: Human	K07142	0.0505955497695188
Mammals: Human	K07160	0.1092073631410874
Mammals: Human	K08302	0.1301063995420316
Mammals: Human	K08316	0.1582494180581225
Mammals: Human	K08323	0.1226295091935248
Mammals: Human	K09882	0.0853122439622833
Mammals: Human	K09883	0.0853122439622833
Mammals: Human	K10524	0.2688566197951837
Mammals: Human	K11204	0.3650255552446165
Mammals: Human	K11205	0.3650255552446165
Mammals: Human	K11391	0.1582494180581225
Mammals: Human	K12251	0.0887779862951828
Mammals: Human	K12297	0.1582494180581225
Mammals: Human	K12524	0.0834683786001534
Mammals: Human	K12525	0.0834683786001534
Mammals: Human	K12526	0.2282996580201688
Mammals: Human	K13069	0.1002096515735639
Mammals: Human	K13243	0.1102574953181363
Mammals: Human	K13244	0.1102574953181363
Mammals: Human	K13245	0.1102574953181363
Mammals: Human	K13246	0.1102574953181363
Mammals: Human	K13542	0.1383528832403976
Mammals: Human	K13543	0.1383528832403976
Mammals: Human	K13786	0.0511326671535011
Mammals: Human	K13787	0.1644056749887988
Mammals: Human	K13789	0.1644056749887988
Mammals: Human	K13830	0.1531542028330709
Mammals: Human	K13832	0.1970260878054922
Mammals: Human	K13853	0.0540295935974322
Mammals: Human	K13939	0.0505955497695188
Mammals: Human	K13940	0.0505955497695188
Mammals: Human	K13941	0.0505955497695188
Mammals: Human	K13950	0.0663220847615306
Mammals: Human	K14153	0.0547656745707481
Mammals: Human	K14170	0.1791491941813743
Mammals: Human	K14187	0.0501429583125531
Mammals: Human	K14541	0.0885398862178625
Mammals: Human	K14652	0.3121501690398999
Mammals: Human	K14759	0.0874383680297991
Mammals: Human	K15461	0.055694399841464
Mammals: Human	K15792	0.0514777830474653
Mammals: Human	K16011	0.0775749160781105
Mammals: Human	K16047	0.3455587891008801
Mammals: Human	K16048	0.3455587891008801
Mammals: Human	K16371	0.1301063995420316
Mammals: Human	K16881	0.0775749160781105
Mammals: Human	K18365	0.1739129647617047
Mammals: Human	K19269	0.0882901695110287
Mammals: Human	K19302	0.1429774979861022
Mammals: Human	K21219	0.0547656745707481
Mammals: Human	K22223	0.0882901695110287
Mammals: Human	K22251	0.1680284334282594
Mammals: Human	K22316	0.276189641623654
Mammals: Human	K22373	0.0686563502625147
Mammals: Human	K22515	0.2292182286130401
Mammals: Human	K22920	0.0800555670374547
Mammals: Human	K23123	0.1092073631410874
Mammals: Human	K23124	0.1092073631410874
Mammals: Human	K23304	0.0799191387043455
Mammals: Human	K24018	0.0840648102824758
Mammals: Human	K24042	0.1091610772827912
Mammals: Human	K24263	0.0801444351699071
Mammals: Human	K24866	0.1555667072708536
Mammals: Human	K28203	0.0882901695110287
Mammals: Human	K28660	0.0800555670374547
Plants	K00010	0.06585716904742
Plants	K00014	0.0762680533258103
Plants	K00019	0.1538203472129592
Plants	K00021	0.1800275204970738
Plants	K00027	0.1057037188117592
Plants	K00028	0.1057037188117592
Plants	K00077	0.1963401101113119
Plants	K00133	0.2150777649219371
Plants	K00211	0.0994607618175771
Plants	K00216	0.2606699835230741
Plants	K00228	0.2440044812571562
Plants	K00288	0.1341004452111515
Plants	K00299	0.1725317870158979
Plants	K00300	0.1341004452111515
Plants	K00456	0.0867345025415422
Plants	K00564	0.1765949002802778
Plants	K00640	0.0994066510528597
Plants	K00643	0.0804378688484496
Plants	K00672	0.0690726129089133
Plants	K00681	0.0913835515970703
Plants	K00761	0.0654810227040184
Plants	K00766	0.0901590363616586
Plants	K00768	0.0967350962000711
Plants	K00800	0.111139860061768
Plants	K00820	0.2684834074403545
Plants	K00849	0.0539217412572886
Plants	K00864	0.0524771746555742
Plants	K00884	0.365756596473055
Plants	K00963	0.0791185364740337
Plants	K01003	0.1545236561980834
Plants	K01006	0.0856107302860589
Plants	K01011	0.2134267452335985
Plants	K01091	0.2119541929917077
Plants	K01433	0.1211984902897016
Plants	K01455	0.1246938366422394
Plants	K01465	0.0570068895035138
Plants	K01469	0.0686251793715504
Plants	K01491	0.1341004452111515
Plants	K01495	0.0533637549093443
Plants	K01497	0.189543853150832
Plants	K01499	0.0690726129089133
Plants	K01523	0.071278998225729
Plants	K01613	0.066688983113469
Plants	K01626	0.0686806305540375
Plants	K01659	0.0505172889712338
Plants	K01662	0.0703523616491322
Plants	K01675	0.1085568366551682
Plants	K01676	0.1085568366551682
Plants	K01677	0.1085568366551682
Plants	K01678	0.1085568366551682
Plants	K01679	0.1085568366551682
Plants	K01711	0.1691040932189423
Plants	K01719	0.0930848817855635
Plants	K01749	0.1407224257227994
Plants	K01774	0.1085568366551682
Plants	K01783	0.0784175679420425
Plants	K01790	0.0611052803516057
Plants	K01838	0.1134722662955173
Plants	K01850	0.2788770014903479
Plants	K01857	0.1890379389556948
Plants	K01858	0.2966287309026556
Plants	K01907	0.0796088181275843
Plants	K01915	0.2469630558512735
Plants	K01919	0.0945481948470953
Plants	K01923	0.0879404878285818
Plants	K02439	0.2134267452335985
Plants	K02825	0.0654810227040184
Plants	K02851	0.0692921749217824
Plants	K03335	0.0873672151425863
Plants	K03417	0.0686284956164813
Plants	K03430	0.0897604280530525
Plants	K03526	0.1204151023386876
Plants	K03527	0.1281849698895634
Plants	K03785	0.0729451531475036
Plants	K03786	0.0729451531475036
Plants	K03856	0.0686806305540375
Plants	K04092	0.2788770014903479
Plants	K04093	0.2788770014903479
Plants	K04516	0.2788770014903479
Plants	K04835	0.0622814295768264
Plants	K05887	0.0762680533258103
Plants	K06048	0.0945481948470953
Plants	K06153	0.0540157037667998
Plants	K06208	0.2788770014903479
Plants	K06209	0.2788770014903479
Plants	K07026	0.1625445440466723
Plants	K07160	0.0686251793715504
Plants	K07749	0.0854420578101853
Plants	K08316	0.1765949002802778
Plants	K08678	0.0881185289489375
Plants	K08963	0.1027879806225462
Plants	K09007	0.0533637549093443
Plants	K11204	0.0945481948470953
Plants	K11205	0.0945481948470953
Plants	K11391	0.1765949002802778
Plants	K11540	0.0508668362048878
Plants	K11752	0.0543452498767972
Plants	K11755	0.0544329913493022
Plants	K12297	0.1765949002802778
Plants	K12447	0.076163272810644
Plants	K12449	0.0881185289489375
Plants	K12506	0.1407572808083045
Plants	K13243	0.0708916180408669
Plants	K13244	0.0708916180408669
Plants	K13245	0.0708916180408669
Plants	K13246	0.0708916180408669
Plants	K13497	0.0901590363616586
Plants	K13542	0.0930848817855635
Plants	K13543	0.0930848817855635
Plants	K13562	0.1725317870158979
Plants	K13713	0.101950640306853
Plants	K13786	0.1705209126119683
Plants	K13830	0.2161700720682623
Plants	K13832	0.1362921315056158
Plants	K14152	0.0544329913493022
Plants	K14170	0.2788770014903479
Plants	K14187	0.0835532802193745
Plants	K14541	0.0582001724103253
Plants	K14584	0.1646891804523722
Plants	K14652	0.1729878457944177
Plants	K16953	0.0535374522331307
Plants	K18592	0.0913835515970703
Plants	K19269	0.2119541929917077
Plants	K19285	0.1725317870158979
Plants	K19286	0.1725317870158979
Plants	K19302	0.0540157037667998
Plants	K19726	0.1005359625226018
Plants	K22223	0.2119541929917077
Plants	K22373	0.0559207212499159
Plants	K22391	0.0533637549093443
Plants	K22920	0.0791185364740337
Plants	K23123	0.0686251793715504
Plants	K23124	0.0686251793715504
Plants	K23304	0.0994066510528597
Plants	K24017	0.0511038395205091
Plants	K24263	0.1963401101113119
Plants	K27797	0.0505172889712338
Plants	K28067	0.0535374522331307
Plants	K28068	0.0535374522331307
Plants	K28069	0.0535374522331307
Plants	K28203	0.2119541929917077
Plants	K28207	0.365756596473055
Plants	K28208	0.365756596473055
Plants	K28660	0.0791185364740337
Mammals	K00010	0.1330785715313788
Mammals	K00027	0.1351079202433913
Mammals	K00028	0.1351079202433913
Mammals	K00029	0.2032223502070013
Mammals	K00077	0.0609901377445414
Mammals	K00122	0.0523450881309556
Mammals	K00123	0.0523450881309556
Mammals	K00124	0.0523450881309556
Mammals	K00126	0.0523450881309556
Mammals	K00127	0.0523450881309556
Mammals	K00228	0.4169058764377295
Mammals	K00231	0.1137882772154332
Mammals	K00306	0.2166875903475753
Mammals	K00564	0.1639053730622693
Mammals	K00640	0.0997775356619607
Mammals	K00681	0.0952463193157332
Mammals	K00767	0.1644959857869148
Mammals	K00800	0.0503190227737878
Mammals	K00804	0.5511181141375436
Mammals	K00820	0.0851905914017747
Mammals	K00851	0.0621582797678669
Mammals	K00929	0.0513116068230158
Mammals	K00963	0.084781501899372
Mammals	K00973	0.1088274415773746
Mammals	K01003	0.158838496120104
Mammals	K01007	0.0590217263251258
Mammals	K01011	0.3201060157441747
Mammals	K01067	0.1539748628921045
Mammals	K01091	0.151717189058478
Mammals	K01433	0.1538572598677705
Mammals	K01469	0.15429068160586
Mammals	K01477	0.246471781503697
Mammals	K01495	0.0566189899492552
Mammals	K01586	0.0878495181530998
Mammals	K01587	0.0601379008362286
Mammals	K01626	0.0757962965351547
Mammals	K01627	0.1283184916555955
Mammals	K01638	0.1197029944351724
Mammals	K01649	0.2132465115091322
Mammals	K01675	0.0638635269508997
Mammals	K01676	0.0638635269508997
Mammals	K01677	0.0638635269508997
Mammals	K01678	0.0638635269508997
Mammals	K01679	0.0638635269508997
Mammals	K01686	0.0575319683122749
Mammals	K01694	0.0746212535168123
Mammals	K01695	0.0746212535168123
Mammals	K01696	0.0746212535168123
Mammals	K01698	0.0537813144970272
Mammals	K01708	0.072200335409818
Mammals	K01710	0.0619140113640171
Mammals	K01711	0.2229752812399099
Mammals	K01719	0.1007270114289349
Mammals	K01746	0.0645041720209841
Mammals	K01774	0.0638635269508997
Mammals	K01807	0.0724065729033824
Mammals	K01808	0.0724065729033824
Mammals	K01813	0.0883582582701673
Mammals	K01820	0.0883582582701673
Mammals	K01837	0.1004593470181052
Mammals	K01851	0.1130514389895909
Mammals	K01910	0.0532620337291247
Mammals	K01915	0.3225247809307556
Mammals	K01919	0.3030552235974296
Mammals	K01921	0.0989595318921559
Mammals	K02230	0.0587962153728289
Mammals	K02302	0.1794618089491537
Mammals	K02304	0.1794618089491537
Mammals	K02361	0.1130514389895909
Mammals	K02439	0.3201060157441747
Mammals	K02488	0.072182183071636
Mammals	K02552	0.1130514389895909
Mammals	K03077	0.1025612640573595
Mammals	K03335	0.074424555100009
Mammals	K03430	0.2582021870765248
Mammals	K03794	0.2510314294803424
Mammals	K03856	0.0757962965351547
Mammals	K06001	0.0746212535168123
Mammals	K06048	0.3030552235974296
Mammals	K06153	0.1301645385069301
Mammals	K07160	0.15429068160586
Mammals	K08316	0.1639053730622693
Mammals	K08323	0.0575319683122749
Mammals	K08963	0.1101963943995097
Mammals	K09007	0.0566189899492552
Mammals	K09882	0.0587962153728289
Mammals	K09883	0.0587962153728289
Mammals	K11204	0.3030552235974296
Mammals	K11205	0.3030552235974296
Mammals	K11391	0.1639053730622693
Mammals	K11808	0.0513697011457592
Mammals	K12297	0.1639053730622693
Mammals	K12526	0.0607724664122446
Mammals	K13069	0.072182183071636
Mammals	K13542	0.1007270114289349
Mammals	K13543	0.1007270114289349
Mammals	K13787	0.5511181141375436
Mammals	K13789	0.5511181141375436
Mammals	K13830	0.0600197138446002
Mammals	K13990	0.0645041720209841
Mammals	K14541	0.1600869492662403
Mammals	K14652	0.0738950065797647
Mammals	K18592	0.0952463193157332
Mammals	K19269	0.151717189058478
Mammals	K19302	0.1301645385069301
Mammals	K19726	0.0613216967963503
Mammals	K20023	0.072200335409818
Mammals	K22223	0.151717189058478
Mammals	K22373	0.055253866919662
Mammals	K22391	0.0566189899492552
Mammals	K22515	0.0523450881309556
Mammals	K22920	0.084781501899372
Mammals	K23123	0.15429068160586
Mammals	K23124	0.15429068160586
Mammals	K23144	0.0622387904471729
Mammals	K23304	0.0997775356619607
Mammals	K24017	0.0632467212439966
Mammals	K24042	0.1858965906635216
Mammals	K24263	0.0609901377445414
Mammals	K24866	0.2206260148483223
Mammals	K25031	0.0621582797678669
Mammals	K28203	0.151717189058478
Mammals	K28660	0.084781501899372
Food production	K00014	0.0971757744715527
Food production	K00027	0.0631276062711519
Food production	K00028	0.0631276062711519
Food production	K00029	0.2361378588431993
Food production	K00077	0.1679261049341499
Food production	K00099	0.0872913167528279
Food production	K00148	0.4075454345941126
Food production	K00228	0.0560575360775025
Food production	K00620	0.0850784480646266
Food production	K00640	0.2512186737256088
Food production	K00641	0.0530398207630389
Food production	K00651	0.0530398207630389
Food production	K00681	0.260392619512421
Food production	K00851	0.0772177076650302
Food production	K00858	0.0781025101124291
Food production	K00864	0.0619513158420058
Food production	K00877	0.0842702628759192
Food production	K00899	0.5858480042795845
Food production	K00941	0.1793841892679504
Food production	K00948	0.132695599142948
Food production	K00950	0.1388711926953549
Food production	K00973	0.076709399560786
Food production	K00980	0.0753923180424903
Food production	K00995	0.1847427421873956
Food production	K01003	0.3857089886625168
Food production	K01011	0.3581267328890007
Food production	K01433	0.4483939478578993
Food production	K01465	0.2074639613966008
Food production	K01477	0.2240435880372964
Food production	K01495	0.0918559515489886
Food production	K01497	0.2929085127478144
Food production	K01498	0.0816619688861119
Food production	K01555	0.0864686548578199
Food production	K01611	0.2687188465362103
Food production	K01627	0.1008664999264864
Food production	K01649	0.063399005739313
Food production	K01664	0.071108420718802
Food production	K01665	0.071108420718802
Food production	K01686	0.4344177626726961
Food production	K01694	0.0543058819546663
Food production	K01695	0.0543058819546663
Food production	K01696	0.0543058819546663
Food production	K01698	0.0722963336439738
Food production	K01710	0.0721562329097468
Food production	K01711	0.2167674234779995
Food production	K01712	0.1600727959336478
Food production	K01724	0.2118484584613444
Food production	K01775	0.0672916739354501
Food production	K01778	0.0726980470075218
Food production	K01798	0.0672916739354501
Food production	K01817	0.0508232337412942
Food production	K01845	0.0697811439144339
Food production	K01850	0.1361729651171701
Food production	K01851	0.0961201305384342
Food production	K01893	0.0680306286076759
Food production	K01910	0.1023581261970282
Food production	K01915	0.2571601938107947
Food production	K01919	0.0736543886563488
Food production	K01921	0.1313655540484426
Food production	K01923	0.0790199013400649
Food production	K01939	0.0518158973835174
Food production	K01952	0.2949882212641552
Food production	K02203	0.1017219657515183
Food production	K02230	0.1153442372257274
Food production	K02361	0.0961201305384342
Food production	K02439	0.3581267328890007
Food production	K02488	0.2929536685700996
Food production	K02552	0.0961201305384342
Food production	K03335	0.0958704448643293
Food production	K03342	0.2527706831899281
Food production	K03430	0.1467202922916769
Food production	K03527	0.0644934313761751
Food production	K04092	0.1361729651171701
Food production	K04093	0.1361729651171701
Food production	K04486	0.0641152955047134
Food production	K04516	0.1361729651171701
Food production	K04720	0.1008190138774638
Food production	K05602	0.0641152955047134
Food production	K05878	0.1121460543054996
Food production	K05879	0.1121460543054996
Food production	K05881	0.1121460543054996
Food production	K05887	0.0971757744715527
Food production	K06001	0.0543058819546663
Food production	K06048	0.0736543886563488
Food production	K06153	0.0915980187340756
Food production	K06208	0.1361729651171701
Food production	K06209	0.1361729651171701
Food production	K07127	0.0786964155335046
Food production	K07142	0.1388711926953549
Food production	K07173	0.3167505475508478
Food production	K08323	0.4344177626726961
Food production	K08963	0.1643964164667817
Food production	K09007	0.0918559515489886
Food production	K09882	0.1153442372257274
Food production	K09883	0.1153442372257274
Food production	K11204	0.0736543886563488
Food production	K11205	0.0736543886563488
Food production	K11787	0.0582160295476468
Food production	K11788	0.0582160295476468
Food production	K12506	0.1080397347613302
Food production	K13069	0.2929536685700996
Food production	K13243	0.2303810863734033
Food production	K13244	0.2303810863734033
Food production	K13245	0.2303810863734033
Food production	K13246	0.2303810863734033
Food production	K13484	0.0786964155335046
Food production	K13498	0.0508232337412942
Food production	K13501	0.0508232337412942
Food production	K13830	0.1297807169438258
Food production	K13832	0.1138269713142396
Food production	K13939	0.1388711926953549
Food production	K13940	0.1388711926953549
Food production	K13941	0.1388711926953549
Food production	K13950	0.071108420718802
Food production	K14154	0.0715587919684215
Food production	K14170	0.1361729651171701
Food production	K14652	0.4677268163227689
Food production	K16171	0.0864686548578199
Food production	K18592	0.260392619512421
Food production	K18649	0.0641152955047134
Food production	K19302	0.0915980187340756
Food production	K19726	0.3061178195604057
Food production	K19964	0.0786964155335046
Food production	K22373	0.2122099603396784
Food production	K22391	0.0918559515489886
Food production	K23264	0.2949882212641552
Food production	K23265	0.2949882212641552
Food production	K23269	0.2949882212641552
Food production	K23270	0.2949882212641552
Food production	K23304	0.2512186737256088
Food production	K24042	0.2077873996774545
Food production	K24263	0.1679261049341499
Food production	K25031	0.0772177076650302
Wastewater	K00014	0.1363857258509987
Wastewater	K00019	0.3260023970459659
Wastewater	K00077	0.143780651196812
Wastewater	K00107	0.0677184974056529
Wastewater	K00228	0.192227174353935
Wastewater	K00265	0.1700780487412385
Wastewater	K00266	0.1700780487412385
Wastewater	K00299	0.136025051028925
Wastewater	K00384	0.1268529277077608
Wastewater	K00451	0.1804803249146358
Wastewater	K00560	0.083020584076363
Wastewater	K00640	0.1136860263899748
Wastewater	K00681	0.1032885622488678
Wastewater	K00763	0.1717245233393508
Wastewater	K00766	0.0899773086399237
Wastewater	K00820	0.0519981034133595
Wastewater	K00851	0.0864634840045724
Wastewater	K00864	0.0543432813059637
Wastewater	K00872	0.0552541827647914
Wastewater	K00877	0.0761663202076499
Wastewater	K00878	0.0762469626918207
Wastewater	K00954	0.0634988802208541
Wastewater	K00963	0.1898116275568289
Wastewater	K00965	0.3625371561229467
Wastewater	K01003	0.4091173200574312
Wastewater	K01006	0.096487153335645
Wastewater	K01091	0.064888066612886
Wastewater	K01129	0.0725623258093138
Wastewater	K01433	0.0649775714657129
Wastewater	K01455	0.0858493608827714
Wastewater	K01458	0.0754521956677853
Wastewater	K01469	0.0640824318598908
Wastewater	K01479	0.1522842051140462
Wastewater	K01480	0.1428317450824677
Wastewater	K01495	0.1063417102500895
Wastewater	K01520	0.1051555614748931
Wastewater	K01555	0.063585398628386
Wastewater	K01583	0.08689925806121
Wastewater	K01584	0.08689925806121
Wastewater	K01585	0.08689925806121
Wastewater	K01587	0.0719115252382155
Wastewater	K01610	0.1944393481546505
Wastewater	K01627	0.0994728454533172
Wastewater	K01649	0.091172765957657
Wastewater	K01659	0.0575976218688493
Wastewater	K01666	0.0863785568021381
Wastewater	K01682	0.0999670854249981
Wastewater	K01711	0.0984163673548514
Wastewater	K01712	0.06700076702834
Wastewater	K01720	0.0860124307544356
Wastewater	K01736	0.0558244741458254
Wastewater	K01746	0.0606055369113794
Wastewater	K01772	0.0802060024591564
Wastewater	K01783	0.0729983297162361
Wastewater	K01807	0.0604781317604365
Wastewater	K01808	0.0604781317604365
Wastewater	K01915	0.0564309718523666
Wastewater	K01919	0.1330289665179963
Wastewater	K01939	0.1048312781254526
Wastewater	K01941	0.1725634822513957
Wastewater	K02201	0.0634988802208541
Wastewater	K02204	0.0552541827647914
Wastewater	K02226	0.1032759334651993
Wastewater	K02230	0.1500948542870129
Wastewater	K02318	0.0562807177214964
Wastewater	K02626	0.08689925806121
Wastewater	K02858	0.0826937052005468
Wastewater	K03430	0.0908449198902221
Wastewater	K03785	0.2360496531637216
Wastewater	K03786	0.2360496531637216
Wastewater	K05306	0.0513056964938672
Wastewater	K05878	0.1980772363410895
Wastewater	K05879	0.1980772363410895
Wastewater	K05881	0.1980772363410895
Wastewater	K05887	0.1363857258509987
Wastewater	K06048	0.1330289665179963
Wastewater	K06153	0.0839569855937756
Wastewater	K07127	0.0539521548314544
Wastewater	K07160	0.0640824318598908
Wastewater	K08963	0.0509184327300207
Wastewater	K09007	0.1063417102500895
Wastewater	K09882	0.1500948542870129
Wastewater	K09883	0.1500948542870129
Wastewater	K11204	0.1330289665179963
Wastewater	K11205	0.1330289665179963
Wastewater	K11755	0.0592739847768838
Wastewater	K11808	0.0741205068307243
Wastewater	K12447	0.1860002446650782
Wastewater	K12506	0.14526773149994
Wastewater	K13484	0.0539521548314544
Wastewater	K13497	0.0899773086399237
Wastewater	K13562	0.136025051028925
Wastewater	K13786	0.1613037846236196
Wastewater	K13830	0.1819830343689986
Wastewater	K13832	0.1892607122450068
Wastewater	K13853	0.0706305510382886
Wastewater	K13990	0.0606055369113794
Wastewater	K13998	0.083020584076363
Wastewater	K14152	0.0592739847768838
Wastewater	K14187	0.1078707784618514
Wastewater	K15918	0.2349016802841038
Wastewater	K16171	0.063585398628386
Wastewater	K18365	0.0863785568021381
Wastewater	K18592	0.1032885622488678
Wastewater	K19269	0.064888066612886
Wastewater	K19285	0.136025051028925
Wastewater	K19286	0.136025051028925
Wastewater	K19302	0.0839569855937756
Wastewater	K19726	0.0744305826990112
Wastewater	K19964	0.0539521548314544
Wastewater	K22223	0.064888066612886
Wastewater	K22316	0.1032759334651993
Wastewater	K22373	0.2099478303969721
Wastewater	K22391	0.1063417102500895
Wastewater	K22920	0.1898116275568289
Wastewater	K23123	0.0640824318598908
Wastewater	K23124	0.0640824318598908
Wastewater	K23304	0.1136860263899748
Wastewater	K24017	0.0698877430227354
Wastewater	K24042	0.051535247231409
Wastewater	K24263	0.143780651196812
Wastewater	K25031	0.0864634840045724
Wastewater	K27797	0.0575976218688493
Wastewater	K27802	0.0999670854249981
Wastewater	K28203	0.064888066612886
Wastewater	K28660	0.1898116275568289
Birds	K00067	0.0999406833453058
Birds	K00122	0.2059402511087814
Birds	K00123	0.2059402511087814
Birds	K00124	0.2059402511087814
Birds	K00126	0.2059402511087814
Birds	K00127	0.2059402511087814
Birds	K00228	0.3139084899726457
Birds	K00254	0.1381347951066376
Birds	K00299	0.1274871546246694
Birds	K00384	0.0570678934767938
Birds	K00549	0.0698817534439063
Birds	K00620	0.1068431906822741
Birds	K00640	0.115110079067577
Birds	K00641	0.0815744686429478
Birds	K00651	0.0815744686429478
Birds	K00788	0.1800247687599011
Birds	K00790	0.1059441074128044
Birds	K00851	0.0647839772511683
Birds	K00854	0.0857077356148412
Birds	K00858	0.0501918612460465
Birds	K00878	0.1559429840475703
Birds	K00928	0.2316044606080715
Birds	K00963	0.1792790102570275
Birds	K00973	0.0747476450296692
Birds	K01008	0.126367428271834
Birds	K01469	0.1649494642828398
Birds	K01497	0.22812230912275
Birds	K01619	0.1455005855816159
Birds	K01638	0.2495512807810733
Birds	K01649	0.1066574763409099
Birds	K01662	0.1182448932711663
Birds	K01675	0.195337989037291
Birds	K01676	0.195337989037291
Birds	K01677	0.195337989037291
Birds	K01678	0.195337989037291
Birds	K01679	0.195337989037291
Birds	K01710	0.0728810608945588
Birds	K01772	0.1521970809424216
Birds	K01774	0.195337989037291
Birds	K01775	0.0559083482642104
Birds	K01790	0.0757333088538514
Birds	K01798	0.0559083482642104
Birds	K01837	0.0983291935705218
Birds	K01866	0.1152674807919161
Birds	K01939	0.2543806649380487
Birds	K01952	0.2922258443080939
Birds	K02318	0.3622173028415063
Birds	K02858	0.3349290528249637
Birds	K03465	0.0596371482139048
Birds	K03527	0.1375444947962152
Birds	K06153	0.1650025992818041
Birds	K07127	0.0905968469109063
Birds	K07160	0.1649494642828398
Birds	K12447	0.0518272352604796
Birds	K12524	0.2316044606080715
Birds	K12525	0.2316044606080715
Birds	K12526	0.2950457467185048
Birds	K13484	0.0905968469109063
Birds	K13562	0.1274871546246694
Birds	K13786	0.0561637145422188
Birds	K13853	0.0816183195480497
Birds	K14153	0.2593671298447532
Birds	K14154	0.2397735978397323
Birds	K14187	0.1034244502960812
Birds	K14652	0.0679567203708332
Birds	K15461	0.0862741665379627
Birds	K19285	0.1274871546246694
Birds	K19286	0.1274871546246694
Birds	K19302	0.1650025992818041
Birds	K19562	0.0515854738471069
Birds	K19964	0.0905968469109063
Birds	K21219	0.2593671298447532
Birds	K21220	0.1800247687599011
Birds	K22515	0.2059402511087814
Birds	K22920	0.1792790102570275
Birds	K23123	0.1649494642828398
Birds	K23124	0.1649494642828398
Birds	K23264	0.2922258443080939
Birds	K23265	0.2922258443080939
Birds	K23269	0.2922258443080939
Birds	K23270	0.2922258443080939
Birds	K23304	0.115110079067577
Birds	K23987	0.195710676469013
Birds	K24042	0.1421999528230308
Birds	K25031	0.0647839772511683
Birds	K28660	0.1792790102570275
