environment	category	Z_alpha	Z_beta	n_genomes_used
Aquatic	K00005	-0.007460352922967697	-0.04205096647455869	40
Aquatic	K00014	-0.6463821177090668	0.3993058755381242	443
Aquatic	K00021	0.636623912630002	-0.6609859345085799	97
Aquatic	K00077	-2.0159082982536933	1.8792556899110733	139
Aquatic	K00228	-0.7658290035280343	0.8656785702031924	410
Aquatic	K00299	0.2508772676382273	-0.40745096662309777	375
Aquatic	K00456	1.6376884975554769	-1.5680328129623102	17
Aquatic	K00640	-2.196409911647166	2.167542851345476	541
Aquatic	K00672	1.0876531437772852	-1.0241067448156065	26
Aquatic	K00787	0.006001247192256008	-0.04904398613490907	11
Aquatic	K00795	0.006001247192256008	-0.04904398613490907	11
Aquatic	K00884	-1.2102105653384412	1.16101673114931	79
Aquatic	K01433	-1.076032258076649	1.0388588744570766	362
Aquatic	K01480	1.0779828864779848	-1.0206136843906282	272
Aquatic	K01497	-1.150039314413527	1.1780885197017001	466
Aquatic	K01686	0.827194622454324	-0.8419142703532653	160
Aquatic	K01711	0.14241511301263932	-0.1608740509545609	276
Aquatic	K01851	0.07739264369394529	-0.20558528236907397	128
Aquatic	K01858	-0.7813209689667393	0.7531081242423262	39
Aquatic	K01915	-1.6113085855531903	1.4832434749914984	593
Aquatic	K01919	-1.6750892721958472	1.5001202996856162	385
Aquatic	K02302	0.10709603562530816	-0.18272316913882194	235
Aquatic	K02304	0.10709603562530816	-0.18272316913882194	235
Aquatic	K02361	0.07739264369394529	-0.20558528236907397	128
Aquatic	K02552	0.07739264369394529	-0.20558528236907397	128
Aquatic	K02858	1.668743517470883	-1.630254491521744	535
Aquatic	K03430	-0.9148019149052417	0.8792859247013366	58
Aquatic	K03785	-3.0102300124009607	2.7798935957758535	555
Aquatic	K03786	-3.0102300124009607	2.7798935957758535	555
Aquatic	K03921	1.2327586845700074	-1.1499906323844702	15
Aquatic	K03922	1.2327586845700074	-1.1499906323844702	15
Aquatic	K05887	-0.6463821177090668	0.3993058755381242	443
Aquatic	K06048	-1.6750892721958472	1.5001202996856162	385
Aquatic	K07749	-1.3285368543400056	1.345757986652487	16
Aquatic	K08323	0.827194622454324	-0.8419142703532653	160
Aquatic	K11204	-1.6750892721958472	1.5001202996856162	385
Aquatic	K11205	-1.6750892721958472	1.5001202996856162	385
Aquatic	K13562	0.2508772676382273	-0.40745096662309777	375
Aquatic	K14652	-0.44541268621019864	0.46116322874776694	567
Aquatic	K19285	0.2508772676382273	-0.40745096662309777	375
Aquatic	K19286	0.2508772676382273	-0.40745096662309777	375
Aquatic	K19670	-0.593825482263033	0.5943040923359701	14
Aquatic	K19726	0.5002699950306648	-0.6177312493723632	550
Aquatic	K22251	-0.007460352922967697	-0.04205096647455869	40
Aquatic	K23304	-2.196409911647166	2.167542851345476	541
Aquatic	K24042	-1.4916384016303106	1.6359888342263733	535
Aquatic	K24263	-2.0159082982536933	1.8792556899110733	139
Aquatic	K28207	-1.2102105653384412	1.16101673114931	79
Aquatic	K28208	-1.2102105653384412	1.16101673114931	79
Terrestrial	K00005	0.23047871833626501	-0.2300401504468998	52
Terrestrial	K00021	1.1737471864691607	-1.165444173038498	46
Terrestrial	K00133	5.72209893904447	-5.625896072060522	479
Terrestrial	K00216	0.1726504525334726	-0.17408203917739662	60
Terrestrial	K00228	-2.2340429836553177	2.134186496345769	214
Terrestrial	K00288	1.9510677128553395	-1.889223366957306	416
Terrestrial	K00299	1.1548413832031086	-1.0498176358717544	407
Terrestrial	K00300	1.9510677128553395	-1.889223366957306	416
Terrestrial	K00640	2.7306986676539546	-2.755497323640615	339
Terrestrial	K00672	1.3309030257187606	-1.3447860878591482	13
Terrestrial	K00767	2.92103656015214	-2.780645665531874	463
Terrestrial	K00768	5.826270980588328	-5.72323977867966	328
Terrestrial	K00787	1.1441823434466616	-1.1737333601010393	16
Terrestrial	K00795	1.1441823434466616	-1.1737333601010393	16
Terrestrial	K00800	2.5609666584125543	-2.5232455819186685	421
Terrestrial	K00820	6.871622349110124	-6.77733249705962	477
Terrestrial	K00864	4.147939064599566	-4.013445691365245	429
Terrestrial	K00884	2.821123119619215	-2.7582652519209505	108
Terrestrial	K01006	1.5508966593538578	-1.5797883453746018	191
Terrestrial	K01091	3.248013226550586	-3.2116003718428376	117
Terrestrial	K01483	0.6991939089303245	-0.6847637213841073	11
Terrestrial	K01491	1.9510677128553395	-1.889223366957306	416
Terrestrial	K01495	1.6238449374110664	-1.6482543031507502	423
Terrestrial	K01497	3.2063657300866604	-3.235681376963298	417
Terrestrial	K01586	5.727687815054879	-5.668063861625904	463
Terrestrial	K01587	0.14213371510935638	-0.1269016696839967	476
Terrestrial	K01626	3.1608327352985772	-3.0281482675430547	369
Terrestrial	K01638	1.5252587904531696	-1.4649233215387323	330
Terrestrial	K01662	7.124323468769191	-7.027832926887946	465
Terrestrial	K01675	2.3837192795197595	-2.3662128030019614	414
Terrestrial	K01676	2.3837192795197595	-2.3662128030019614	414
Terrestrial	K01677	2.3837192795197595	-2.3662128030019614	414
Terrestrial	K01678	2.3837192795197595	-2.3662128030019614	414
Terrestrial	K01679	2.3837192795197595	-2.3662128030019614	414
Terrestrial	K01719	3.01939724091232	-2.912057193684202	391
Terrestrial	K01749	7.305419061673938	-7.180619524878906	474
Terrestrial	K01774	2.3837192795197595	-2.3662128030019614	414
Terrestrial	K01851	-0.3961047543312125	0.26764767082491076	130
Terrestrial	K01858	1.554269592387054	-1.5267417854245326	175
Terrestrial	K01915	0.21461855495503673	-0.24734790213440788	476
Terrestrial	K01919	2.2662105109058532	-2.1468059722263897	373
Terrestrial	K01921	1.2344533354492637	-1.305396746623404	469
Terrestrial	K01939	3.12185086483375	-3.093518380348655	477
Terrestrial	K02361	-0.3961047543312125	0.26764767082491076	130
Terrestrial	K02552	-0.3961047543312125	0.26764767082491076	130
Terrestrial	K03430	3.53367447293481	-3.484055468937125	66
Terrestrial	K03526	8.387144717177907	-8.26071805960294	452
Terrestrial	K03527	3.958625728640819	-3.9005682841569165	423
Terrestrial	K03785	-0.376554088906706	0.30921232957709976	454
Terrestrial	K03786	-0.376554088906706	0.30921232957709976	454
Terrestrial	K03856	3.1608327352985772	-3.0281482675430547	369
Terrestrial	K03921	-0.0926784191326066	0.07170760709108158	39
Terrestrial	K03922	-0.0926784191326066	0.07170760709108158	39
Terrestrial	K06048	2.2662105109058532	-2.1468059722263897	373
Terrestrial	K06153	1.4185119199024425	-1.479458826703576	449
Terrestrial	K07749	-1.7038225855817855	1.7034283513902309	67
Terrestrial	K09007	1.6238449374110664	-1.6482543031507502	423
Terrestrial	K11204	2.2662105109058532	-2.1468059722263897	373
Terrestrial	K11205	2.2662105109058532	-2.1468059722263897	373
Terrestrial	K12526	1.9808326542449015	-2.062598097992096	478
Terrestrial	K13542	3.01939724091232	-2.912057193684202	391
Terrestrial	K13543	3.01939724091232	-2.912057193684202	391
Terrestrial	K13562	1.1548413832031086	-1.0498176358717544	407
Terrestrial	K13786	2.076421106095902	-2.128388958804279	433
Terrestrial	K13830	0.768861069116709	-0.7468051586263512	476
Terrestrial	K13832	-0.7172357210486457	0.6422861096452107	472
Terrestrial	K14652	0.8749491770640262	-0.8279972099596382	457
Terrestrial	K16856	0.6991939089303245	-0.6847637213841073	11
Terrestrial	K18384	0.8825337677305332	-0.8641044430891526	29
Terrestrial	K19269	3.248013226550586	-3.2116003718428376	117
Terrestrial	K19285	1.1548413832031086	-1.0498176358717544	407
Terrestrial	K19286	1.1548413832031086	-1.0498176358717544	407
Terrestrial	K19302	1.4185119199024425	-1.479458826703576	449
Terrestrial	K19670	2.1819481251064525	-2.1710726693406217	30
Terrestrial	K19726	0.8760645065450005	-0.8726720913162178	364
Terrestrial	K22223	3.248013226550586	-3.2116003718428376	117
Terrestrial	K22251	0.23047871833626501	-0.2300401504468998	52
Terrestrial	K22391	1.6238449374110664	-1.6482543031507502	423
Terrestrial	K22548	0.8825337677305332	-0.8641044430891526	29
Terrestrial	K23304	2.7306986676539546	-2.755497323640615	339
Terrestrial	K24042	-0.5111827499961245	0.48797581451229244	447
Terrestrial	K28203	3.248013226550586	-3.2116003718428376	117
Terrestrial	K28207	2.821123119619215	-2.7582652519209505	108
Terrestrial	K28208	2.821123119619215	-2.7582652519209505	108
Mammals: Human	K00005	0.8934811307882271	-0.8158750870860346	100
Mammals: Human	K00014	-0.16839043292246478	0.2554181688121035	277
Mammals: Human	K00021	1.54608704543233	-1.4724496849431452	83
Mammals: Human	K00077	-2.5502407625263843	2.4041050487459983	112
Mammals: Human	K00133	-5.359576768085795	5.24935371833011	390
Mammals: Human	K00228	1.8134559149557894	-1.9408919042635273	132
Mammals: Human	K00456	-0.05354051711045373	0.04813740516370487	21
Mammals: Human	K00640	-4.967191648045102	4.813999580656878	333
Mammals: Human	K00767	0.965866114501047	-0.8839317201706036	310
Mammals: Human	K00787	-3.271064530202929	3.327944950681624	37
Mammals: Human	K00795	-3.271064530202929	3.327944950681624	37
Mammals: Human	K00820	-5.7020981709787195	5.673151574917204	382
Mammals: Human	K00963	-1.409114064301903	1.342946276964152	278
Mammals: Human	K01067	4.7840818296742995	-4.564782556402106	65
Mammals: Human	K01091	-0.4244226372814771	0.3681503232389983	72
Mammals: Human	K01433	-3.332297921303442	3.118569988402138	166
Mammals: Human	K01469	-0.012477828140824756	-0.014570965255762089	148
Mammals: Human	K01480	2.055257532059961	-2.0947094243850075	114
Mammals: Human	K01497	-1.1038232310980747	1.0369746172000094	281
Mammals: Human	K01586	1.0291260408380398	-0.8930024407695412	351
Mammals: Human	K01587	0.6409305862737212	-0.6196050643557472	389
Mammals: Human	K01635	-0.7782675075715845	0.7707453166390641	72
Mammals: Human	K01647	2.068743493451919	-2.1080532067670092	14
Mammals: Human	K01649	2.1269799403869976	-2.0922338524777992	317
Mammals: Human	K01675	-2.6139253323933427	2.5268781603888724	285
Mammals: Human	K01676	-2.6139253323933427	2.5268781603888724	285
Mammals: Human	K01677	-2.6139253323933427	2.5268781603888724	285
Mammals: Human	K01678	-2.6139253323933427	2.5268781603888724	285
Mammals: Human	K01679	-2.6139253323933427	2.5268781603888724	285
Mammals: Human	K01686	0.8685813316795838	-0.8417058372048687	121
Mammals: Human	K01719	0.305633076182776	-0.3046182769853076	245
Mammals: Human	K01774	-2.6139253323933427	2.5268781603888724	285
Mammals: Human	K01819	0.08306898143900919	-0.07953498803344809	22
Mammals: Human	K01851	2.0562651567652948	-1.8944864671529067	168
Mammals: Human	K01910	0.18652700732175842	-0.22227346449959087	72
Mammals: Human	K01915	-2.3124529834382686	2.3708386054248196	383
Mammals: Human	K01919	1.717054050263758	-1.463715566233533	245
Mammals: Human	K01921	-0.03683415799317551	0.12663080502757532	370
Mammals: Human	K01939	0.5046350645008782	-0.4056225668969164	398
Mammals: Human	K02302	3.343079370259078	-3.1999194033946283	99
Mammals: Human	K02304	3.343079370259078	-3.1999194033946283	99
Mammals: Human	K02361	2.0562651567652948	-1.8944864671529067	168
Mammals: Human	K02552	2.0562651567652948	-1.8944864671529067	168
Mammals: Human	K02858	3.6603131474095925	-3.4951460192953347	287
Mammals: Human	K03430	-0.8952052377032068	0.8981028049010911	67
Mammals: Human	K03527	-2.4801002783622517	2.4496267244017913	313
Mammals: Human	K03785	-2.9801467690056542	2.9207507995462554	368
Mammals: Human	K03786	-2.9801467690056542	2.9207507995462554	368
Mammals: Human	K03921	-0.0631712449676624	0.0426480511330639	48
Mammals: Human	K03922	-0.0631712449676624	0.0426480511330639	48
Mammals: Human	K05887	-0.16839043292246478	0.2554181688121035	277
Mammals: Human	K05942	2.068743493451919	-2.1080532067670092	14
Mammals: Human	K06048	1.717054050263758	-1.463715566233533	245
Mammals: Human	K06153	1.6215587707627648	-1.4130639266833678	350
Mammals: Human	K06211	-2.3359942989699842	2.399372037163397	58
Mammals: Human	K07160	-0.012477828140824756	-0.014570965255762089	148
Mammals: Human	K08302	-0.7782675075715845	0.7707453166390641	72
Mammals: Human	K08323	0.8685813316795838	-0.8417058372048687	121
Mammals: Human	K10524	-2.3359942989699842	2.399372037163397	58
Mammals: Human	K11204	1.717054050263758	-1.463715566233533	245
Mammals: Human	K11205	1.717054050263758	-1.463715566233533	245
Mammals: Human	K12526	4.549506703118438	-4.457498590848235	390
Mammals: Human	K13243	0.916412677149923	-1.0448191447742021	89
Mammals: Human	K13244	0.916412677149923	-1.0448191447742021	89
Mammals: Human	K13245	0.916412677149923	-1.0448191447742021	89
Mammals: Human	K13246	0.916412677149923	-1.0448191447742021	89
Mammals: Human	K13542	0.305633076182776	-0.3046182769853076	245
Mammals: Human	K13543	0.305633076182776	-0.3046182769853076	245
Mammals: Human	K13786	-0.9953639053731843	1.1241849926109608	226
Mammals: Human	K13830	0.9722441188120293	-0.8875207157586168	386
Mammals: Human	K13832	1.920992359250688	-1.9029917167564585	374
Mammals: Human	K14652	2.0049015015580762	-1.8076165810259297	307
Mammals: Human	K16371	-0.7782675075715845	0.7707453166390641	72
Mammals: Human	K19269	-0.4244226372814771	0.3681503232389983	72
Mammals: Human	K19302	1.6215587707627648	-1.4130639266833678	350
Mammals: Human	K22223	-0.4244226372814771	0.3681503232389983	72
Mammals: Human	K22251	0.8934811307882271	-0.8158750870860346	100
Mammals: Human	K22920	-1.409114064301903	1.342946276964152	278
Mammals: Human	K23123	-0.012477828140824756	-0.014570965255762089	148
Mammals: Human	K23124	-0.012477828140824756	-0.014570965255762089	148
Mammals: Human	K23304	-4.967191648045102	4.813999580656878	333
Mammals: Human	K24042	-0.09656894468061772	-0.13140821921907006	291
Mammals: Human	K24263	-2.5502407625263843	2.4041050487459983	112
Mammals: Human	K28203	-0.4244226372814771	0.3681503232389983	72
Mammals: Human	K28660	-1.409114064301903	1.342946276964152	278
Plants	K00014	1.8308804846033615	-1.7097660266196717	241
Plants	K00021	0.4230969875820208	-0.47617503272109774	26
Plants	K00077	3.1368383368186774	-3.034108520103781	157
Plants	K00133	4.159188406233747	-4.22597525625776	275
Plants	K00216	2.021637694119981	-1.9820060225785867	39
Plants	K00228	2.1488205274895096	-2.1370529733500656	220
Plants	K00288	3.514742151243106	-3.4616945933777137	246
Plants	K00299	3.0039995091541134	-2.996567447157226	236
Plants	K00300	3.514742151243106	-3.4616945933777137	246
Plants	K00456	0.05747672459639442	-0.0736713807884841	15
Plants	K00640	0.8396326324979364	-0.7173464004835193	240
Plants	K00672	-0.4616002661769721	0.40927404401917045	16
Plants	K00768	1.5870649226264009	-1.6526715028665988	201
Plants	K00800	2.930229929495494	-2.879628027504691	234
Plants	K00820	4.7360558789710865	-4.786836337430882	277
Plants	K00864	0.6511002325334512	-0.7362745498182831	258
Plants	K00884	2.56152849176488	-2.5741733487188085	54
Plants	K00963	1.3422587606913219	-1.3501178456566554	230
Plants	K01006	1.9028576819566243	-1.9025869720396125	97
Plants	K01091	3.3267486714180152	-3.390897522602406	107
Plants	K01433	2.321146628503735	-2.121328329255246	237
Plants	K01469	1.5152938495353039	-1.409324648647835	198
Plants	K01491	3.514742151243106	-3.4616945933777137	246
Plants	K01495	1.3375953937839054	-1.3090248497467023	267
Plants	K01497	2.229712434707171	-2.212956005752954	200
Plants	K01626	0.9161358613942925	-1.0929006448994762	219
Plants	K01662	1.16059203268924	-1.230865050902324	272
Plants	K01675	1.595979565419314	-1.5632303767790114	242
Plants	K01676	1.595979565419314	-1.5632303767790114	242
Plants	K01677	1.595979565419314	-1.5632303767790114	242
Plants	K01678	1.595979565419314	-1.5632303767790114	242
Plants	K01679	1.595979565419314	-1.5632303767790114	242
Plants	K01711	3.3587444718793313	-3.3312079740909244	152
Plants	K01719	0.8180629252605759	-0.9377324511452211	205
Plants	K01749	2.537486587108547	-2.6171040739609484	272
Plants	K01774	1.595979565419314	-1.5632303767790114	242
Plants	K01857	2.7524220400364188	-2.74011951515807	143
Plants	K01858	1.43473278141206	-1.398874673199602	34
Plants	K01915	2.4926925720402293	-2.347259407531569	276
Plants	K01919	-0.6595533011942646	0.47647190764527175	255
Plants	K03430	-0.2534917322039112	0.1829001064612779	65
Plants	K03526	1.733560366805857	-1.8514086929077427	264
Plants	K03527	2.381670396459818	-2.4287750001463615	252
Plants	K03785	1.97126245455272	-1.7869589413375313	265
Plants	K03786	1.97126245455272	-1.7869589413375313	265
Plants	K03856	0.9161358613942925	-1.0929006448994762	219
Plants	K05887	1.8308804846033615	-1.7097660266196717	241
Plants	K06048	-0.6595533011942646	0.47647190764527175	255
Plants	K06153	0.9731567626365251	-0.9051081723116567	266
Plants	K07160	1.5152938495353039	-1.409324648647835	198
Plants	K07749	-0.9955432616571052	1.003968573365703	43
Plants	K08678	1.6855827916195167	-1.5910544113367078	86
Plants	K09007	1.3375953937839054	-1.3090248497467023	267
Plants	K11204	-0.6595533011942646	0.47647190764527175	255
Plants	K11205	-0.6595533011942646	0.47647190764527175	255
Plants	K12449	1.6855827916195167	-1.5910544113367078	86
Plants	K13243	1.232070181880716	-1.0988426725390281	174
Plants	K13244	1.232070181880716	-1.0988426725390281	174
Plants	K13245	1.232070181880716	-1.0988426725390281	174
Plants	K13246	1.232070181880716	-1.0988426725390281	174
Plants	K13542	0.8180629252605759	-0.9377324511452211	205
Plants	K13543	0.8180629252605759	-0.9377324511452211	205
Plants	K13562	3.0039995091541134	-2.996567447157226	236
Plants	K13786	2.3775325806179084	-2.3404413157641253	255
Plants	K13830	2.65011201108334	-2.531805342612967	275
Plants	K13832	2.73492469095408	-2.573020396952949	272
Plants	K14652	1.9193716562129601	-2.093671997168424	271
Plants	K19269	3.3267486714180152	-3.390897522602406	107
Plants	K19285	3.0039995091541134	-2.996567447157226	236
Plants	K19286	3.0039995091541134	-2.996567447157226	236
Plants	K19302	0.9731567626365251	-0.9051081723116567	266
Plants	K19726	1.6139723885877788	-1.51321416563637	247
Plants	K22223	3.3267486714180152	-3.390897522602406	107
Plants	K22391	1.3375953937839054	-1.3090248497467023	267
Plants	K22920	1.3422587606913219	-1.3501178456566554	230
Plants	K23123	1.5152938495353039	-1.409324648647835	198
Plants	K23124	1.5152938495353039	-1.409324648647835	198
Plants	K23304	0.8396326324979364	-0.7173464004835193	240
Plants	K24263	3.1368383368186774	-3.034108520103781	157
Plants	K28203	3.3267486714180152	-3.390897522602406	107
Plants	K28207	2.56152849176488	-2.5741733487188085	54
Plants	K28208	2.56152849176488	-2.5741733487188085	54
Plants	K28660	1.3422587606913219	-1.3501178456566554	230
Mammals	K00077	-0.9148371715605894	0.9202748936442011	29
Mammals	K00228	2.088527850764617	-2.0776991752841996	69
Mammals	K00640	-2.653777684049884	2.614475192321245	170
Mammals	K00767	2.117708958252775	-1.982764440545579	127
Mammals	K00800	-0.05145991973376915	0.15545417954921806	180
Mammals	K00820	-4.630664283513368	4.701836820971649	187
Mammals	K00963	0.2933158125695377	-0.2351602684432799	143
Mammals	K01067	0.947145720896241	-0.9426175227487157	31
Mammals	K01091	-1.5205565848145386	1.5103417825403682	38
Mammals	K01433	-1.8922186191455395	1.8614845125382224	94
Mammals	K01469	0.5502970515193303	-0.6837759366752718	70
Mammals	K01495	-1.2236554701745643	1.1358389976099532	143
Mammals	K01586	-2.821608167473381	2.8710580479177725	181
Mammals	K01587	0.8892705294576557	-0.8781761141448894	190
Mammals	K01626	-0.18909876804574544	0.181255066680523	133
Mammals	K01638	1.3755256151597726	-1.2650265030298908	55
Mammals	K01649	2.4966130076704487	-2.566081227690618	167
Mammals	K01675	-1.5013021255443673	1.546464478388516	147
Mammals	K01676	-1.5013021255443673	1.546464478388516	147
Mammals	K01677	-1.5013021255443673	1.546464478388516	147
Mammals	K01678	-1.5013021255443673	1.546464478388516	147
Mammals	K01679	-1.5013021255443673	1.546464478388516	147
Mammals	K01686	-0.33855254977412313	0.2757488113819272	61
Mammals	K01711	1.999735486478627	-1.8372497203596432	48
Mammals	K01719	-0.4785441728716619	0.5307020275656861	125
Mammals	K01774	-1.5013021255443673	1.546464478388516	147
Mammals	K01851	0.26153700407536323	-0.25488157211888984	80
Mammals	K01910	-0.16491562220470468	0.1609035051320448	28
Mammals	K01915	0.4297393445030121	-0.3852685167315105	186
Mammals	K01919	0.9955601734901999	-0.8236103673427915	116
Mammals	K01921	0.484180418036227	-0.40442914717220535	183
Mammals	K02302	1.3169954564362691	-1.260654582430848	51
Mammals	K02304	1.3169954564362691	-1.260654582430848	51
Mammals	K02361	0.26153700407536323	-0.25488157211888984	80
Mammals	K02552	0.26153700407536323	-0.25488157211888984	80
Mammals	K03430	0.03501426463196746	0.022803989176044075	16
Mammals	K03856	-0.18909876804574544	0.181255066680523	133
Mammals	K06048	0.9955601734901999	-0.8236103673427915	116
Mammals	K06153	-0.06313341009285701	0.07054164503436315	164
Mammals	K07160	0.5502970515193303	-0.6837759366752718	70
Mammals	K08323	-0.33855254977412313	0.2757488113819272	61
Mammals	K09007	-1.2236554701745643	1.1358389976099532	143
Mammals	K11204	0.9955601734901999	-0.8236103673427915	116
Mammals	K11205	0.9955601734901999	-0.8236103673427915	116
Mammals	K12526	-0.4255260542634343	0.3873133494352797	194
Mammals	K13542	-0.4785441728716619	0.5307020275656861	125
Mammals	K13543	-0.4785441728716619	0.5307020275656861	125
Mammals	K13830	-0.9598271467875366	1.171980777183046	190
Mammals	K14652	-1.8525523804719874	1.7970371209380533	157
Mammals	K19269	-1.5205565848145386	1.5103417825403682	38
Mammals	K19302	-0.06313341009285701	0.07054164503436315	164
Mammals	K19726	-0.5216726370291394	0.5786538846502768	171
Mammals	K22223	-1.5205565848145386	1.5103417825403682	38
Mammals	K22391	-1.2236554701745643	1.1358389976099532	143
Mammals	K22920	0.2933158125695377	-0.2351602684432799	143
Mammals	K23123	0.5502970515193303	-0.6837759366752718	70
Mammals	K23124	0.5502970515193303	-0.6837759366752718	70
Mammals	K23304	-2.653777684049884	2.614475192321245	170
Mammals	K24042	1.9324799421084198	-1.944530010598382	126
Mammals	K24263	-0.9148371715605894	0.9202748936442011	29
Mammals	K28203	-1.5205565848145386	1.5103417825403682	38
Mammals	K28660	0.2933158125695377	-0.2351602684432799	143
Food production	K00014	0.6546146916721403	-0.6329707737905959	78
Food production	K00077	-0.7211340220150922	0.69588750382002	35
Food production	K00228	-0.6975420896174106	0.7253221913814105	29
Food production	K00640	1.141062311740448	-1.1179496166549059	77
Food production	K00864	-4.297250574170832	4.389926381337351	93
Food production	K01433	3.989606446224824	-3.907528635434421	42
Food production	K01495	0.9306804335260287	-0.9285143919833193	67
Food production	K01497	1.3348848434032583	-1.319583353553779	51
Food production	K01649	-0.2567999165504929	0.1708255359504541	71
Food production	K01686	2.6163304630631146	-2.576201117143688	21
Food production	K01711	0.9676582351683848	-1.0336244478758274	22
Food production	K01851	-0.14946750846434226	0.13578832318914652	37
Food production	K01910	0.26775248940853663	-0.23758436474766925	21
Food production	K01915	0.7011071824702875	-0.7582124647599147	99
Food production	K01919	-1.621105554134375	1.5249561668062186	52
Food production	K01921	0.996231775639843	-0.940058790781086	101
Food production	K01939	-0.1636862907172181	0.16249466527975262	102
Food production	K02361	-0.14946750846434226	0.13578832318914652	37
Food production	K02552	-0.14946750846434226	0.13578832318914652	37
Food production	K03430	-2.9188300088034196	2.904971173670654	26
Food production	K03527	-0.754944855654871	0.7169138054316759	55
Food production	K05878	-0.895823818178157	0.9376761380463576	41
Food production	K05879	-0.895823818178157	0.9376761380463576	41
Food production	K05881	-0.895823818178157	0.9376761380463576	41
Food production	K05887	0.6546146916721403	-0.6329707737905959	78
Food production	K06048	-1.621105554134375	1.5249561668062186	52
Food production	K06153	0.7129741900528319	-0.6502940509342627	90
Food production	K08323	2.6163304630631146	-2.576201117143688	21
Food production	K09007	0.9306804335260287	-0.9285143919833193	67
Food production	K11204	-1.621105554134375	1.5249561668062186	52
Food production	K11205	-1.621105554134375	1.5249561668062186	52
Food production	K13243	1.3830322425124058	-1.4613607955098398	27
Food production	K13244	1.3830322425124058	-1.4613607955098398	27
Food production	K13245	1.3830322425124058	-1.4613607955098398	27
Food production	K13246	1.3830322425124058	-1.4613607955098398	27
Food production	K13830	1.6583400482169717	-1.7537407364283042	96
Food production	K13832	0.20219811622202988	-0.08022417691286635	84
Food production	K14652	3.6276790863021318	-3.6872948316475465	65
Food production	K19302	0.7129741900528319	-0.6502940509342627	90
Food production	K19726	2.7343784998071468	-2.7081395798104375	79
Food production	K22391	0.9306804335260287	-0.9285143919833193	67
Food production	K23304	1.141062311740448	-1.1179496166549059	77
Food production	K24042	1.2533238956648893	-1.407259646788341	64
Food production	K24263	-0.7211340220150922	0.69588750382002	35
Wastewater	K00014	1.3045826406838994	-1.3158959899909106	55
Wastewater	K00077	0.6125998408664335	-0.5632992933891132	16
Wastewater	K00228	0.3607319233470958	-0.3803295720889661	37
Wastewater	K00299	0.751078532631884	-0.7803984691852389	41
Wastewater	K00640	-0.3131740917890395	0.3087074275906867	55
Wastewater	K00820	-1.6641623380790842	1.6001095229787097	60
Wastewater	K00864	0.03015295727266757	-0.09117865206139812	50
Wastewater	K00963	1.5144949866688426	-1.5741602629807234	48
Wastewater	K01006	0.8739088115402659	-0.83499220262764	25
Wastewater	K01091	-1.852815389173117	1.921780433164228	21
Wastewater	K01433	-0.36001112242696354	0.3266232445354368	41
Wastewater	K01469	0.3312095474818953	-0.2835222958790106	27
Wastewater	K01480	0.6638121498763888	-0.6319524055233	28
Wastewater	K01495	1.0982028488293785	-1.099568679552677	49
Wastewater	K01587	0.9270685033973181	-0.9746803684352442	62
Wastewater	K01649	1.1167317307047004	-1.0731283374288085	58
Wastewater	K01711	0.32820216886596043	-0.3852856217849195	24
Wastewater	K01915	-0.9723025238990031	1.002007554269432	63
Wastewater	K01919	0.5811261113768451	-0.5424291312744335	45
Wastewater	K01939	1.170990770074532	-1.1756430779320433	61
Wastewater	K02858	0.529310786448443	-0.5540479984863181	58
Wastewater	K03430	-0.714787774010776	0.684123798946244	12
Wastewater	K03785	2.2008802324982453	-2.1913902362431408	59
Wastewater	K03786	2.2008802324982453	-2.1913902362431408	59
Wastewater	K05878	-1.14555985635723	1.1495349175091956	13
Wastewater	K05879	-1.14555985635723	1.1495349175091956	13
Wastewater	K05881	-1.14555985635723	1.1495349175091956	13
Wastewater	K05887	1.3045826406838994	-1.3158959899909106	55
Wastewater	K06048	0.5811261113768451	-0.5424291312744335	45
Wastewater	K06153	0.25743000113979475	-0.2770162275800626	60
Wastewater	K07160	0.3312095474818953	-0.2835222958790106	27
Wastewater	K09007	1.0982028488293785	-1.099568679552677	49
Wastewater	K11204	0.5811261113768451	-0.5424291312744335	45
Wastewater	K11205	0.5811261113768451	-0.5424291312744335	45
Wastewater	K13562	0.751078532631884	-0.7803984691852389	41
Wastewater	K13786	0.841139999413343	-0.7824942266224086	56
Wastewater	K13830	1.3689568466807323	-1.3758327248708022	62
Wastewater	K13832	1.2229843494761374	-1.1495115502533302	60
Wastewater	K19269	-1.852815389173117	1.921780433164228	21
Wastewater	K19285	0.751078532631884	-0.7803984691852389	41
Wastewater	K19286	0.751078532631884	-0.7803984691852389	41
Wastewater	K19302	0.25743000113979475	-0.2770162275800626	60
Wastewater	K19726	-0.1274818580175835	0.11965660145078838	56
Wastewater	K22223	-1.852815389173117	1.921780433164228	21
Wastewater	K22391	1.0982028488293785	-1.099568679552677	49
Wastewater	K22920	1.5144949866688426	-1.5741602629807234	48
Wastewater	K23123	0.3312095474818953	-0.2835222958790106	27
Wastewater	K23124	0.3312095474818953	-0.2835222958790106	27
Wastewater	K23304	-0.3131740917890395	0.3087074275906867	55
Wastewater	K24042	-1.0327630845180311	1.1241518905333183	57
Wastewater	K24263	0.6125998408664335	-0.5632992933891132	16
Wastewater	K28203	-1.852815389173117	1.921780433164228	21
Wastewater	K28660	1.5144949866688426	-1.5741602629807234	48
Birds	K00228	-0.36584945927202794	0.2917594234200048	16
Birds	K00299	0.17619850535841988	-0.18943649929425915	22
Birds	K00640	-1.5809900147187883	1.5685917023589562	34
Birds	K00963	0.5492441469239229	-0.5552668181556603	19
Birds	K01469	-2.480308656205825	2.4486740902881694	11
Birds	K01497	-0.536318164892671	0.5271211867680352	23
Birds	K01638	0.6995220576850183	-0.6619414690215065	10
Birds	K01649	0.7010430087476163	-0.6552200781472041	28
Birds	K01662	-0.9341318632589279	0.9458910914003424	31
Birds	K01675	0.724808773797524	-0.6466270284224	33
Birds	K01676	0.724808773797524	-0.6466270284224	33
Birds	K01677	0.724808773797524	-0.6466270284224	33
Birds	K01678	0.724808773797524	-0.6466270284224	33
Birds	K01679	0.724808773797524	-0.6466270284224	33
Birds	K01774	0.724808773797524	-0.6466270284224	33
Birds	K01939	2.3321086743938313	-2.283441011916198	33
Birds	K02858	2.0592118209885286	-2.0327942117205464	26
Birds	K03527	-0.3342355810875726	0.4074130671840649	27
Birds	K06153	1.1922860824859502	-1.1317126402598865	29
Birds	K07160	-2.480308656205825	2.4486740902881694	11
Birds	K12526	2.0471151047156715	-2.02027146407751	34
Birds	K13562	0.17619850535841988	-0.18943649929425915	22
Birds	K13786	-2.0685782949585136	2.0731072842639073	20
Birds	K14652	-0.7199953895728922	0.7385632664059679	28
Birds	K19285	0.17619850535841988	-0.18943649929425915	22
Birds	K19286	0.17619850535841988	-0.18943649929425915	22
Birds	K19302	1.1922860824859502	-1.1317126402598865	29
Birds	K22920	0.5492441469239229	-0.5552668181556603	19
Birds	K23123	-2.480308656205825	2.4486740902881694	11
Birds	K23124	-2.480308656205825	2.4486740902881694	11
Birds	K23304	-1.5809900147187883	1.5685917023589562	34
Birds	K24042	0.4874828301592722	-0.4570630734494374	30
Birds	K28660	0.5492441469239229	-0.5552668181556603	19
