Reaction_ID	KO_IDs
R00005	K01457,K14541
R00013	K01608
R00025	K00459
R00032	K00515
R00036	K01698
R00048	K07518
R00066	K00793
R00075	K05953
R00084	K01749
R00093	K00264
R00103	K01513,K03426,K04765,K26956
R00104	K00858
R00114	K00265,K00266
R00125	K01525
R00130	K00859,K02318
R00134	K05299,K15022
R00149	K01948
R00155	K01510,K01511,K12304,K12305,K14641,K14642
R00161	K00953,K11753,K14656,K22949
R00178	K01611
R00179	K01762,K20772
R00182	K01241,K06966
R00187	K01522,K18424
R00193	K12960
R00199	K01007
R00206	K01006
R00207	K00158
R00214	K00027,K00028
R00215	K07246
R00216	K00029
R00217	K01003
R00227	K01067
R00237	K08691,K18292
R00239	K00931,K12657
R00251	K01469,K07160,K23123,K23124
R00253	K01915
R00258	K00814,K14260,K14272
R00259	K00618,K00619,K00620,K11067,K14681,K14682,K22476,K22477,K22478
R00260	K01776
R00262	K01846,K19268
R00271	K01655,K02594,K10977
R00286	K00012
R00289	K00963,K12447,K22920,K28660
R00293	K12450
R00294	K02164,K02305,K02448,K04561,K04747,K04748
R00297	K18930,K21836
R00303	K01084
R00305	K00115,K19813
R00310	K01772
R00318	K19670
R00319	K00467
R00339	K03779,K03780
R00341	K01610
R00343	K00051
R00344	K01958,K01959,K01960
R00345	K01595
R00346	K20370
R00351	K01647,K01659,K05942,K27797
R00352	K01648,K15230,K15231
R00355	K00811,K00812,K00813,K11358,K14454,K14455
R00362	K01643,K01644,K01646
R00367	K00552
R00371	K00639
R00373	K28179
R00401	K01775,K01798
R00402	K18556,K18557,K18558,K18559,K18560,K28482
R00405	K01902,K01903
R00409	K01637,K03417
R00411	K05526
R00416	K00972,K04042,K11528,K23144
R00421	K02474,K13015,K22926
R00424	K01495,K09007,K22391
R00425	K01497,K14652
R00426	K01513,K04765
R00432	K01899,K01900
R00448	K03897
R00449	K00468
R00451	K01586,K12526
R00457	K03918
R00461	K01843
R00462	K01582
R00469	K18151
R00472	K01638
R00474	K01616
R00476	K00104,K11472,K11473
R00479	K01637
R00480	K00928,K12524,K12525,K12526
R00486	K13035
R00487	K18309
R00491	K01779
R00494	K00681,K18592
R00497	K01920,K21456
R00502	K12447
R00512	K00945,K13799,K13800,K13809
R00519	K00122,K00123,K00124,K00126,K00127,K22515
R00522	K01569
R00524	K01455
R00525	K01458
R00527	K01070
R00530	K00988,K22966
R00531	K22966
R00533	K00387
R00540	K01501
R00549	K00861,K11753,K20884
R00554	K00934
R00566	K01583,K01584,K01585,K02626
R00574	K27604
R00582	K01079,K02203,K22305,K25528
R00585	K00830,K13290
R00586	K00640,K19726,K23304
R00601	K15461
R00603	K17070
R00604	K00148
R00605	K00093
R00606	K08685,K15228,K15229
R00609	K22084,K22085,K22086,K22087
R00610	K00301,K00302,K00303,K00304,K00305,K00306
R00611	K00314
R00617	K00946
R00618	K05307
R00660	K00790
R00661	K01841,K23999
R00662	K01513,K04765,K06287,K07043,K25435
R00670	K01581
R00671	K01750,K27542
R00673	K01667
R00674	K01695,K01696,K06001
R00679	K00466
R00690	K21795
R00692	K05821
R00693	K03825
R00694	K00811,K00812,K00813,K00815,K00817,K00832,K00838,K05821,K11358,K14454,K14455,K15849
R00704	K03777,K03778
R00715	K00290
R00716	K14157
R00720	K01519
R00728	K01668
R00747	K05306
R00748	K14286
R00750	K01666,K18365
R00765	K02564
R00768	K00820
R00774	K01941,K14541
R00776	K01483,K16856
R00778	K06035
R00787	K00361,K00362,K00363,K17877,K26138,K26139
R00789	K00361,K17877,K26138,K26139
R00802	K01187,K01193,K01203,K12047,K12316,K12317,K15922
R00804	K07757
R00805	K07024
R00821	K14333
R00830	K00643
R00833	K01847,K01848,K01849
R00842	K00006,K00057
R00844	K00057
R00846	K00105,K28477
R00847	K00864
R00855	K01517
R00856	K00980
R00870	K28607
R00880	K00066
R00885	K00966,K00971,K16011,K16881
R00888	K01711
R00893	K00456
R00894	K01919,K06048,K11204,K11205
R00919	K14469,K15020,K19745
R00931	K01659,K27797
R00941	K00289
R00944	K01433
R00946	K00548,K24042
R00948	K00975
R00955	K00965
R00956	K00978
R00965	K01591,K13421
R00966	K00761,K02825
R00982	K08295,K09460,K18000
R00984	K12643
R00997	K01505
R01001	K01758,K17217
R01011	K00863
R01012	K05878,K05879,K05881
R01013	K00649
R01015	K01803
R01016	K01734
R01021	K00866,K14156,K25657
R01023	K00623
R01025	K00108
R01034	K00005,K22251
R01039	K18097
R01049	K00948
R01055	K16329,K16330
R01056	K01807,K01808
R01058	K00131,K18978
R01059	K00863
R01064	K01631,K11395
R01066	K01619
R01069	K01635,K08302,K16371
R01072	K00764
R01073	K00766,K13497
R01078	K01012
R01080	K01240,K01250,K10213,K12700,K25589
R01082	K01675,K01676,K01677,K01678,K01679,K01774
R01083	K01756
R01087	K01799
R01090	K00826
R01092	K00849
R01103	K01189,K07406,K07407
R01108	K21888
R01121	K01597
R01123	K01823
R01132	K00760,K15780,K19836
R01134	K00364,K26110
R01135	K01939
R01142	K16157,K16158,K16159,K16160,K16161,K16162
R01150	K01921
R01152	K12251
R01153	K05353
R01157	K01480
R01169	K18911,K20246
R01174	K00634
R01178	K00248
R01183	K00010
R01184	K00469
R01196	K00169,K00170,K00171,K00172,K00174,K00175,K00189,K03737
R01201	K00884,K28207,K28208
R01213	K01649
R01214	K00826
R01215	K00835,K14260
R01218	K00295,K13403
R01220	K00288,K00300,K01491
R01224	K25004,K25009
R01229	K00760,K00769,K03816,K15780,K19836
R01238	K01612,K03186,K16239,K21759
R01255	K01777
R01267	K13035
R01269	K00541
R01271	K03462
R01281	K00654
R01291	K07173
R01295	K07824
R01300	K04105,K20458
R01301	K01075
R01302	K03181,K18240
R01305	K05913
R01306	K22553
R01320	K00550,K00551,K00570
R01322	K15232,K15233
R01333	K07248
R01334	K01091,K19269,K22223,K28203
R01355	K20454
R01357	K01907
R01360	K01640
R01361	K00019
R01364	K01555,K16171
R01365	K01034,K01035
R01366	K01574
R01381	K12447
R01384	K08678,K12449
R01385	K08679
R01394	K01816
R01397	K00608,K00609,K00610,K11540,K11541
R01408	K10675
R01422	K04105,K04110
R01424	K01451
R01430	K00078,K14273
R01450	K22373
R01459	K03333
R01461	K00637
R01465	K00060,K15789
R01468	K00894,K14156
R01473	K12448
R01476	K16190
R01481	K00002
R01505	K00216
R01507	K10621
R01512	K00927
R01514	K15918
R01516	K01837
R01522	K21840
R01523	K00855,K28462
R01529	K01783
R01530	K02467,K06041
R01538	K05308
R01540	K01685,K16849,K16850
R01541	K00874,K18126
R01550	K23259
R01558	K22133
R01563	K08687
R01564	K00309
R01565	K00315
R01566	K08688
R01583	K22210
R01586	K22081,K22082,K22083
R01594	K26082
R01596	K00458
R01608	K23146
R01616	K01904
R01617	K14329
R01628	K19065
R01633	K18076
R01634	K18256
R01639	K00854
R01644	K00043,K08318,K18120
R01660	K11809
R01665	K00945,K13799,K13800,K13809
R01669	K19796
R01688	K00929
R01707	K18609
R01708	K05275
R01712	K18608
R01714	K01736
R01715	K01850,K04092,K04093,K04516,K06208,K06209,K13853,K14170,K14187
R01716	K01664,K01665,K03342,K13950
R01717	K01851,K02361,K02552,K14759
R01720	K20445,K20446,K20447,K20448
R01721	K28670
R01724	K00763
R01728	K00220,K04517,K14187,K24018
R01730	K00211
R01737	K00851,K25031
R01751	K07246
R01754	K12446
R01759	K00011,K26066
R01761	K01804
R01771	K00872,K02203,K02204
R01776	K00641,K00651,K19726
R01777	K00641,K00651
R01782	K22397
R01797	K01521
R01801	K00995
R01802	K00999
R01811	K01639
R01812	K03793
R01818	K01840,K15778,K16881,K17497
R01825	K03472
R01826	K01626,K03856,K13853
R01836	K04119,K05296,K13368,K13369,K13370
R01838	K04119,K05296,K10207
R01844	K11214
R01855	K25500
R01856	K01129
R01868	K00254
R01869	K02823,K17828
R01872	K05887,K09484,K25901
R01873	K05358
R01881	K00933,K27382
R01883	K00542
R01884	K01470
R01895	K00039
R01896	K00008,K05351
R01898	K09988
R01903	K25880
R01904	K03331,K25879,K28606
R01908	K01577
R01928	K04628
R01931	K01011,K02439
R01939	K00825,K00838,K05825,K26062
R01951	K00976,K25314,K25315
R01960	K00486
R01967	K00893,K00904,K05961,K15518,K25641
R01978	K01641
R01980	K18677
R01990	K12255,K27001
R01993	K01465,K11540
R02003	K00787,K00795,K00804,K13787,K13789
R02004	K15097
R02007	K15098
R02009	K12467,K21925
R02016	K00384
R02021	K00390
R02035	K01057,K07404,K13937
R02036	K01690
R02037	K05929
R02050	K00827
R02055	K01613
R02056	K00551,K00570,K16369
R02058	K00621
R02060	K03431,K28126
R02061	K00804,K13787,K13789
R02064	K12929
R02068	K04120,K20657,K27636
R02081	K00054
R02082	K00021
R02085	K05607,K13766
R02089	K00893,K05961,K10353,K15519
R02100	K01520
R02101	K00560,K13998
R02118	K13492
R02119	K13494
R02133	K00877,K03707
R02134	K07251
R02144	K19787,K22437
R02150	K11182
R02155	K00546
R02159	K13270
R02164	K00233,K00234,K00235,K00236,K00237,K00239,K00240,K00241,K00242,K00244,K00245,K00246,K00247,K18859,K18860,K25801,K25995,K25996
R02167	K19270,K24204
R02173	K00274,K11182
R02177	K15094
R02181	K01020,K04743
R02199	K00826
R02204	K00306
R02225	K04343,K12570
R02228	K04342
R02243	K17724
R02244	K22002,K22003
R02245	K00869
R02262	K01628
R02264	K23486
R02265	K05309,K15729,K15730
R02266	K01830,K04097
R02267	K01831
R02268	K01832
R02272	K01845
R02274	K07250,K14268
R02278	K13876
R02279	K01707
R02280	K21062
R02282	K00620
R02283	K00818,K00821
R02285	K01479
R02288	K01468
R02291	K00133
R02301	K00603,K01934
R02302	K01746,K13990
R02305	K12250
R02306	K12249
R02313	K14157
R02315	K00293,K24034
R02324	K06211,K10524
R02328	K00973,K23144
R02340	K01695,K01696,K06001,K13222
R02368	K11157
R02373	K10724
R02374	K10723
R02376	K01699,K13919,K13920
R02394	K08100
R02396	K00624
R02397	K00471
R02408	K00816,K01758,K01760,K14155,K17217,K21623
R02412	K00891,K13829,K13830
R02413	K00014,K05887,K13830,K13832
R02422	K01477
R02426	K01709
R02429	K14275,K22186,K22396
R02437	K01813,K01820
R02450	K18355,K18356,K18357,K18358,K18359
R02451	K04112,K04113,K04114,K04115
R02452	K00628
R02454	K00040
R02458	K25365
R02461	K17898,K17899
R02467	K10712
R02469	K15089
R02470	K07382,K14732
R02472	K00077,K24263
R02505	K13231
R02509	K03418,K25305
R02519	K00451
R02522	K13875
R02526	K13874,K24443
R02530	K01759
R02535	K00503
R02539	K01912
R02541	K01117,K12350,K12351,K12352,K12353,K12354
R02542	K01123
R02548	K15095
R02555	K00041
R02558	K01188,K05349,K05350,K13032
R02574	K16953,K28067,K28068,K28069
R02589	K22270
R02613	K00274,K00276
R02633	K13271
R02640	K13247
R02656	K00450
R02658	K11441
R02665	K00452
R02681	K11817,K22417
R02691	K03715
R02708	K13029
R02715	K00107
R02720	K01519
R02722	K01694,K01695,K01696,K06001
R02728	K01838
R02732	K00900
R02733	K05823
R02734	K01439
R02735	K01778
R02742	K03423
R02755	K03340
R02765	K05606
R02776	K19652
R02777	K00067,K23987
R02781	K05957
R02782	K03335
R02783	K01925
R02786	K05362
R02788	K01928,K15792
R02799	K04119
R02804	K00376
R02821	K00544
R02832	K08081
R02852	K01844,K18011
R02855	K00004,K03366
R02858	K15996
R02859	K15995
R02863	K10811
R02864	K02302,K02304,K03794
R02874	K00511
R02901	K22906
R02914	K01712
R02918	K01866
R02921	K21030,K21031,K21681
R02927	K21621
R02928	K21620
R02937	K22601
R02973	K08069
R02978	K04708
R02985	K01188,K05349,K05350,K13031
R02986	K16876
R02987	K16877,K16878,K16879
R02992	K18610
R03013	K01089,K04486,K05602,K18649
R03015	K00200,K00201,K00202,K00203,K00204,K00205,K11260,K11261
R03023	K21726,K21727
R03025	K00440,K00441,K00442,K00443
R03028	K01615,K20509,K23351,K23352
R03030	K18014
R03031	K14534
R03032	K01683
R03033	K01684,K05308
R03035	K00954,K02201,K02318
R03037	K01252
R03057	K01254
R03059	K00807
R03062	K01060
R03064	K12747
R03069	K20452,K20453
R03070	K20451
R03072	K19104
R03073	K19105
R03075	K09756
R03083	K01735,K13829,K13830
R03084	K03785,K03786,K13830,K13832
R03114	K14730,K14732
R03136	K05889
R03139	K00276
R03145	K00156
R03161	K05305,K25314,K25315
R03165	K01719,K13542,K13543
R03168	K03896
R03177	K12254
R03178	K12253
R03182	K01935,K19562
R03187	K01473,K01474
R03193	K01924
R03199	K01852
R03200	K01853
R03202	K19826
R03209	K01906
R03210	K00652
R03214	K11821
R03220	K00228
R03222	K00231
R03223	K00788,K14153,K14154,K21219,K21220
R03230	K12698
R03231	K00833,K19562
R03240	K01819
R03241	K00879
R03245	K00938,K13273
R03247	K22958,K22959,K22960
R03254	K01627
R03261	K15090
R03264	K15890
R03269	K01598,K13038
R03275	K01844,K18011
R03296	K12658
R03297	K23279
R03303	K00455
R03307	K01857
R03308	K14334
R03313	K00147,K12657
R03315	K16328,K16330
R03323	K09757
R03348	K00767
R03349	K18012
R03350	K03270
R03361	K00888,K13711,K19801
R03362	K00914,K00923,K02649
R03370	K03921,K03922
R03378	K18201
R03384	K04339
R03387	K00883,K18126
R03390	K00672
R03394	K01106,K24221,K24222
R03401	K05894
R03402	K10525
R03424	K00550,K00551,K00570
R03428	K00913,K01765
R03429	K00913,K01765
R03430	K01106,K24221,K24222
R03433	K00911
R03435	K01116,K05857,K05858,K05859,K05860,K05861,K19006
R03448	K01471
R03451	K00474
R03452	K13261
R03457	K01089,K01693
R03458	K00082,K11752
R03459	K01498,K11752
R03460	K00800,K13830,K24018
R03461	K18613
R03464	K01499
R03469	K00889,K13712
R03470	K01607,K14727
R03471	K00877,K00941,K14153,K21219
R03477	K04340
R03478	K00915
R03479	K00913
R03493	K13779
R03494	K13777,K13778
R03503	K00950,K07142,K13939,K13940,K13941
R03509	K01817,K13498,K13501,K24017
R03531	K01519
R03543	K03268,K16268,K18089,K18090
R03559	K03268,K16268,K18089,K18090
R03594	K23260
R03595	K01008
R03610	K07438
R03613	K06927
R03630	K18068,K18069
R03648	K01893
R03656	K01870
R03657	K01869
R03665	K01873
R03673	K01827,K22203
R03688	K18334
R03696	K04835
R03703	K12695
R03707	K03366,K18009
R03721	K13398
R03737	K12692
R03738	K01757
R03772	K18338
R03774	K12661
R03775	K08246
R03812	K12692
R03817	K02636
R03820	K12693
R03831	K00307
R03834	K21070
R03835	K13397
R03860	K23493
R03877	K03403,K03404,K03405
R03887	K15067
R03896	K01703,K01704
R03899	K00308,K13367
R03908	K20450
R03918	K00083,K22395
R03925	K16841
R03932	K14417
R03942	K18337
R03945	K14732
R03947	K02302,K02304,K24866
R03948	K03394,K13540
R04013	K21896
R04020	K01721,K20807
R04030	K01911,K14760
R04035	K01523,K11755,K14152
R04037	K01496,K11755,K14152
R04038	K10760
R04040	K26397
R04053	K09459
R04060	K14256
R04093	K11868
R04109	K02492
R04130	K19189
R04138	K01968,K01969
R04143	K00899
R04144	K01945,K11787,K11788,K13713
R04147	K04127
R04148	K00768
R04151	K18257
R04152	K03430
R04158	K17104
R04188	K07250,K13524
R04189	K01484
R04205	K13610
R04208	K01933,K11787,K11788
R04209	K01587,K11808
R04210	K03473
R04217	K00840
R04222	K04341
R04237	K03428
R04266	K12454
R04277	K10221
R04279	K10219
R04286	K01737,K22101
R04307	K27673
R04323	K03392
R04347	K00577,K00578,K00579,K00580,K00581,K00582,K00583,K00584
R04349	K20806
R04364	K05822,K19107
R04365	K00674
R04371	K01705,K16792,K16793
R04374	K18384,K22548
R04383	K01815
R04400	K13395
R04404	K01099,K20278,K20279
R04405	K00549
R04420	K08963
R04424	K01720
R04425	K01682,K27802
R04438	K02805
R04448	K00878,K14154
R04449	K01910
R04455	K13942
R04456	K00319
R04463	K01952,K23264,K23265,K23269,K23270
R04464	K00320
R04469	K09480
R04475	K00821,K14267
R04478	K10220,K16515
R04496	K00587
R04520	K17105
R04522	K22678
R04529	K15910,K24280
R04541	K00399,K00401,K00402
R04545	K00922,K02649,K21289
R04556	K07119,K13948,K13949
R04557	K07119,K13948,K13949
R04559	K01756
R04591	K01587,K01923,K13713
R04594	K02226,K22316
R04597	K16049
R04606	K00748
R04635	K03373,K03374
R04640	K01814,K24017
R04657	K00912
R04690	K13395
R04695	K22093
R04696	K13391
R04697	K13392
R04699	K21693
R04723	K13393
R04734	K01724
R04826	K07431
R04870	K12743
R04872	K04126
R04950	K20838
R05049	K06447
R05092	K04121,K20657,K27636
R05124	K13394
R05137	K14584
R05148	K18074,K18075,K18077
R05156	K15766,K15767
R05176	K03274
R05189	K11628,K12432
R05198	K00114
R05202	K10572,K19786
R05217	K02229
R05218	K13786
R05219	K02228
R05222	K02231,K19712
R05224	K02224
R05225	K02232
R05226	K08260
R05227	K02230,K09882,K09883
R05229	K12745
R05240	K10620
R05244	K23528
R05271	K19629
R05272	K19630
R05274	K03862,K03863
R05275	K18067
R05283	K19961
R05285	K00114
R05301	K12744
R05305	K01782,K01825,K07516
R05311	K04118,K28556
R05314	K05783
R05316	K04107,K04108,K04109
R05320	K03119
R05332	K04042,K23144,K28192
R05357	K12676
R05378	K03339
R05380	K20625
R05399	K23529
R05452	K14747
R05465	K12673
R05467	K12674
R05553	K02619,K03342,K18482
R05558	K05394
R05588	K07543,K07544
R05597	K07537
R05598	K07540
R05603	K25932,K25933,K25934,K25935
R05606	K01686,K08323
R05608	K01708,K20023
R05623	K18277
R05626	K00887
R05627	K06153,K19302
R05633	K00991,K12506
R05634	K00919
R05636	K01662
R05637	K01770,K12506
R05641	K00223
R05651	K03852
R05652	K03851
R05687	K13306
R05688	K00099
R05699	K21802
R05705	K00484,K05368,K13562,K14631,K19286,K20146,K22393,K22394,K23462,K23470,K28637
R05706	K00299,K13562,K19285,K19286
R05707	K05368,K05901
R05717	K05907
R05718	K21794
R05727	K17689
R05728	K13029
R05732	K13385
R05735	K10854,K10855,K10856
R05740	K08262
R05745	K10700,K17048,K17049
R05757	K20082
R05764	K22438
R05768	K05947
R05771	K18199
R05774	K06034,K13039,K24393
R05775	K06118
R05776	K08242
R05783	K18541
R05789	K05979
R05790	K07026
R05794	K01004
R05795	K00923,K02649
R05799	K13024
R05800	K00915
R05801	K00915
R05802	K00921
R05825	K08233
R05838	K03474
R05850	K03077
R05855	K12696
R05857	K12697
R05876	K12694
R05877	K22326
R05878	K27777
R05879	K27778
R05882	K12695
R05884	K03527
R05983	K00726
R05988	K00717
R06015	K00753
R06016	K03714
R06117	K12466
R06120	K15096
R06211	K07024
R06258	K03845
R06259	K03846
R06260	K03847
R06261	K03846
R06284	K04040
R06298	K12927,K14041,K14042,K18113,K19571,K20514
R06301	K12927
R06302	K14041,K19571
R06305	K12921
R06306	K14039
R06307	K12923
R06308	K12922
R06309	K12924
R06310	K12925
R06311	K12926
R06313	K12928
R06354	K14040
R06398	K14733
R06417	K15091
R06502	K20706
R06513	K01710
R06514	K01790,K23987
R06523	K14182
R06530	K04720
R06601	K07127,K13484,K19964
R06604	K13484,K13485,K16838,K16840
R06613	K03465
R06734	K05354
R06786	K05712
R06789	K05714
R06815	K13272
R06816	K13272
R06836	K05774
R06846	K05887
R06847	K05887,K25901
R06868	K05929
R06870	K06124
R06871	K06124
R06892	K14520
R06946	K09838
R06947	K09838
R06948	K14594
R06954	K09841
R06957	K09842
R06977	K00836,K15785
R06978	K06718
R06979	K06720
R06982	K03396
R06983	K00121
R06988	K20712
R07041	K07422,K07425,K17726
R07053	K08022
R07061	K17863,K17864
R07062	K17864
R07125	K03078
R07134	K17738
R07143	K17818
R07144	K17818
R07163	K09516
R07168	K00297,K24042,K25009
R07170	K19890
R07177	K05908,K16936,K16937
R07185	K18054
R07186	K18054
R07187	K18054
R07202	K09843
R07204	K07431
R07207	K07440
R07208	K07439
R07214	K05933
R07218	K10223
R07222	K18360,K18361,K18362,K18363
R07229	K07309,K07310,K12527,K12528,K12529,K17050,K17051,K17052
R07232	K06970
R07233	K00563,K14336
R07234	K00564,K08316,K11391,K12297
R07244	K13042
R07245	K09065
R07250	K12644
R07251	K20981,K20982
R07253	K15320
R07260	K13495
R07276	K15849
R07277	K14271
R07281	K02858,K14652
R07290	K07749
R07294	K18360,K18361,K18362,K18363
R07295	K15871
R07306	K08096
R07307	K09887
R07318	K15872
R07324	K01858
R07346	K17742,K19633
R07363	K08967
R07364	K08967
R07373	K13608
R07392	K08964,K16054
R07394	K08966
R07403	K13223
R07404	K01589
R07414	K09470
R07419	K09473
R07421	K13224
R07422	K13225
R07423	K13226
R07476	K08097
R07500	K09833
R07502	K09834
R07503	K09834
R07605	K06879,K09457
R07613	K10206
R07629	K19795
R07630	K14178
R07631	K15086,K22049
R07632	K15087
R07633	K16845,K16846
R07634	K17950
R07638	K00495,K10566
R07648	K10187,K15803
R07649	K14179,K21927
R07650	K13745
R07796	K13607
R07830	K10156
R07984	K15358
R07985	K19647
R08051	K10760
R08052	K10760
R08057	K02488,K13069
R08088	K13776
R08090	K01640
R08147	K10718,K15824
R08151	K10718
R08159	K00665,K10781
R08160	K11812,K11813
R08162	K10782
R08165	K02551,K14759
R08166	K08680,K14759
R08167	K11821
R08193	K01836
R08199	K12742
R08200	K19669
R08370	K14177
R08379	K11146,K11147,K11150,K11151,K11152,K11153,K11161
R08388	K11158
R08528	K12503
R08547	K21551
R08689	K03526
R08856	K02851
R08923	K15093
R08969	K04714
R08991	K13243,K13244,K13245,K13246
R09076	K12259,K13366,K13367,K17839
R09078	K03366,K18009
R09087	K07756
R09115	K14044
R09116	K14045
R09117	K14046
R09119	K14036
R09120	K14037
R09121	K14038
R09140	K14176
R09245	K05355,K21274,K21275
R09246	K05355,K21268
R09250	K05356
R09251	K05356
R09289	K09019,K14468,K15039,K16066,K18602
R09359	K13033
R09383	K00974,K07558
R09384	K00974,K07558
R09385	K14733
R09386	K00974,K07558
R09389	K14733
R09393	K14733
R09532	K03103
R09565	K04099,K04100,K04101
R09588	K15739
R09750	K00484,K05368,K22393,K22394,K23470
R09819	K16047,K16048
R09838	K02609,K02610,K02611,K02612,K02613
R09860	K15982,K15983
R09861	K16083
R09865	K16085
R09866	K16084
R09867	K20512
R09944	K16368
R10070	K09838
R10089	K06215,K08681
R10129	K19650
R10261	K17194
R10309	K17644
R10389	K19823
R10479	K24439
R10623	K09834
R10624	K09834
R10713	K14028,K14029
R10859	K03526
R10868	K08106
R10869	K08106
R10924	K20667
R10953	K00915
R11098	K09022
R11099	K09022
R12479	K01230
R12566	K18383
