Reaction_ID	Pathway_IDs
R00005	map00220,map00791,map01100,map01110,map01120,rn00220,rn00791,rn01100,rn01110,rn01120
R00013	map00630,map01100,rn00630,rn01100
R00025	map00910,map01100,rn00910,rn01100
R00032	map00830,map01100,map01240,rn00830,rn01100,rn01240
R00036	map00860,map01100,map01110,map01120,map01240,rn00860,rn01100,rn01110,rn01120,rn01240
R00042	map00350,rn00350
R00044	map00950,map01110,rn00950,rn01110
R00048	map00650,map01100,rn00650,rn01100
R00066	map00740,map01100,map01110,map01240,rn00740,rn01100,rn01110,rn01240
R00075	map00270,map00999,map01100,map01110,rn00270,rn00999,rn01100,rn01110
R00084	map00860,map01100,map01110,map01120,map01240,rn00860,rn01100,rn01110,rn01120,rn01240
R00093	map00250,map00910,map01100,map01110,map01120,rn00250,rn00910,rn01100,rn01110,rn01120
R00103	map00760,map01100,rn00760,rn01100
R00104	map00760,map01100,map01240,rn00760,rn01100,rn01240
R00114	map00250,map00910,map01100,map01110,map01120,map01230,rn00250,rn00910,rn01100,rn01110,rn01120,rn01230
R00120	map00480,map01100,rn00480,rn01100
R00125	map00230,map01100,rn00230,rn01100
R00130	map00770,map01100,map01240,rn00770,rn01100,rn01240
R00134	map00680,map00720,map01100,map01120,map01200,rn00680,rn00720,rn01100,rn01120,rn01200
R00149	map00220,map00250,map00910,map01100,map01120,map01200,map01230,rn00220,rn00250,rn00910,rn01100,rn01120,rn01200,rn01230
R00155	map00240,map01100,map01232,rn00240,rn01100,rn01232
R00161	map00740,map01100,map01110,map01240,rn00740,rn01100,rn01110,rn01240
R00178	map00270,map00330,map01100,map01110,rn00270,rn00330,rn01100,rn01110
R00179	map00270,map01100,map01110,rn00270,rn01100,rn01110
R00182	map00230,map01100,map01232,rn00230,rn01100,rn01232
R00187	map00230,map01100,rn00230,rn01100
R00193	map00270,map01100,rn00270,rn01100
R00199	map00010,map00620,map00680,map00720,map01100,map01110,map01120,map01200,rn00010,rn00620,rn00680,rn00720,rn01100,rn01110,rn01120,rn01200
R00206	map00010,map00620,map00710,map00720,map01100,map01120,map01200,rn00010,rn00620,rn00710,rn00720,rn01100,rn01120,rn01200
R00207	map00620,map01100,rn00620,rn01100
R00210	map01210,rn01210
R00211	map00620,rn00620
R00214	map00620,map00710,map01100,map01120,map01200,rn00620,rn00710,rn01100,rn01120,rn01200
R00215	map00650,map01100,rn00650,rn01100
R00216	map00620,map00710,map01100,map01120,map01200,rn00620,rn00710,rn01100,rn01120,rn01200
R00217	map00620,map01100,rn00620,rn01100
R00227	map00620,map01100,rn00620,rn01100
R00237	map00660,map00720,map01100,map01120,map01200,rn00660,rn00720,rn01100,rn01120,rn01200
R00239	map00330,map00332,map01100,map01110,map01230,rn00330,rn00332,rn01100,rn01110,rn01230
R00251	map00480,map01100,rn00480,rn01100
R00253	map00220,map00250,map00630,map00910,map01100,map01110,map01120,map01230,rn00220,rn00250,rn00630,rn00910,rn01100,rn01110,rn01120,rn01230
R00258	map00220,map00250,map00710,map01100,map01120,map01200,map01210,map01230,rn00220,rn00250,rn00710,rn01100,rn01120,rn01200,rn01210,rn01230
R00259	map00220,map01100,map01110,map01210,map01230,rn00220,rn01100,rn01110,rn01210,rn01230
R00260	map00470,map01100,rn00470,rn01100
R00262	map00630,map00660,map01100,map01120,map01200,rn00630,rn00660,rn01100,rn01120,rn01200
R00271	map00300,map00620,map01100,map01110,map01120,map01210,map01230,map01240,rn00300,rn00620,rn01100,rn01110,rn01120,rn01210,rn01230,rn01240
R00273	map00630,rn00630
R00279	map00470,map01100,rn00470,rn01100
R00286	map00040,map00053,map00520,map00541,map01100,map01240,map01250,rn00040,rn00053,rn00520,rn00541,rn01100,rn01240,rn01250
R00289	map00040,map00052,map00500,map00520,map00541,map00561,map00566,map01100,map01110,map01240,map01250,rn00040,rn00052,rn00500,rn00520,rn00541,rn00561,rn00566,rn01100,rn01110,rn01240,rn01250
R00293	map00541,map01100,map01250,rn00541,rn01100,rn01250
R00294	map00910,map01100,map01120,map01310,rn00910,rn01100,rn01120,rn01310
R00297	map00620,map01100,rn00620,rn01100
R00303	map00500,map01100,map01110,rn00500,rn01100,rn01110
R00305	map00030,map01100,map01110,rn00030,rn01100,rn01110
R00310	map00860,map01100,map01110,map01240,rn00860,rn01100,rn01110,rn01240
R00318	map00440,map01100,map01120,rn00440,rn01100,rn01120
R00319	map00620,map01100,rn00620,rn01100
R00320	map00620,map01100,rn00620,rn01100
R00325	map00660,map01100,rn00660,rn01100
R00339	map00630,map01100,rn00630,rn01100
R00341	map00010,map00020,map00620,map00710,map01100,map01110,map01120,map01200,rn00010,rn00020,rn00620,rn00710,rn01100,rn01110,rn01120,rn01200
R00343	map00620,map00710,map01100,map01120,map01200,rn00620,rn00710,rn01100,rn01120,rn01200
R00344	map00020,map00620,map00720,map01100,map01120,map01200,map01230,rn00020,rn00620,rn00720,rn01100,rn01120,rn01200,rn01230
R00345	map00620,map00680,map00710,map00720,map01100,map01120,map01200,rn00620,rn00680,rn00710,rn00720,rn01100,rn01120,rn01200
R00346	map00620,map01100,rn00620,rn01100
R00351	map00020,map00630,map01100,map01110,map01120,map01200,map01210,map01230,rn00020,rn00630,rn01100,rn01110,rn01120,rn01200,rn01210,rn01230
R00352	map00020,map00720,map01100,map01110,map01120,map01200,rn00020,rn00720,rn01100,rn01110,rn01120,rn01200
R00355	map00220,map00250,map00710,map01100,map01110,map01120,map01200,map01210,map01230,rn00220,rn00250,rn00710,rn01100,rn01110,rn01120,rn01200,rn01210,rn01230
R00367	map00260,map00270,map00670,map01100,rn00260,rn00270,rn00670,rn01100
R00371	map00260,map01100,rn00260,rn01100
R00373	map00630,map01100,map01120,rn00630,rn01100,rn01120
R00401	map00470,map01100,rn00470,rn01100
R00402	map00720,map01100,map01110,map01120,map01200,rn00720,rn01100,rn01110,rn01120,rn01200
R00405	map00020,map00640,map00720,map01100,map01110,map01120,map01200,rn00020,rn00640,rn00720,rn01100,rn01110,rn01120,rn01200
R00409	map00640,map01100,map01120,map01200,rn00640,rn01100,rn01120,rn01200
R00411	map00330,map01100,rn00330,rn01100
R00416	map00520,map00541,map01100,map01250,rn00520,rn00541,rn01100,rn01250
R00421	map00541,map01100,map01250,rn00541,rn01100,rn01250
R00424	map01240,rn01240
R00425	map00740,map00790,map01100,map01110,map01240,rn00740,rn00790,rn01100,rn01110,rn01240
R00426	map00230,map01100,map01232,rn00230,rn01100,rn01232
R00432	map00020,map00640,map01100,map01110,map01200,rn00020,rn00640,rn01100,rn01110,rn01200
R00447	map00310,map00960,map01100,rn00310,rn00960,rn01100
R00448	map00997,map01100,map01110,map01120,rn00997,rn01100,rn01110,rn01120
R00449	map00310,map01100,map01120,rn00310,rn01100,rn01120
R00451	map00300,map00470,map01100,map01110,map01120,map01230,rn00300,rn00470,rn01100,rn01110,rn01120,rn01230
R00452	map00310,rn00310
R00461	map00310,map01100,rn00310,rn01100
R00462	map00310,map00960,map01100,map01110,map01120,rn00310,rn00960,rn01100,rn01110,rn01120
R00466	map00630,map01100,rn00630,rn01100
R00468	map00630,map01100,rn00630,rn01100
R00469	map00230,map01100,map01120,rn00230,rn01100,rn01120
R00472	map00620,map00630,map01100,map01110,map01120,map01200,rn00620,rn00630,rn01100,rn01110,rn01120,rn01200
R00474	map00630,rn00630
R00476	map00630,map01100,map01120,rn00630,rn01100,rn01120
R00477	map00630,rn00630
R00479	map00630,map01100,map01110,map01120,map01200,rn00630,rn01100,rn01110,rn01120,rn01200
R00480	map00260,map00261,map00270,map00300,map01100,map01110,map01120,map01210,map01230,rn00260,rn00261,rn00270,rn00300,rn01100,rn01110,rn01120,rn01210,rn01230
R00484	map00250,map01100,rn00250,rn01100
R00486	map00460,map01100,map01110,rn00460,rn01100,rn01110
R00487	map00250,map01100,rn00250,rn01100
R00491	map00250,map00470,map01100,rn00250,rn00470,rn01100
R00494	map00480,map01100,rn00480,rn01100
R00497	map00480,map01100,map01240,rn00480,rn01100,rn01240
R00502	map00052,map00520,map01100,rn00052,rn00520,rn01100
R00512	map00240,map01100,map01232,rn00240,rn01100,rn01232
R00518	map00630,map01100,rn00630,rn01100
R00519	map00630,map00680,map01100,map01120,map01200,rn00630,rn00680,rn01100,rn01120,rn01200
R00522	map00630,map01100,rn00630,rn01100
R00524	map00460,map00630,map00910,map01100,map01200,rn00460,rn00630,rn00910,rn01100,rn01200
R00525	map00340,map00630,map01100,rn00340,rn00630,rn01100
R00527	map00680,map01100,map01120,map01200,rn00680,rn01100,rn01120,rn01200
R00530	map00920,map01100,map01120,rn00920,rn01100,rn01120
R00531	map00920,map01100,rn00920,rn01100
R00533	map00920,map01100,map01120,rn00920,rn01100,rn01120
R00540	map00910,map01100,rn00910,rn01100
R00549	map00740,map01100,map01110,map01240,rn00740,rn01100,rn01110,rn01240
R00550	map00740,map01100,rn00740,rn01100
R00554	map00330,rn00330
R00559	map00330,map01100,rn00330,rn01100
R00566	map00330,map01100,map01110,rn00330,rn01100,rn01110
R00574	map00240,rn00240
R00576	map00250,map01100,rn00250,rn01100
R00582	map00260,map00680,map01100,map01110,map01120,map01200,map01230,rn00260,rn00680,rn01100,rn01110,rn01120,rn01200,rn01230
R00585	map00260,map01100,rn00260,rn01100
R00586	map00270,map00920,map00998,map01100,map01110,map01120,map01200,map01230,rn00270,rn00920,rn00998,rn01100,rn01110,rn01120,rn01200,rn01230
R00603	map00625,map01120,rn00625,rn01120
R00604	map00625,map00680,map01100,map01120,map01200,rn00625,rn00680,rn01100,rn01120,rn01200
R00605	map00680,map01100,map01120,rn00680,rn01100,rn01120
R00606	map00680,map01100,map01120,rn00680,rn01100,rn01120
R00609	map00680,map01100,map01120,rn00680,rn01100,rn01120
R00610	map00260,map01100,rn00260,rn01100
R00611	map00260,map00670,map01100,rn00260,rn00670,rn01100
R00617	map00730,map01100,map01240,rn00730,rn01100,rn01240
R00618	map00730,map01100,rn00730,rn01100
R00643	map00053,map01100,rn00053,rn01100
R00653	map00270,map00630,rn00270,rn00630
R00655	map00470,map01100,rn00470,rn01100
R00660	map00520,map00550,map01100,map01250,rn00520,rn00550,rn01100,rn01250
R00661	map00440,map00998,map01100,map01110,map01120,rn00440,rn00998,rn01100,rn01110,rn01120
R00662	map00240,map01100,map01232,rn00240,rn01100,rn01232
R00670	map00330,map00480,map01100,map01110,rn00330,rn00480,rn01100,rn01110
R00671	map00330,map01100,map01110,map01230,rn00330,rn01100,rn01110,rn01230
R00673	map00380,map01100,rn00380,rn01100
R00674	map00400,map01100,map01110,rn00400,rn01100,rn01110
R00679	map00380,map01100,rn00380,rn01100
R00686	map00360,map00470,map01100,rn00360,rn00470,rn01100
R00690	map00360,map01100,rn00360,rn01100
R00692	map00360,map00400,map00960,map01100,map01110,rn00360,rn00400,rn00960,rn01100,rn01110
R00693	map00360,map01100,rn00360,rn01100
R00694	map00360,map00400,map00960,map01100,map01110,map01210,map01230,rn00360,rn00400,rn00960,rn01100,rn01110,rn01210,rn01230
R00704	map00620,map01100,map01120,rn00620,rn01100,rn01120
R00715	map00300,map00310,map01100,map01110,map01230,rn00300,rn00310,rn01100,rn01110,rn01230
R00716	map00310,map01100,map01110,rn00310,rn01100,rn01110
R00720	map00230,map01100,map01232,rn00230,rn01100,rn01232
R00728	map00350,rn00350
R00739	map00350,rn00350
R00743	map00410,rn00410
R00747	map00440,map01100,map01120,rn00440,rn01100,rn01120
R00748	map00564,map01100,rn00564,rn01100
R00750	map00360,map00362,map00621,map00622,map01100,map01120,map01220,rn00360,rn00362,rn00621,rn00622,rn01100,rn01120,rn01220
R00753	map00620,map01100,rn00620,rn01100
R00765	map00520,rn00520
R00768	map00250,map00520,map01100,map01250,rn00250,rn00520,rn01100,rn01250
R00774	map00220,map00791,map01100,map01110,rn00220,rn00791,rn01100,rn01110
R00776	map00230,map01100,rn00230,rn01100
R00778	map00791,map01120,rn00791,rn01120
R00787	map00910,map01100,map01120,map01310,rn00910,rn01100,rn01120,rn01310
R00789	map00910,map01100,map01120,map01310,rn00910,rn01100,rn01120,rn01310
R00805	map00500,map01100,map01110,rn00500,rn01100,rn01110
R00821	map00362,map00627,map01120,rn00362,rn00627,rn01120
R00822	map00362,rn00362
R00830	map00260,map00860,map01100,map01110,map01240,rn00260,rn00860,rn01100,rn01110,rn01240
R00833	map00280,map00630,map00640,map00720,map01100,map01120,map01200,rn00280,rn00630,rn00640,rn00720,rn01100,rn01120,rn01200
R00842	map00564,map01100,map01110,rn00564,rn01100,rn01110
R00844	map00564,map01100,map01110,rn00564,rn01100,rn01110
R00846	map00564,map01100,map01110,rn00564,rn01100,rn01110
R00847	map00561,map01100,rn00561,rn01100
R00855	map00564,rn00564
R00856	map00564,rn00564
R00870	map00051,map01100,rn00051,rn01100
R00877	map00051,map01100,rn00051,rn01100
R00880	map00051,map00520,map01100,map01250,rn00051,rn00520,rn01100,rn01250
R00883	map00051,map00520,map01100,rn00051,rn00520,rn01100
R00885	map00051,map00520,map00541,map01100,map01110,map01240,map01250,rn00051,rn00520,rn00541,rn01100,rn01110,rn01240,rn01250
R00888	map00051,map00541,map01100,map01250,rn00051,rn00541,rn01100,rn01250
R00892	map00270,map01100,rn00270,rn01100
R00893	map00270,map00430,map01100,rn00270,rn00430,rn01100
R00894	map00480,map01100,map01240,rn00480,rn01100,rn01240
R00909	map00410,rn00410
R00919	map00640,map00720,map01100,map01120,map01200,rn00640,rn00720,rn01100,rn01120,rn01200
R00931	map00640,map01100,map01120,map01200,rn00640,rn01100,rn01120,rn01200
R00932	map00660,map01100,rn00660,rn01100
R00941	map00670,map01100,rn00670,rn01100
R00944	map00630,map00670,map01100,rn00630,rn00670,rn01100
R00946	map00270,map00670,map01100,map01110,map01230,rn00270,rn00670,rn01100,rn01110,rn01230
R00948	map00500,map00520,map01100,map01110,map01250,rn00500,rn00520,rn01100,rn01110,rn01250
R00949	map00500,map01100,rn00500,rn01100
R00954	map00500,map00520,map01100,map01250,rn00500,rn00520,rn01100,rn01250
R00955	map00052,map00520,map01100,map01250,rn00052,rn00520,rn01100,rn01250
R00956	map00500,map00520,map00541,map01100,map01250,rn00500,rn00520,rn00541,rn01100,rn01250
R00965	map00240,map01100,map01240,rn00240,rn01100,rn01240
R00966	map00240,map01100,map01232,rn00240,rn01100,rn01232
R00980	map00627,map01120,rn00627,rn01120
R00982	map00405,map00627,map00998,map01100,map01110,map01120,rn00405,rn00627,rn00998,rn01100,rn01110,rn01120
R00983	map00380,rn00380
R00984	map00996,map01110,rn00996,rn01110
R00997	map00270,map01100,rn00270,rn01100
R00998	map00620,rn00620
R01001	map00260,map00270,map00670,map01100,map01110,map01230,rn00260,rn00270,rn00670,rn01100,rn01110,rn01230
R01011	map00561,map00680,map01100,map01120,map01200,rn00561,rn00680,rn01100,rn01120,rn01200
R01012	map00561,map01100,rn00561,rn01100
R01013	map00564,rn00564
R01015	map00010,map00051,map00562,map00710,map01100,map01110,map01120,map01200,map01230,rn00010,rn00051,rn00562,rn00710,rn01100,rn01110,rn01120,rn01200,rn01230
R01016	map00640,map01100,map01120,rn00640,rn01100,rn01120
R01021	map00552,map00564,map01100,rn00552,rn00564,rn01100
R01023	map00564,rn00564
R01025	map00260,map00670,map01100,rn00260,rn00670,rn01100
R01034	map00561,map01100,rn00561,rn01100
R01039	map00561,map01100,rn00561,rn01100
R01049	map00030,map00230,map01100,map01110,map01120,map01200,map01230,rn00030,rn00230,rn01100,rn01110,rn01120,rn01200,rn01230
R01053	map00230,map01100,rn00230,rn01100
R01055	map00240,map01100,rn00240,rn01100
R01056	map00030,map00710,map01100,map01110,map01120,map01200,map01230,rn00030,rn00710,rn01100,rn01110,rn01120,rn01200,rn01230
R01058	map00010,map00030,map01100,map01120,map01200,rn00010,rn00030,rn01100,rn01120,rn01200
R01059	map00051,rn00051
R01064	map00052,map01100,rn00052,rn01100
R01066	map00030,map01100,rn00030,rn01100
R01069	map00052,map01100,rn00052,rn01100
R01072	map00230,map00250,map01100,map01110,rn00230,rn00250,rn01100,rn01110
R01073	map00400,map01100,map01110,map01230,rn00400,rn01100,rn01110,rn01230
R01078	map00780,map01100,map01240,rn00780,rn01100,rn01240
R01080	map00240,map01100,map01232,rn00240,rn01100,rn01232
R01082	map00020,map00620,map00720,map01100,map01110,map01120,map01200,rn00020,rn00620,rn00720,rn01100,rn01110,rn01120,rn01200
R01083	map00230,map00250,map01100,map01232,map01240,rn00230,rn00250,rn01100,rn01232,rn01240
R01087	map00650,map00760,map01100,map01120,rn00650,rn00760,rn01100,rn01120
R01090	map00280,map00290,map00966,map01100,map01110,map01210,map01230,rn00280,rn00290,rn00966,rn01100,rn01110,rn01210,rn01230
R01092	map00052,map00520,map01100,map01250,rn00052,rn00520,rn01100,rn01250
R01103	map00052,map01100,rn00052,rn01100
R01108	map00053,map00480,map01100,rn00053,rn00480,rn01100
R01121	map00900,map01100,map01110,rn00900,rn01100,rn01110
R01123	map00900,map01100,map01110,rn00900,rn01100,rn01110
R01132	map00230,map01100,map01232,rn00230,rn01100,rn01232
R01134	map00230,map01100,map01232,rn00230,rn01100,rn01232
R01135	map00230,map00250,map01100,map01232,map01240,rn00230,rn00250,rn01100,rn01232,rn01240
R01142	map00680,map01100,map01120,map01200,map01220,rn00680,rn01100,rn01120,rn01200,rn01220
R01150	map00470,map00550,map01100,rn00470,rn00550,rn01100
R01152	map00330,map01100,map01110,rn00330,rn01100,rn01110
R01153	map00960,map01100,map01110,rn00960,rn01100,rn01110
R01156	map00330,map01100,rn00330,rn01100
R01157	map00330,map01100,map01110,rn00330,rn01100,rn01110
R01161	map00340,map01100,rn00340,rn01100
R01169	map00340,map01100,rn00340,rn01100
R01174	map00650,map01100,rn00650,rn01100
R01180	map00630,rn00630
R01183	map00521,map00562,map01100,map01110,map01120,rn00521,rn00562,rn01100,rn01110,rn01120
R01184	map00053,map00562,map01100,map01250,rn00053,rn00562,rn01100,rn01250
R01188	map00562,rn00562
R01189	map00562,rn00562
R01196	map00010,map00020,map00620,map00650,map00680,map00720,map01100,map01110,map01120,map01200,map01210,rn00010,rn00020,rn00620,rn00650,rn00680,rn00720,rn01100,rn01110,rn01120,rn01200,rn01210
R01200	map00520,map01100,rn00520,rn01100
R01201	map00520,map01100,map01250,rn00520,rn01100,rn01250
R01204	map00520,map01100,rn00520,rn01100
R01211	map00770,rn00770
R01213	map00290,map00620,map01100,map01110,map01210,map01230,rn00290,rn00620,rn01100,rn01110,rn01210,rn01230
R01214	map00280,map00290,map00770,map00966,map01100,map01110,map01210,map01230,map01240,rn00280,rn00290,rn00770,rn00966,rn01100,rn01110,rn01210,rn01230,rn01240
R01215	map00290,map01100,map01110,rn00290,rn01100,rn01110
R01218	map00670,map01100,map01240,rn00670,rn01100,rn01240
R01220	map00670,map00720,map01100,map01120,map01200,map01240,rn00670,rn00720,rn01100,rn01120,rn01200,rn01240
R01224	map00670,map01100,map01120,rn00670,rn01100,rn01120
R01225	map00670,map01100,rn00670,rn01100
R01229	map00230,map01100,map01232,rn00230,rn01100,rn01232
R01238	map00627,map01120,map01220,rn00627,rn01120,rn01220
R01255	map00330,map00470,map01100,rn00330,rn00470,rn01100
R01267	map00460,map01100,map01110,rn00460,rn01100,rn01110
R01269	map00760,map01100,rn00760,rn01100
R01270	map00760,rn00760
R01271	map00760,map01100,rn00760,rn01100
R01281	map00600,map01100,rn00600,rn01100
R01291	map00270,map01100,map01230,rn00270,rn01100,rn01230
R01295	map00362,map00627,map01100,map01120,map01220,rn00362,rn00627,rn01100,rn01120,rn01220
R01300	map00362,map00627,map01100,map01120,map01220,rn00362,rn00627,rn01100,rn01120,rn01220
R01301	map00130,map00362,map01100,map01110,map01120,rn00130,rn00362,rn01100,rn01110,rn01120
R01302	map00130,map01100,map01110,map01240,rn00130,rn01100,rn01110,rn01240
R01304	map00130,rn00130
R01305	map00363,map01120,rn00363,rn01120
R01306	map00362,map01120,map01220,rn00362,rn01120,rn01220
R01319	map00564,rn00564
R01320	map00564,map01100,map01110,rn00564,rn01100,rn01110
R01322	map00720,map01100,map01120,map01200,rn00720,rn01100,rn01120,rn01200
R01333	map00630,map01100,map01120,rn00630,rn01100,rn01120
R01334	map00630,map01100,map01110,map01200,rn00630,rn01100,rn01110,rn01200
R01355	map00760,map01120,rn00760,rn01120
R01357	map00280,map00650,map01100,rn00280,rn00650,rn01100
R01358	map00650,map01100,rn00650,rn01100
R01360	map00280,map00650,map01100,rn00280,rn00650,rn01100
R01361	map00650,map01100,rn00650,rn01100
R01364	map00350,map00643,map01100,map01120,rn00350,rn00643,rn01100,rn01120
R01365	map00310,map01100,rn00310,rn01100
R01366	map00650,map01100,rn00650,rn01100
R01381	map00040,map00053,map00520,map01100,map01250,rn00040,rn00053,rn00520,rn01100,rn01250
R01384	map00520,map01100,map01250,rn00520,rn01100,rn01250
R01385	map00053,map00520,map01100,map01240,map01250,rn00053,rn00520,rn01100,rn01240,rn01250
R01387	map00541,map01100,rn00541,rn01100
R01393	map00630,map01100,rn00630,rn01100
R01394	map00630,map01100,rn00630,rn01100
R01397	map00240,map00250,map01100,map01240,rn00240,rn00250,rn01100,rn01240
R01408	map00460,map01100,rn00460,rn01100
R01422	map00362,map00627,map01100,map01120,rn00362,rn00627,rn01100,rn01120
R01430	map00040,map01100,rn00040,rn01100
R01447	map00620,map01100,rn00620,rn01100
R01450	map00620,map01100,rn00620,rn01100
R01459	map00984,map01120,rn00984,rn01120
R01461	map00100,rn00100
R01465	map00260,map01100,rn00260,rn01100
R01467	map00470,map01100,rn00470,rn01100
R01468	map00564,map01100,rn00564,rn01100
R01473	map00520,map01100,map01250,rn00520,rn01100,rn01250
R01476	map00040,map00053,map00520,map01100,map01250,rn00040,rn00053,rn00520,rn01100,rn01250
R01481	map00040,map00053,map01100,map01240,rn00040,rn00053,rn01100,rn01240
R01505	map01053,map01110,rn01053,rn01110
R01507	map00362,map01120,rn00362,rn01120
R01508	map00362,map01120,rn00362,rn01120
R01511	map00260,map01100,rn00260,rn01100
R01512	map00010,map00710,map01100,map01110,map01120,map01200,map01230,rn00010,rn00710,rn01100,rn01110,rn01120,rn01200,rn01230
R01514	map00260,map00561,map00630,map01100,map01110,map01200,rn00260,rn00561,rn00630,rn01100,rn01110,rn01200
R01516	map00010,map01100,rn00010,rn01100
R01522	map00030,map01100,map01120,rn00030,rn01100,rn01120
R01523	map00710,map01100,map01120,map01200,rn00710,rn01100,rn01120,rn01200
R01529	map00030,map00040,map00710,map01100,map01110,map01120,map01200,map01230,rn00030,rn00040,rn00710,rn01100,rn01110,rn01120,rn01200,rn01230
R01530	map00541,map01100,map01250,rn00541,rn01100,rn01250
R01538	map00030,map01100,map01120,map01200,rn00030,rn01100,rn01120,rn01200
R01540	map00040,map01100,rn00040,rn01100
R01541	map00030,map01100,map01120,map01200,rn00030,rn01100,rn01120,rn01200
R01550	map00650,map01100,rn00650,rn01100
R01558	map00630,map01100,rn00630,rn01100
R01559	map00630,map01100,rn00630,rn01100
R01563	map00330,map01100,rn00330,rn01100
R01564	map00260,map00670,map01100,rn00260,rn00670,rn01100
R01565	map00260,map00670,map01100,rn00260,rn00670,rn01100
R01566	map00260,map00330,map01100,rn00260,rn00330,rn01100
R01583	map00470,map01100,rn00470,rn01100
R01586	map00680,map01100,map01120,rn00680,rn01100,rn01120
R01594	map00590,rn00590
R01596	map00590,map01100,rn00590,rn01100
R01608	map00410,map00640,map01100,map01120,map01200,rn00410,rn00640,rn01100,rn01120,rn01200
R01616	map00130,map00940,map01100,map01110,rn00130,rn00940,rn01100,rn01110
R01617	map00999,map01100,map01110,rn00999,rn01100,rn01110
R01628	map00362,map00624,map01120,map01220,rn00362,rn00624,rn01120,rn01220
R01633	map00624,map01100,map01120,map01220,rn00624,rn01100,rn01120,rn01220
R01634	map00624,map01100,map01120,rn00624,rn01100,rn01120
R01636	map00623,map01120,rn00623,rn01120
R01639	map00040,map01100,rn00040,rn01100
R01644	map00650,map01100,map01200,rn00650,rn01100,rn01200
R01660	map00500,map01100,rn00500,rn01100
R01665	map00240,map01100,map01232,rn00240,rn01100,rn01232
R01669	map00240,map00670,map01100,rn00240,rn00670,rn01100
R01688	map00650,map01100,rn00650,rn01100
R01707	map00750,map01120,rn00750,rn01120
R01708	map00750,map01100,map01120,rn00750,rn01100,rn01120
R01712	map00750,map01120,rn00750,rn01120
R01713	map00750,map01120,rn00750,rn01120
R01714	map00400,map01100,map01110,map01230,rn00400,rn01100,rn01110,rn01230
R01715	map00400,map01100,map01110,map01230,rn00400,rn01100,rn01110,rn01230
R01716	map00790,map01240,rn00790,rn01240
R01717	map00130,map01053,map01100,map01110,map01240,rn00130,rn01053,rn01100,rn01110,rn01240
R01720	map00760,map01100,map01120,rn00760,rn01100,rn01120
R01721	map00960,rn00960
R01724	map00760,map01100,map01240,rn00760,rn01100,rn01240
R01728	map00400,map00401,map01100,map01110,map01230,rn00400,rn00401,rn01100,rn01110,rn01230
R01730	map00400,map01100,map01110,map01230,rn00400,rn01100,rn01110,rn01230
R01732	map00740,rn00740
R01737	map00030,map01100,map01110,map01120,map01200,rn00030,rn01100,rn01110,rn01120,rn01200
R01754	map00520,map01100,map01250,rn00520,rn01100,rn01250
R01759	map00040,map01100,rn00040,rn01100
R01761	map00040,map01100,rn00040,rn01100
R01771	map00260,map00270,map01100,map01110,map01120,map01230,rn00260,rn00270,rn01100,rn01110,rn01120,rn01230
R01776	map00270,map01100,rn00270,rn01100
R01777	map00270,map00920,map01100,map01110,map01120,map01230,rn00270,rn00920,rn01100,rn01110,rn01120,rn01230
R01782	map00040,map01100,rn00040,rn01100
R01797	map00564,map01110,rn00564,rn01110
R01801	map00564,map01100,rn00564,rn01100
R01802	map00562,map00564,map01100,rn00562,rn00564,rn01100
R01811	map00541,map01100,rn00541,rn01100
R01812	map00790,map01100,map01240,rn00790,rn01100,rn01240
R01818	map00051,map00520,map01100,map01110,map01240,map01250,rn00051,rn00520,rn01100,rn01110,rn01240,rn01250
R01825	map00750,map01100,map01240,rn00750,rn01100,rn01240
R01826	map00400,map01100,map01110,map01230,rn00400,rn01100,rn01110,rn01230
R01833	map00140,rn00140
R01836	map00140,map00984,map01100,map01120,rn00140,rn00984,rn01100,rn01120
R01838	map00140,map00984,map01100,map01120,rn00140,rn00984,rn01100,rn01120
R01844	map00030,map01100,rn00030,rn01100
R01855	map00230,map01100,rn00230,rn01100
R01856	map00230,map01100,map01232,rn00230,rn01100,rn01232
R01868	map00240,map01100,map01240,rn00240,rn01100,rn01240
R01869	map00240,map01100,map01240,rn00240,rn01100,rn01240
R01872	map00400,map01100,rn00400,rn01100
R01873	map00400,map01100,rn00400,rn01100
R01881	map00330,map01100,rn00330,rn01100
R01883	map00260,map00330,map01100,rn00260,rn00330,rn01100
R01884	map00330,map01100,rn00330,rn01100
R01891	map00600,map01100,rn00600,rn01100
R01895	map00040,map01100,rn00040,rn01100
R01896	map00040,map01100,rn00040,rn01100
R01898	map00040,rn00040
R01903	map00040,map01100,rn00040,rn01100
R01904	map00040,map01100,rn00040,rn01100
R01905	map00040,map01100,rn00040,rn01100
R01908	map00630,map01100,rn00630,rn01100
R01928	map00600,map01100,rn00600,rn01100
R01929	map00600,rn00600
R01930	map00920,map01100,map01120,rn00920,rn01100,rn01120
R01931	map00920,map01100,map01120,rn00920,rn01100,rn01120
R01939	map00300,map00310,map01100,map01110,map01120,map01210,map01230,rn00300,rn00310,rn01100,rn01110,rn01120,rn01210,rn01230
R01951	map00051,map00520,map01100,map01250,rn00051,rn00520,rn01100,rn01250
R01960	map00380,map01100,map01240,rn00380,rn01100,rn01240
R01967	map00230,map01100,map01232,rn00230,rn01100,rn01232
R01978	map00280,map00650,map00900,map01100,map01110,rn00280,rn00650,rn00900,rn01100,rn01110
R01980	map00520,map01100,map01250,rn00520,rn01100,rn01250
R01990	map00330,map01100,rn00330,rn01100
R01993	map00240,map01100,map01240,rn00240,rn01100,rn01240
R02003	map00900,map00997,map01100,map01110,rn00900,rn00997,rn01100,rn01110
R02004	map00902,map01110,rn00902,rn01110
R02006	map00902,map01100,map01110,rn00902,rn01100,rn01110
R02007	map00902,map01100,map01110,rn00902,rn01100,rn01110
R02009	map00902,map01110,rn00902,rn01110
R02021	map00920,map01100,map01120,map01320,rn00920,rn01100,rn01120,rn01320
R02035	map00030,map01100,map01110,map01120,map01200,rn00030,rn01100,rn01110,rn01120,rn01200
R02036	map00030,map01100,map01120,map01200,rn00030,rn01100,rn01120,rn01200
R02037	map00564,rn00564
R02050	map00280,rn00280
R02055	map00564,map01100,map01110,rn00564,rn01100,rn01110
R02056	map00564,map01100,map01110,rn00564,rn01100,rn01110
R02058	map00520,map01100,map01250,rn00520,rn01100,rn01250
R02060	map00520,map01100,map01250,rn00520,rn01100,rn01250
R02061	map00900,map00997,map01100,map01110,rn00900,rn00997,rn01100,rn01110
R02064	map00904,map01100,map01110,rn00904,rn01100,rn01110
R02068	map00904,map01100,map01110,rn00904,rn01100,rn01110
R02077	map00350,map01100,rn00350,rn01100
R02081	map00900,map01110,rn00900,rn01110
R02082	map00900,map01100,map01110,rn00900,rn01100,rn01110
R02085	map00280,map01100,rn00280,rn01100
R02089	map00230,map01100,map01232,rn00230,rn01100,rn01232
R02100	map00240,map01100,map01232,rn00240,rn01100,rn01232
R02101	map00240,map00670,map01100,map01232,rn00240,rn00670,rn01100,rn01232
R02118	map00908,map01110,rn00908,rn01110
R02119	map00908,map01110,rn00908,rn01110
R02133	map00730,map01100,map01240,rn00730,rn01100,rn01240
R02134	map00730,map01100,rn00730,rn01100
R02144	map00340,map01100,rn00340,rn01100
R02150	map00340,map01100,rn00340,rn01100
R02155	map00340,map01100,rn00340,rn01100
R02159	map00944,rn00944
R02164	map00020,map00620,map00650,map00720,map01100,map01110,map01120,map01200,rn00020,rn00620,rn00650,rn00720,rn01100,rn01110,rn01120,rn01200
R02167	map00051,map01100,rn00051,rn01100
R02173	map00380,map01100,rn00380,rn01100
R02177	map00902,map01110,rn00902,rn01110
R02199	map00280,map00290,map00966,map01100,map01110,map01210,map01230,rn00280,rn00290,rn00966,rn01100,rn01110,rn01210,rn01230
R02204	map00310,map01100,map01120,rn00310,rn01100,rn01120
R02214	map00140,rn00140
R02225	map00521,map01100,map01110,rn00521,rn01100,rn01110
R02228	map00521,map01100,map01110,rn00521,rn01100,rn01110
R02243	map00660,map01100,rn00660,rn01100
R02244	map00660,map01100,rn00660,rn01100
R02245	map00900,map01100,map01110,rn00900,rn01100,rn01110
R02254	map00360,map00999,map01100,map01110,map01120,rn00360,rn00999,rn01100,rn01110,rn01120
R02262	map00051,map01100,map01120,rn00051,rn01100,rn01120
R02264	map00590,map01100,rn00590,rn01100
R02265	map00590,map01100,rn00590,rn01100
R02266	map00590,map01100,rn00590,rn01100
R02267	map00590,map01100,rn00590,rn01100
R02268	map00590,map01100,rn00590,rn01100
R02271	map00860,rn00860
R02272	map00860,map01100,map01110,map01120,map01240,rn00860,rn01100,rn01110,rn01120,rn01240
R02274	map00310,map01100,map01120,rn00310,rn01100,rn01120
R02278	map00053,map01100,rn00053,rn01100
R02279	map00053,map01100,rn00053,rn01100
R02280	map00470,map01100,rn00470,rn01100
R02282	map00220,map01100,map01210,map01230,rn00220,rn01100,rn01210,rn01230
R02283	map00220,map01100,map01110,map01210,map01230,rn00220,rn01100,rn01110,rn01210,rn01230
R02285	map00340,map01100,rn00340,rn01100
R02288	map00340,map01100,rn00340,rn01100
R02291	map00260,map00270,map00300,map01100,map01110,map01120,map01210,map01230,rn00260,rn00270,rn00300,rn01100,rn01110,rn01120,rn01210,rn01230
R02301	map00670,map01100,rn00670,rn01100
R02302	map00670,map01100,rn00670,rn01100
R02305	map00909,map00998,map01100,map01110,rn00909,rn00998,rn01100,rn01110
R02306	map00909,rn00909
R02313	map00310,map01100,map01110,rn00310,rn01100,rn01110
R02315	map00300,map00310,map01100,map01110,map01230,rn00300,rn00310,rn01100,rn01110,rn01230
R02324	map00760,map01100,rn00760,rn01100
R02328	map00520,map00521,map00523,map00525,map00541,map01100,map01110,map01250,rn00520,rn00521,rn00523,rn00525,rn00541,rn01100,rn01110,rn01250
R02338	map00380,rn00380
R02340	map00400,map00402,map00999,map01100,map01110,rn00400,rn00402,rn00999,rn01100,rn01110
R02368	map00830,map01100,rn00830,rn01100
R02373	map00981,rn00981
R02374	map00981,map01100,rn00981,rn01100
R02376	map00640,map01100,rn00640,rn01100
R02381	map00940,map01110,rn00940,rn01110
R02384	map00350,map01100,rn00350,rn01100
R02394	map00860,map01110,rn00860,rn01110
R02397	map00310,map01100,rn00310,rn01100
R02402	map00071,map00310,map01100,rn00071,rn00310,rn01100
R02408	map00270,map01100,rn00270,rn01100
R02412	map00400,map01100,map01110,map01230,rn00400,rn01100,rn01110,rn01230
R02413	map00400,map01100,map01110,map01230,rn00400,rn01100,rn01110,rn01230
R02419	map00650,map01100,rn00650,rn01100
R02422	map00230,map01100,map01120,rn00230,rn01100,rn01120
R02426	map00541,map01100,map01250,rn00541,rn01100,rn01250
R02429	map00040,map01100,rn00040,rn01100
R02437	map00051,map01100,map01120,rn00051,rn01100,rn01120
R02441	map00040,map01100,rn00040,rn01100
R02450	map00360,map01100,rn00360,rn01100
R02451	map00362,map01100,map01120,map01220,rn00362,rn01100,rn01120,rn01220
R02454	map00040,map01100,rn00040,rn01100
R02458	map00470,map01100,rn00470,rn01100
R02461	map00470,map01100,rn00470,rn01100
R02467	map00430,map01100,rn00430,rn01100
R02469	map00902,map01110,rn00902,rn01110
R02470	map00902,map00903,map01110,rn00902,rn00903,rn01110
R02471	map00770,rn00770
R02472	map00770,map01100,map01110,map01240,rn00770,rn01100,rn01110,rn01240
R02474	map00770,map01100,map01110,rn00770,rn01100,rn01110
R02489	map00350,map01100,map01120,rn00350,rn01100,rn01120
R02505	map00945,map01110,rn00945,rn01110
R02509	map00630,map01100,rn00630,rn01100
R02512	map00680,map01100,map01120,rn00680,rn01100,rn01120
R02519	map00350,map00643,map01100,map01120,rn00350,rn00643,rn01100,rn01120
R02522	map00053,map01100,rn00053,rn01100
R02526	map00053,map01100,rn00053,rn01100
R02530	map00620,map01100,rn00620,rn01100
R02535	map00350,map01100,rn00350,rn01100
R02539	map00360,map01100,map01120,rn00360,rn01100,rn01120
R02541	map00600,map01100,rn00600,rn01100
R02542	map00600,map01100,rn00600,rn01100
R02544	map00630,map01100,rn00630,rn01100
R02546	map00630,map01100,rn00630,rn01100
R02547	map00630,rn00630
R02548	map00902,map01110,rn00902,rn01110
R02555	map00040,map01100,rn00040,rn01100
R02558	map00460,map01100,map01110,rn00460,rn01100,rn01110
R02563	map00564,rn00564
R02564	map00930,map01120,rn00930,rn01120
R02573	map00670,rn00670
R02574	map00920,map01100,map01120,map01320,rn00920,rn01100,rn01120,rn01320
R02575	map00330,map01100,rn00330,rn01100
R02589	map00362,map01120,rn00362,rn01120
R02613	map00360,rn00360
R02632	map00944,rn00944
R02633	map00944,rn00944
R02636	map00520,map01100,rn00520,rn01100
R02640	map00040,map01100,rn00040,rn01100
R02646	map00230,map01100,rn00230,rn01100
R02656	map00350,map01100,map01120,rn00350,rn01100,rn01120
R02658	map00030,map01100,map01120,rn00030,rn01100,rn01120
R02665	map00380,map01100,map01240,rn00380,rn01100,rn01240
R02673	map00627,map01120,rn00627,rn01120
R02679	map00380,rn00380
R02680	map00380,rn00380
R02681	map00380,map01100,rn00380,rn01100
R02691	map00561,map01100,rn00561,rn01100
R02711	map00660,rn00660
R02712	map00660,rn00660
R02714	map00053,map01100,rn00053,rn01100
R02715	map00053,map01100,rn00053,rn01100
R02720	map00230,map01100,map01232,rn00230,rn01100,rn01232
R02722	map00260,map00400,map01100,map01110,map01230,rn00260,rn00400,rn01100,rn01110,rn01230
R02729	map00230,map00670,map01100,rn00230,rn00670,rn01100
R02730	map00051,map01100,rn00051,rn01100
R02733	map00300,map01100,map01110,map01230,rn00300,rn01100,rn01110,rn01230
R02734	map00300,map01100,map01120,map01230,rn00300,rn01100,rn01120,rn01230
R02735	map00300,map00470,map01100,map01110,map01120,map01230,rn00300,rn00470,rn01100,rn01110,rn01120,rn01230
R02742	map00480,map01100,rn00480,rn01100
R02755	map00300,map01100,map01110,map01230,rn00300,rn01100,rn01110,rn01230
R02764	map00280,map00640,map01100,rn00280,rn00640,rn01100
R02765	map00280,map00630,map00640,map00720,map01100,map01120,map01200,rn00280,rn00630,rn00640,rn00720,rn01100,rn01120,rn01200
R02776	map00523,map00541,map01100,map01110,map01250,rn00523,rn00541,rn01100,rn01110,rn01250
R02777	map00521,map00523,map00541,map01100,map01110,map01250,rn00521,rn00523,rn00541,rn01100,rn01110,rn01250
R02781	map00521,map01110,rn00521,rn01110
R02782	map00562,map01100,map01120,rn00562,rn01100,rn01120
R02783	map00470,map00550,map01100,rn00470,rn00550,rn01100
R02786	map00550,map01100,rn00550,rn01100
R02788	map00300,map00550,map01100,rn00300,rn00550,rn01100
R02799	map00590,rn00590
R02804	map00910,map01100,map01120,map01310,rn00910,rn01100,rn01120,rn01310
R02817	map00564,rn00564
R02821	map00260,map00270,map00670,map01100,map01110,rn00260,rn00270,rn00670,rn01100,rn01110
R02832	map00960,map01100,map01110,rn00960,rn01100,rn01110
R02852	map00310,map00470,map01100,rn00310,rn00470,rn01100
R02855	map00650,rn00650
R02858	map00522,map01100,map01110,rn00522,rn01100,rn01110
R02859	map00522,map01100,map01110,rn00522,rn01100,rn01110
R02863	map00730,map01100,rn00730,rn01100
R02864	map00860,map01100,map01110,map01240,rn00860,rn01100,rn01110,rn01240
R02874	map00100,map00909,map01100,map01110,rn00100,rn00909,rn01100,rn01110
R02877	map00627,map01120,rn00627,rn01120
R02901	map00946,map01100,rn00946,rn01100
R02914	map00340,map01100,rn00340,rn01100
R02918	map00970,rn00970
R02921	map00040,map00515,map01100,rn00040,rn00515,rn01100
R02927	map00052,map01100,rn00052,rn01100
R02928	map00052,map01100,rn00052,rn01100
R02937	map00230,map01100,map01120,rn00230,rn01100,rn01120
R02944	map00902,map01110,rn00902,rn01110
R02949	map00650,map01110,rn00650,rn01110
R02954	map00943,rn00943
R02972	map00770,rn00770
R02973	map00770,map01100,rn00770,rn01100
R02978	map00600,map01100,rn00600,rn01100
R02982	map00999,map01110,rn00999,rn01110
R02985	map00460,map01100,map01110,rn00460,rn01100,rn01110
R02986	map00365,map01100,map01120,rn00365,rn01100,rn01120
R02987	map00365,map01100,map01120,rn00365,rn01100,rn01120
R02992	map00750,map01120,rn00750,rn01120
R02994	map00902,map01110,rn00902,rn01110
R02995	map00902,map01110,rn00902,rn01110
R02999	map00860,map01100,rn00860,rn01100
R03001	map00470,map01100,rn00470,rn01100
R03013	map00340,map01100,map01110,map01230,rn00340,rn01100,rn01110,rn01230
R03015	map00680,map01100,map01120,map01200,rn00680,rn01100,rn01120,rn01200
R03023	map00627,map01120,rn00627,rn01120
R03025	map00680,map01100,map01120,rn00680,rn01100,rn01120
R03028	map00362,map00650,map01100,map01120,rn00362,rn00650,rn01100,rn01120
R03030	map00310,map01100,rn00310,rn01100
R03031	map00650,map01100,rn00650,rn01100
R03032	map00053,map01100,rn00053,rn01100
R03033	map00052,map01100,map01120,rn00052,rn01100,rn01120
R03035	map00770,map01100,map01240,rn00770,rn01100,rn01240
R03037	map01053,map01110,rn01053,rn01110
R03040	map00630,rn00630
R03049	map00830,rn00830
R03057	map00590,map01100,rn00590,rn01100
R03059	map00590,map01100,rn00590,rn01100
R03062	map00311,map01110,rn00311,rn01110
R03063	map00311,map01110,rn00311,rn01110
R03064	map00311,map01100,rn00311,rn01100
R03069	map00760,map01120,rn00760,rn01120
R03070	map00760,map01120,rn00760,rn01120
R03072	map00261,map01100,map01110,rn00261,rn01100,rn01110
R03073	map00261,map01100,map01110,rn00261,rn01100,rn01110
R03075	map00940,map01110,rn00940,rn01110
R03083	map00400,map01100,map01110,map01230,rn00400,rn01100,rn01110,rn01230
R03084	map00400,map01100,map01110,map01230,rn00400,rn01100,rn01110,rn01230
R03086	map00140,rn00140
R03114	map00902,map00903,map01120,rn00902,rn00903,rn01120
R03127	map00630,map01100,rn00630,rn01100
R03133	map00908,map01110,rn00908,rn01110
R03139	map00410,map01100,rn00410,rn01100
R03145	map00620,map01100,rn00620,rn01100
R03161	map00051,map00520,map01100,map01250,rn00051,rn00520,rn01100,rn01250
R03165	map00860,map01100,map01110,map01120,map01240,rn00860,rn01100,rn01110,rn01120,rn01240
R03168	map00997,map01100,map01110,map01120,rn00997,rn01100,rn01110,rn01120
R03177	map00330,map01100,rn00330,rn01100
R03178	map00330,map01100,rn00330,rn01100
R03182	map00780,map01100,map01240,rn00780,rn01100,rn01240
R03183	map00053,map01100,rn00053,rn01100
R03187	map00330,map01100,rn00330,rn01100
R03193	map00550,map01100,rn00550,rn01100
R03198	map00770,rn00770
R03199	map00100,map01100,map01110,rn00100,rn01100,rn01110
R03200	map00100,map01100,map01110,rn00100,rn01100,rn01110
R03209	map00780,map01100,map01240,rn00780,rn01100,rn01240
R03210	map00780,map01100,map01240,rn00780,rn01100,rn01240
R03214	map00966,map01110,map01210,rn00966,rn01110,rn01210
R03220	map00860,map01100,map01110,map01240,rn00860,rn01100,rn01110,rn01240
R03222	map00860,map01100,map01110,map01240,rn00860,rn01100,rn01110,rn01240
R03223	map00730,map01100,map01240,rn00730,rn01100,rn01240
R03230	map00901,map01100,map01110,rn00901,rn01100,rn01110
R03231	map00780,map01100,map01240,rn00780,rn01100,rn01240
R03240	map00052,map01100,rn00052,rn01100
R03241	map00051,map01100,map01120,rn00051,rn01100,rn01120
R03245	map00900,map01100,map01110,rn00900,rn01100,rn01110
R03247	map00627,map01120,rn00627,rn01120
R03251	map00380,rn00380
R03253	map00380,rn00380
R03254	map00541,map01100,map01250,rn00541,rn01100,rn01250
R03261	map00902,map01110,rn00902,rn01110
R03264	map00900,map00981,map01100,map01110,rn00900,rn00981,rn01100,rn01110
R03265	map00909,rn00909
R03269	map00770,map01100,map01240,rn00770,rn01100,rn01240
R03275	map00310,map01100,rn00310,rn01100
R03281	map00930,rn00930
R03296	map00470,map01100,rn00470,rn01100
R03297	map00999,rn00999
R03303	map00350,map01100,map01120,map01220,rn00350,rn01100,rn01120,rn01220
R03306	map00350,map01120,rn00350,rn01120
R03307	map00362,map01100,map01120,map01220,rn00362,rn01100,rn01120,rn01220
R03308	map00362,map01120,rn00362,rn01120
R03313	map00330,map00332,map01100,map01110,map01230,rn00330,rn00332,rn01100,rn01110,rn01230
R03315	map00240,map01100,rn00240,rn01100
R03323	map00940,map01110,rn00940,rn01110
R03341	map00350,map00950,map01110,rn00350,rn00950,rn01110
R03348	map00760,map01100,map01240,rn00760,rn01100,rn01240
R03349	map00310,map01100,rn00310,rn01100
R03350	map00541,map01100,map01250,rn00541,rn01100,rn01250
R03360	map00564,rn00564
R03361	map00562,map01100,rn00562,rn01100
R03362	map00562,map01100,rn00562,rn01100
R03365	map00940,rn00940
R03369	map00360,map01100,map01120,rn00360,rn01100,rn01120
R03370	map00061,map01040,map01212,rn00061,rn01040,rn01212
R03378	map00310,map01100,rn00310,rn01100
R03384	map00521,map01110,rn00521,rn01110
R03387	map00052,map01100,rn00052,rn01100
R03390	map00680,map01100,map01120,map01200,rn00680,rn01100,rn01120,rn01200
R03394	map00562,map01100,rn00562,rn01100
R03401	map00592,map01100,map01110,rn00592,rn01100,rn01110
R03402	map00592,map01100,map01110,rn00592,rn01100,rn01110
R03424	map00564,map01100,map01110,rn00564,rn01100,rn01110
R03428	map00562,map01100,rn00562,rn01100
R03429	map00562,map01100,rn00562,rn01100
R03430	map00562,map01100,rn00562,rn01100
R03433	map00562,map01100,rn00562,rn01100
R03435	map00562,map01100,rn00562,rn01100
R03448	map00930,map01120,rn00930,rn01120
R03451	map00310,map01100,rn00310,rn01100
R03452	map00943,map01110,rn00943,rn01110
R03454	map00565,map01100,rn00565,rn01100
R03455	map00565,map01100,rn00565,rn01100
R03456	map00944,map01110,rn00944,rn01110
R03457	map00340,map01100,map01110,map01230,rn00340,rn01100,rn01110,rn01230
R03458	map00740,map01100,map01110,map01240,rn00740,rn01100,rn01110,rn01240
R03459	map00740,map01100,map01110,map01240,rn00740,rn01100,rn01110,rn01240
R03460	map00400,map01100,map01110,map01230,rn00400,rn01100,rn01110,rn01230
R03461	map00750,map01120,rn00750,rn01120
R03464	map00680,map01100,map01120,map01200,rn00680,rn01100,rn01120,rn01200
R03468	map00561,rn00561
R03469	map00562,map01100,rn00562,rn01100
R03470	map00362,map01100,map01120,map01220,rn00362,rn01100,rn01120,rn01220
R03471	map00730,map01100,map01240,rn00730,rn01100,rn01240
R03477	map00521,map01110,rn00521,rn01110
R03478	map00562,map01100,rn00562,rn01100
R03479	map00562,map01100,rn00562,rn01100
R03493	map00907,map01120,rn00907,rn01120
R03494	map00907,map01120,rn00907,rn01120
R03496	map00521,map01110,rn00521,rn01110
R03502	map00521,map01110,rn00521,rn01110
R03503	map00790,map01100,rn00790,rn01100
R03509	map00400,map01100,map01110,map01230,rn00400,rn01100,rn01110,rn01230
R03520	map00590,rn00590
R03531	map00230,map01232,rn00230,rn01232
R03543	map00361,map00362,map01100,map01120,map01220,rn00361,rn00362,rn01100,rn01120,rn01220
R03559	map00623,map01100,map01120,map01220,rn00623,rn01100,rn01120,rn01220
R03563	map00960,map01110,rn00960,rn01110
R03565	map00944,rn00944
R03589	map00944,rn00944
R03594	map00999,map01110,rn00999,rn01110
R03595	map00450,map01100,rn00450,rn01100
R03610	map00100,map01100,rn00100,rn01100
R03614	map00996,map01100,map01110,rn00996,rn01100,rn01110
R03627	map00591,rn00591
R03630	map00624,map01100,map01120,map01220,rn00624,rn01100,rn01120,rn01220
R03648	map00970,rn00970
R03656	map00970,rn00970
R03657	map00970,rn00970
R03665	map00970,rn00970
R03673	map00350,map01100,rn00350,rn01100
R03686	map00944,rn00944
R03688	map00051,map01100,map01120,rn00051,rn01100,rn01120
R03692	map00624,map00999,map01120,rn00624,rn00999,rn01120
R03693	map00660,map01100,rn00660,rn01100
R03696	map00630,map00660,map01100,map01120,map01200,rn00630,rn00660,rn01100,rn01120,rn01200
R03703	map00901,map01110,rn00901,rn01110
R03707	map00650,map01110,rn00650,rn01110
R03709	map00360,map01100,map01120,rn00360,rn01100,rn01120
R03710	map00999,map01110,rn00999,rn01110
R03721	map00950,map01110,rn00950,rn01110
R03726	map00908,map01110,rn00908,rn01110
R03733	map00053,map01100,rn00053,rn01100
R03737	map00960,map01100,map01110,rn00960,rn01100,rn01110
R03738	map00901,map01100,map01110,rn00901,rn01100,rn01110
R03759	map00260,map01100,rn00260,rn01100
R03772	map00051,map01100,map01120,rn00051,rn01100,rn01120
R03774	map00051,map01100,map01120,rn00051,rn01100,rn01120
R03775	map00100,map01100,map01110,rn00100,rn01100,rn01110
R03785	map00430,rn00430
R03794	map00627,map01120,rn00627,rn01120
R03812	map00960,map01100,map01110,rn00960,rn01100,rn01110
R03817	map01100,rn01100
R03820	map00901,map01100,map01110,rn00901,rn01100,rn01110
R03831	map00950,map01100,map01110,rn00950,rn01100,rn01110
R03834	map00950,map01100,map01110,rn00950,rn01100,rn01110
R03835	map00950,map01100,map01110,rn00950,rn01100,rn01110
R03860	map00901,map01100,map01110,rn00901,rn01100,rn01110
R03877	map00860,map01100,map01110,rn00860,rn01100,rn01110
R03887	map00380,map01100,rn00380,rn01100
R03896	map00290,map00660,map01100,map01210,map01230,rn00290,rn00660,rn01100,rn01210,rn01230
R03908	map00760,map01120,rn00760,rn01120
R03918	map00940,map01100,map01110,rn00940,rn01100,rn01110
R03925	map00230,map01100,map01120,rn00230,rn01100,rn01120
R03932	map00364,map01100,map01120,rn00364,rn01100,rn01120
R03942	map00051,map01100,map01120,rn00051,rn01100,rn01120
R03945	map00903,rn00903
R03947	map00860,map01100,map01110,map01120,map01240,rn00860,rn01100,rn01110,rn01120,rn01240
R03948	map00860,map01100,map01240,rn00860,rn01100,rn01240
R03994	map00960,rn00960
R04013	map00901,map01100,map01110,rn00901,rn01100,rn01110
R04020	map00380,map01100,rn00380,rn01100
R04030	map00130,map01100,map01110,map01240,rn00130,rn01100,rn01110,rn01240
R04035	map00340,map01100,map01110,map01230,rn00340,rn01100,rn01110,rn01230
R04037	map00340,map01100,map01110,map01230,rn00340,rn01100,rn01110,rn01230
R04038	map00908,map01110,rn00908,rn01110
R04040	map00907,rn00907
R04053	map00440,map00998,map01100,map01110,map01120,rn00440,rn00998,rn01100,rn01110,rn01120
R04060	map00253,map01057,map01100,map01110,rn00253,rn01057,rn01100,rn01110
R04066	map00340,map01100,rn00340,rn01100
R04068	map00340,rn00340
R04077	map00950,map01110,rn00950,rn01110
R04093	map00380,map01100,rn00380,rn01100
R04109	map00860,map01100,map01110,map01120,map01240,rn00860,rn01100,rn01110,rn01120,rn01240
R04126	map00565,rn00565
R04130	map00760,map01120,rn00760,rn01120
R04136	map00623,map01120,map01220,rn00623,rn01120,rn01220
R04138	map00280,map01100,rn00280,rn01100
R04143	map00270,map01100,rn00270,rn01100
R04144	map00230,map01100,map01110,rn00230,rn01100,rn01110
R04147	map00311,map01100,map01110,rn00311,rn01100,rn01110
R04148	map00860,map01100,map01240,rn00860,rn01100,rn01240
R04151	map00624,map01100,map01120,map01220,rn00624,rn01100,rn01120,rn01220
R04152	map00440,map01100,map01120,rn00440,rn01100,rn01120
R04158	map00564,map01110,rn00564,rn01110
R04188	map00280,map01100,rn00280,rn01100
R04189	map00330,map01100,rn00330,rn01100
R04205	map00960,rn00960
R04208	map00230,map01100,map01110,rn00230,rn01100,rn01110
R04209	map00230,map01100,map01110,rn00230,rn01100,rn01110
R04210	map00750,map01100,map01240,rn00750,rn01100,rn01240
R04217	map00330,map01100,rn00330,rn01100
R04222	map00521,map01100,map01110,rn00521,rn01100,rn01110
R04237	map00860,map01100,map01110,rn00860,rn01100,rn01110
R04256	map00590,rn00590
R04266	map00541,map01100,map01250,rn00541,rn01100,rn01250
R04277	map00362,map00627,map01100,map01120,rn00362,rn00627,rn01100,rn01120
R04279	map00362,map00627,map01100,map01120,rn00362,rn00627,rn01100,rn01120
R04286	map00790,map01100,map01240,rn00790,rn01100,rn01240
R04307	map00362,map01120,rn00362,rn01120
R04323	map00380,map01100,rn00380,rn01100
R04347	map00680,map01100,map01120,map01200,rn00680,rn01100,rn01120,rn01200
R04349	map00364,map01120,rn00364,rn01120
R04364	map00261,map00300,map01100,map01110,map01230,rn00261,rn00300,rn01100,rn01110,rn01230
R04365	map00300,map01100,map01120,map01230,rn00300,rn01100,rn01120,rn01230
R04371	map00300,map01100,map01110,map01120,map01210,map01230,rn00300,rn01100,rn01110,rn01120,rn01210,rn01230
R04374	map00330,map01100,rn00330,rn01100
R04383	map00040,map01100,rn00040,rn01100
R04397	map00750,rn00750
R04400	map00950,map01100,map01110,rn00950,rn01100,rn01110
R04404	map00562,map01100,rn00562,rn01100
R04405	map00270,map01100,map01110,map01230,rn00270,rn01100,rn01110,rn01230
R04420	map00270,map01100,rn00270,rn01100
R04424	map00640,map01100,map01120,map01200,rn00640,rn01100,rn01120,rn01200
R04425	map00640,map01100,map01120,map01200,rn00640,rn01100,rn01120,rn01200
R04438	map00541,map01100,map01250,rn00541,rn01100,rn01250
R04448	map00730,map01100,map01240,rn00730,rn01100,rn01240
R04455	map00680,map01100,map01200,rn00680,rn01100,rn01200
R04456	map00680,map01100,map01120,map01200,rn00680,rn01100,rn01120,rn01200
R04463	map00230,map01100,map01110,rn00230,rn01100,rn01110
R04464	map00680,map01100,map01120,map01200,rn00680,rn01100,rn01120,rn01200
R04469	map00561,map01100,rn00561,rn01100
R04475	map00300,map01100,map01120,map01230,rn00300,rn01100,rn01120,rn01230
R04478	map00362,map01100,map01120,rn00362,rn01100,rn01120
R04496	map00900,map01110,rn00900,rn01110
R04498	map00999,rn00999
R04510	map00623,map01120,rn00623,rn01120
R04520	map00564,map01110,rn00564,rn01110
R04522	map00621,map01120,rn00621,rn01120
R04529	map00541,map01100,map01250,rn00541,rn01100,rn01250
R04541	map00680,map01100,map01120,map01200,rn00680,rn01100,rn01120,rn01200
R04545	map00562,map01100,rn00562,rn01100
R04556	map00590,rn00590
R04557	map00590,rn00590
R04559	map00230,map01100,map01110,rn00230,rn01100,rn01110
R04570	map00750,rn00750
R04576	map00361,map01100,map01120,rn00361,rn01100,rn01120
R04591	map00230,map01100,map01110,rn00230,rn01100,rn01110
R04594	map00860,map01100,map01240,rn00860,rn01100,rn01240
R04597	map00984,map01100,map01120,map01220,rn00984,rn01100,rn01120,rn01220
R04606	map00540,map01100,rn00540,rn01100
R04640	map00340,map01100,map01110,map01230,rn00340,rn01100,rn01110,rn01230
R04657	map00540,map01100,rn00540,rn01100
R04690	map00950,map01100,map01110,rn00950,rn01100,rn01110
R04695	map00950,map01100,map01110,rn00950,rn01100,rn01110
R04696	map00950,map01100,map01110,rn00950,rn01100,rn01110
R04697	map00950,map01100,map01110,rn00950,rn01100,rn01110
R04699	map00950,map01100,map01110,rn00950,rn01100,rn01110
R04702	map00950,map01100,map01110,rn00950,rn01100,rn01110
R04705	map00950,map01100,map01110,rn00950,rn01100,rn01110
R04707	map00950,map01100,map01110,rn00950,rn01100,rn01110
R04708	map00950,map01100,map01110,rn00950,rn01100,rn01110
R04723	map00950,map01100,map01110,rn00950,rn01100,rn01110
R04734	map00790,map01100,rn00790,rn01100
R04826	map00120,map01100,rn00120,rn01100
R04870	map00311,map01100,map01110,rn00311,rn01100,rn01110
R04872	map00311,map01100,map01110,rn00311,rn01100,rn01110
R04950	map00480,map01100,rn00480,rn01100
R05049	map00330,map01100,rn00330,rn01100
R05060	map00590,map01100,rn00590,rn01100
R05092	map00904,map01100,map01110,rn00904,rn01100,rn01110
R05124	map00950,map01100,map01110,rn00950,rn01100,rn01110
R05137	map00626,map01100,map01120,map01220,rn00626,rn01100,rn01120,rn01220
R05148	map00624,map01100,map01120,map01220,rn00624,rn01100,rn01120,rn01220
R05156	map00362,map01120,rn00362,rn01120
R05176	map00541,map01100,map01250,rn00541,rn01100,rn01250
R05198	map00010,map00620,map01100,map01110,map01120,rn00010,rn00620,rn01100,rn01110,rn01120
R05202	map00562,map01100,rn00562,rn01100
R05217	map00860,map01100,map01240,rn00860,rn01100,rn01240
R05218	map00860,map01100,rn00860,rn01100
R05219	map00860,map01100,map01240,rn00860,rn01100,rn01240
R05222	map00860,map01100,map01240,rn00860,rn01100,rn01240
R05224	map00860,map01100,map01240,rn00860,rn01100,rn01240
R05225	map00860,map01100,map01240,rn00860,rn01100,rn01240
R05226	map00860,map01100,rn00860,rn01100
R05227	map00860,map01100,map01240,rn00860,rn01100,rn01240
R05229	map00311,map01100,map01110,rn00311,rn01100,rn01110
R05236	map00361,map01120,rn00361,rn01120
R05240	map00622,map01100,map01120,map01220,rn00622,rn01100,rn01120,rn01220
R05244	map00627,map01120,rn00627,rn01120
R05271	map00623,map01120,map01220,rn00623,rn01120,rn01220
R05272	map00623,map01120,map01220,rn00623,rn01120,rn01220
R05274	map00627,map01120,rn00627,rn01120
R05275	map00624,map01100,map01120,map01220,rn00624,rn01100,rn01120,rn01220
R05276	map00364,map01100,map01120,rn00364,rn01100,rn01120
R05283	map00930,map01120,map01220,rn00930,rn01120,rn01220
R05285	map00625,map01100,map01120,rn00625,rn01100,rn01120
R05301	map00311,map01100,map01110,rn00311,rn01100,rn01110
R05305	map00362,map01100,map01120,rn00362,rn01100,rn01120
R05308	map00627,map01120,rn00627,rn01120
R05311	map00362,map01100,map01120,rn00362,rn01100,rn01120
R05313	map00642,map01100,map01120,map01220,rn00642,rn01100,rn01120,rn01220
R05314	map00622,map01100,map01120,map01220,rn00622,rn01100,rn01120,rn01220
R05316	map00362,map00627,map01100,map01120,map01220,rn00362,rn00627,rn01100,rn01120,rn01220
R05320	map00430,map00920,rn00430,rn00920
R05323	map00944,map01110,rn00944,rn01110
R05332	map00520,map01100,map01250,rn00520,rn01100,rn01250
R05357	map00331,map01100,map01110,rn00331,rn01100,rn01110
R05378	map00562,map01100,map01120,rn00562,rn01100,rn01120
R05380	map00625,map01120,rn00625,rn01120
R05399	map00361,map00627,map01100,map01120,rn00361,rn00627,rn01100,rn01120
R05452	map00642,map01120,map01220,rn00642,rn01120,rn01220
R05465	map00331,map01100,map01110,rn00331,rn01100,rn01110
R05467	map00331,map01100,map01110,rn00331,rn01100,rn01110
R05553	map00790,map01240,rn00790,rn01240
R05558	map00791,map01100,map01120,rn00791,rn01100,rn01120
R05574	map00791,map01120,rn00791,rn01120
R05588	map00623,map01100,map01120,map01220,rn00623,rn01100,rn01120,rn01220
R05597	map00362,map01100,map01120,map01220,rn00362,rn01100,rn01120,rn01220
R05598	map00623,map01100,map01120,map01220,rn00623,rn01100,rn01120,rn01220
R05603	map00627,map01120,rn00627,rn01120
R05606	map00040,map01100,rn00040,rn01100
R05608	map00053,map01100,rn00053,rn01100
R05623	map00680,map01100,map01120,rn00680,rn01100,rn01120
R05626	map00550,rn00550
R05627	map00550,map00552,rn00550,rn00552
R05633	map00900,map01100,map01110,rn00900,rn01100,rn01110
R05634	map00900,map01100,map01110,rn00900,rn01100,rn01110
R05636	map00730,map00900,map01100,map01110,rn00730,rn00900,rn01100,rn01110
R05637	map00900,map01100,map01110,rn00900,rn01100,rn01110
R05641	map00100,map01100,map01110,rn00100,rn01100,rn01110
R05651	map00430,map01100,rn00430,rn01100
R05652	map00430,map01100,rn00430,rn01100
R05687	map00523,map00541,map01100,map01110,map01250,rn00523,rn00541,rn01100,rn01110,rn01250
R05688	map00900,map01100,map01110,rn00900,rn01100,rn01110
R05699	map00627,map01120,rn00627,rn01120
R05702	map00908,map01110,rn00908,rn01110
R05705	map00740,map01057,map01100,map01110,map01240,rn00740,rn01057,rn01100,rn01110,rn01240
R05706	map00740,map01100,map01240,rn00740,rn01100,rn01240
R05707	map00740,map01100,rn00740,rn01100
R05717	map00920,map01100,map01120,map01320,rn00920,rn01100,rn01120,rn01320
R05718	map00591,rn00591
R05728	map00460,map01100,map01110,rn00460,rn01100,rn01110
R05732	map00950,map01100,map01110,rn00950,rn01100,rn01110
R05740	map00591,rn00591
R05745	map00642,map01100,map01120,map01220,rn00642,rn01100,rn01120,rn01220
R05749	map00950,rn00950
R05750	map00950,map01110,rn00950,rn01110
R05757	map00404,map01100,map01110,rn00404,rn01100,rn01110
R05768	map00051,map01100,rn00051,rn01100
R05771	map00930,map01120,rn00930,rn01120
R05774	map00680,map01100,map01120,map01240,rn00680,rn01100,rn01120,rn01240
R05775	map00520,map00561,map00566,map01100,map01250,rn00520,rn00561,rn00566,rn01100,rn01250
R05776	map00100,map01100,map01110,rn00100,rn01100,rn01110
R05783	map00627,map01120,rn00627,rn01120
R05789	map00680,map01100,map01120,map01240,rn00680,rn01100,rn01120,rn01240
R05790	map00051,map01100,rn00051,rn01100
R05794	map00564,map01110,rn00564,rn01110
R05795	map00562,map01100,rn00562,rn01100
R05799	map00562,map01100,rn00562,rn01100
R05800	map00562,map01100,rn00562,rn01100
R05801	map00562,map01100,rn00562,rn01100
R05802	map00562,map01100,rn00562,rn01100
R05825	map00901,map01100,map01110,rn00901,rn01100,rn01110
R05827	map00901,map01110,rn00901,rn01110
R05828	map00901,map01110,rn00901,rn01110
R05838	map00750,map01100,map01240,rn00750,rn01100,rn01240
R05850	map00040,map00053,map01100,map01120,rn00040,rn00053,rn01100,rn01120
R05855	map00901,map01100,map01110,rn00901,rn01100,rn01110
R05857	map00901,map01100,map01110,rn00901,rn01100,rn01110
R05876	map00901,map01100,map01110,rn00901,rn01100,rn01110
R05877	map00901,map01100,map01110,rn00901,rn01100,rn01110
R05878	map00901,map01100,map01110,rn00901,rn01100,rn01110
R05879	map00901,map01100,map01110,rn00901,rn01100,rn01110
R05882	map00901,map01110,rn00901,rn01110
R05884	map00900,map01100,map01110,rn00900,rn01100,rn01110
R05983	map00510,map00513,map01100,rn00510,rn00513,rn01100
R05988	map00510,map00513,map01100,rn00510,rn00513,rn01100
R06016	map00513,map01100,rn00513,rn01100
R06117	map00902,map00903,map01120,rn00902,rn00903,rn01120
R06119	map00902,map00903,map01120,rn00902,rn00903,rn01120
R06120	map00902,map01100,map01110,rn00902,rn01100,rn01110
R06258	map00510,map00513,map01100,rn00510,rn00513,rn01100
R06259	map00510,map01100,rn00510,rn01100
R06260	map00510,map00513,map01100,rn00510,rn00513,rn01100
R06261	map00510,map00513,map01100,rn00510,rn00513,rn01100
R06284	map00860,map01100,map01110,rn00860,rn01100,rn01110
R06298	map00904,map01100,map01110,rn00904,rn01100,rn01110
R06301	map00904,map01100,map01110,rn00904,rn01100,rn01110
R06302	map00904,map01110,rn00904,rn01110
R06305	map00904,map01100,map01110,rn00904,rn01100,rn01110
R06306	map00904,map01100,map01110,rn00904,rn01100,rn01110
R06307	map00904,map01100,map01110,rn00904,rn01100,rn01110
R06309	map00904,map01110,rn00904,rn01110
R06311	map00904,map01100,map01110,rn00904,rn01100,rn01110
R06313	map00904,map01110,rn00904,rn01110
R06351	map00904,map01100,map01110,rn00904,rn01100,rn01110
R06354	map00904,map01100,map01110,rn00904,rn01100,rn01110
R06357	map00904,map01100,map01110,rn00904,rn01100,rn01110
R06368	map00903,rn00903
R06396	map00903,map01120,map01220,rn00903,rn01120,rn01220
R06398	map00903,map01120,rn00903,rn01120
R06417	map00902,map01110,rn00902,rn01110
R06513	map00521,map00523,map00525,map00541,map01055,map01100,map01110,map01250,rn00521,rn00523,rn00525,rn00541,rn01055,rn01100,rn01110,rn01250
R06514	map00521,map00523,map00541,map01100,map01110,map01250,rn00521,rn00523,rn00541,rn01100,rn01110,rn01250
R06515	map00903,map01120,map01220,rn00903,rn01120,rn01220
R06523	map00909,map01110,rn00909,rn01110
R06530	map00860,map01100,rn00860,rn01100
R06601	map00230,map01100,map01120,rn00230,rn01100,rn01120
R06604	map00230,map01100,map01120,rn00230,rn01100,rn01120
R06613	map00240,map00670,map01100,map01232,rn00240,rn00670,rn01100,rn01232
R06734	map00960,map01110,rn00960,rn01110
R06786	map00360,map01100,map01120,map01220,rn00360,rn01100,rn01120,rn01220
R06789	map00360,map01100,map01120,map01220,rn00360,rn01100,rn01120,rn01220
R06807	map00944,rn00944
R06815	map00944,map01110,rn00944,rn01110
R06816	map00944,map01110,rn00944,rn01110
R06827	map00944,rn00944
R06828	map00944,rn00944
R06836	map00030,map01100,rn00030,rn01100
R06846	map00400,map01100,rn00400,rn01100
R06847	map00400,map01100,map01110,rn00400,rn01100,rn01110
R06868	map00564,rn00564
R06870	map00564,rn00564
R06871	map00564,map01100,rn00564,rn01100
R06892	map00363,map01100,map01120,rn00363,rn01100,rn01120
R06946	map00906,map01100,map01110,rn00906,rn01100,rn01110
R06947	map00906,map01100,map01110,rn00906,rn01100,rn01110
R06948	map00906,map01100,map01110,rn00906,rn01100,rn01110
R06954	map00906,map01100,map01110,rn00906,rn01100,rn01110
R06957	map00906,map01100,map01110,rn00906,rn01100,rn01110
R06972	map00791,map01120,rn00791,rn01120
R06977	map00260,map01100,map01120,map01210,map01230,rn00260,rn01100,rn01120,rn01210,rn01230
R06978	map00260,map01100,map01120,rn00260,rn01100,rn01120
R06979	map00260,map01100,map01120,rn00260,rn01100,rn01120
R06982	map00680,map01100,map01120,map01200,rn00680,rn01100,rn01120,rn01200
R06983	map00680,map01100,map01120,map01200,rn00680,rn01100,rn01120,rn01200
R06988	map00627,map01120,rn00627,rn01120
R07041	map00590,map01100,rn00590,rn01100
R07053	map00590,map01100,rn00590,rn01100
R07061	map00591,rn00591
R07062	map00591,rn00591
R07125	map00040,map00053,map01100,map01120,rn00040,rn00053,rn01100,rn01120
R07134	map00040,map01100,rn00040,rn01100
R07143	map00040,map01100,rn00040,rn01100
R07144	map00040,map01100,rn00040,rn01100
R07163	map00830,rn00830
R07168	map00670,map00720,map01100,map01120,map01200,rn00670,rn00720,rn01100,rn01120,rn01200
R07169	map00950,map01110,rn00950,rn01110
R07177	map00920,map01100,map01120,map01320,rn00920,rn01100,rn01120,rn01320
R07185	map00999,map01100,map01110,rn00999,rn01100,rn01110
R07186	map00999,map01100,map01110,rn00999,rn01100,rn01110
R07187	map00999,map01100,map01110,rn00999,rn01100,rn01110
R07202	map00906,map01110,rn00906,rn01110
R07204	map00120,map01100,rn00120,rn01100
R07207	map00120,rn00120
R07208	map00120,rn00120
R07214	map00270,map01100,map01110,rn00270,rn01100,rn01110
R07218	map00120,rn00120
R07221	map00760,rn00760
R07222	map00360,map01100,rn00360,rn01100
R07229	map00450,rn00450
R07241	map00950,map01110,rn00950,rn01110
R07244	map00260,map01100,rn00260,rn01100
R07245	map00220,map01100,map01230,rn00220,rn01100,rn01230
R07250	map00996,map01110,rn00996,rn01110
R07251	map00997,map01100,map01110,rn00997,rn01100,rn01110
R07253	map01059,map01100,map01110,rn01059,rn01100,rn01110
R07260	map00908,map01110,rn00908,rn01110
R07276	map00400,map01100,map01230,rn00400,rn01100,rn01230
R07277	map00999,map01100,map01110,rn00999,rn01100,rn01110
R07281	map00740,map01100,map01110,map01240,rn00740,rn01100,rn01110,rn01240
R07290	map00630,map01100,rn00630,rn01100
R07294	map00360,map01100,rn00360,rn01100
R07306	map00740,map01100,rn00740,rn01100
R07307	map00240,map01100,map01232,rn00240,rn01100,rn01232
R07324	map00521,map00562,map01100,map01110,rn00521,rn00562,rn01100,rn01110
R07346	map00051,map01100,rn00051,rn01100
R07363	map00270,map01100,rn00270,rn01100
R07364	map00270,map01100,rn00270,rn01100
R07373	map00960,map01110,rn00960,rn01110
R07392	map00270,map01100,rn00270,rn01100
R07394	map00270,map01100,rn00270,rn01100
R07403	map00402,map00999,map01100,map01110,rn00402,rn00999,rn01100,rn01110
R07404	map00230,map01100,map01110,rn00230,rn01100,rn01110
R07414	map00330,map01100,rn00330,rn01100
R07419	map00330,map01100,rn00330,rn01100
R07421	map00402,map00999,map01100,map01110,rn00402,rn00999,rn01100,rn01110
R07422	map00402,map00999,map01100,map01110,rn00402,rn00999,rn01100,rn01110
R07423	map00402,map00999,map01100,map01110,rn00402,rn00999,rn01100,rn01110
R07476	map00680,map01100,map01120,map01240,rn00680,rn01100,rn01120,rn01240
R07500	map00130,map01100,map01110,map01240,rn00130,rn01100,rn01110,rn01240
R07502	map00130,map01100,map01110,map01240,rn00130,rn01100,rn01110,rn01240
R07503	map00130,map01100,map01110,map01240,rn00130,rn01100,rn01110,rn01240
R07605	map00790,map01100,rn00790,rn01100
R07613	map00300,map01100,map01110,map01230,rn00300,rn01100,rn01110,rn01230
R07629	map00240,map01100,rn00240,rn01100
R07630	map00909,map01110,rn00909,rn01110
R07631	map00902,map01110,rn00902,rn01110
R07632	map00902,map01110,rn00902,rn01110
R07633	map00270,map00566,map01100,rn00270,rn00566,rn01100
R07634	map00270,map01100,rn00270,rn01100
R07638	map00460,map00643,map01100,map01110,map01120,rn00460,rn00643,rn01100,rn01110,rn01120
R07648	map00909,rn00909
R07649	map00909,map01110,rn00909,rn01110
R07650	map00260,map01100,map01120,rn00260,rn01100,rn01120
R07796	map00960,map01110,rn00960,rn01110
R07830	map00909,map01110,rn00909,rn01110
R07831	map00627,map01120,rn00627,rn01120
R07918	map00232,map01100,map01110,rn00232,rn01100,rn01110
R07984	map00760,map01120,rn00760,rn01120
R07985	map00760,map01120,rn00760,rn01120
R08051	map00908,map01100,map01110,rn00908,rn01100,rn01110
R08052	map00908,rn00908
R08088	map00907,map01120,rn00907,rn01120
R08090	map00907,map01120,rn00907,rn01120
R08147	map00981,map01100,rn00981,rn01100
R08151	map00981,map01100,rn00981,rn01100
R08159	map00061,map01100,rn00061,rn01100
R08160	map00380,map00966,map01100,map01110,map01210,rn00380,rn00966,rn01100,rn01110,rn01210
R08162	map00061,map01100,rn00061,rn01100
R08165	map00130,map01100,map01110,map01240,rn00130,rn01100,rn01110,rn01240
R08166	map00130,map01100,map01110,map01240,rn00130,rn01100,rn01110,rn01240
R08167	map00380,map00966,map01100,map01110,map01210,rn00380,rn00966,rn01100,rn01110,rn01210
R08193	map00520,map01100,map01250,rn00520,rn01100,rn01250
R08199	map00900,map01110,rn00900,rn01110
R08200	map00440,map01100,rn00440,rn01100
R08370	map00909,map01100,map01110,rn00909,rn01100,rn01110
R08379	map00830,map01100,map01240,rn00830,rn01100,rn01240
R08388	map00830,map01100,rn00830,rn01100
R08528	map00900,map01110,rn00900,rn01110
R08689	map00900,map01100,map01110,rn00900,rn01100,rn01110
R08923	map00902,map01110,rn00902,rn01110
R08969	map00600,map01100,rn00600,rn01100
R09076	map00330,map00410,map00770,map01100,map01240,rn00330,rn00410,rn00770,rn01100,rn01240
R09078	map00650,map01110,rn00650,rn01110
R09087	map00562,map01100,rn00562,rn01100
R09115	map00904,map01110,rn00904,rn01110
R09116	map00904,map01110,rn00904,rn01110
R09117	map00904,map01110,rn00904,rn01110
R09119	map00904,map01110,rn00904,rn01110
R09120	map00904,map01110,rn00904,rn01110
R09121	map00904,map01110,rn00904,rn01110
R09140	map00909,map01110,rn00909,rn01110
R09245	map00900,map01110,rn00900,rn01110
R09246	map00900,map01110,rn00900,rn01110
R09250	map00900,map01110,rn00900,rn01110
R09251	map00900,map01110,rn00900,rn01110
R09289	map00240,map00720,map01100,map01120,map01200,rn00240,rn00720,rn01100,rn01120,rn01200
R09385	map00903,map01120,rn00903,rn01120
R09389	map00903,map01120,rn00903,rn01120
R09393	map00903,map01120,rn00903,rn01120
R09532	map00010,map01100,rn00010,rn01100
R09565	map00627,map01120,rn00627,rn01120
R09750	map00740,map01100,rn00740,rn01100
R09819	map00984,map01100,map01120,rn00984,rn01100,rn01120
R09838	map00360,map01100,map01120,rn00360,rn01100,rn01120
R09860	map00984,map01100,map01120,rn00984,rn01100,rn01120
R09861	map00904,map01110,rn00904,rn01110
R09865	map00904,map01110,rn00904,rn01110
R09866	map00904,map01110,rn00904,rn01110
R09867	map00904,map01110,rn00904,rn01110
R09944	map00564,map01100,map01110,rn00564,rn01100,rn01110
R10089	map00750,map01100,map01240,rn00750,rn01100,rn01240
R10129	map00999,map01100,map01110,rn00999,rn01100,rn01110
R10261	map00942,rn00942
R10309	map00254,map01100,map01110,rn00254,rn01100,rn01110
R10389	map00910,map01100,rn00910,rn01100
R10479	map00254,map01100,map01110,rn00254,rn01100,rn01110
R10623	map00130,map01100,map01110,rn00130,rn01100,rn01110
R10624	map00130,map01100,map01110,rn00130,rn01100,rn01110
R10859	map00900,map01100,map01110,rn00900,rn01100,rn01110
R10924	map00999,map01100,map01110,rn00999,rn01100,rn01110
R12479	map00510,map00513,map01100,rn00510,rn00513,rn01100
