category	name	definition
R00004	diphosphate phosphohydrolase;	Diphosphate + H2O <=> 2 Orthophosphate
R00005	urea-1-carboxylate amidohydrolase	Urea-1-carboxylate + H2O <=> 2 CO2 + 2 Ammonia
R00013	glyoxylate carboxy-lyase (dimerizing; tartronate-semialdehyde-forming)	2 Glyoxylate <=> 2-Hydroxy-3-oxopropanoate + CO2
R00036	5-aminolevulinate hydro-lyase (adding 5-aminolevulinate and cyclizing; porphobilinogen-forming)	2 5-Aminolevulinate <=> Porphobilinogen + 2 H2O
R00048	(R)-3-((R)-3-hydroxybutanoyloxy)-butanoate hydroxybutanoylhydrolase	(R)-3-((R)-3-Hydroxybutanoyloxy)butanoate + H2O <=> 2 (R)-3-Hydroxybutanoate
R00053	digallate acylhydrolase;	Digallate + H2O <=> 2 Gallate
R00066	6,7-dimethyl-8-(1-D-ribityl)lumazine:6,7-dimethyl-8-(1-D-ribityl)lumazine 2,3-butanediyltransferase	2 6,7-Dimethyl-8-(D-ribityl)lumazine <=> Riboflavin + 5-Amino-6-(1-D-ribitylamino)uracil
R00075	S-adenosyl-L-methionine:S-adenosyl-L-methionine 3-amino-3-carboxypropyltransferase	3 S-Adenosyl-L-methionine <=> 3 5'-Methylthioadenosine + Nicotianamine
R00084	porphobilinogen:(4-[2-carboxyethyl]-3-[carboxymethyl]pyrrol-2-yl)methyltransferase (hydrolysing);	4 Porphobilinogen + H2O <=> Hydroxymethylbilane + 4 Ammonia
R00090	NADH:hydrogen-peroxide oxidoreductase	Hydrogen peroxide + NADH + H+ <=> NAD+ + 2 H2O
R00103	NAD+ phosphohydrolase	NAD+ + H2O <=> AMP + Nicotinamide D-ribonucleotide
R00104	ATP:NAD+ 2'-phosphotransferase	ATP + NAD+ <=> ADP + NADP+
R00114	L-glutamate:NADP+ oxidoreductase (transaminating)	2 L-Glutamate + NADP+ <=> L-Glutamine + 2-Oxoglutarate + NADPH + H+
R00125	P1,P4-bis(5'-adenosyl)-tetraphosphate nucleotidebisphosphohydrolase	P1,P4-Bis(5'-adenosyl)tetraphosphate + H2O <=> 2 ADP
R00129	(6S)-6beta-hydroxy-1,4,5,6-tetrahydronicotinamide-adenine dinucleotide hydro-lyase (ATP-hydrolysing, NADH-forming)	ATP + (6S)-6beta-Hydroxy-1,4,5,6-tetrahydronicotinamide-adenine dinucleotide <=> ADP + Orthophosphate + NADH
R00130	ATP:dephospho-CoA 3'-phosphotransferase	ATP + Dephospho-CoA <=> ADP + CoA
R00138	triphosphate phosphohydrolase	Triphosphate + H2O <=> Diphosphate + Orthophosphate
R00161	ATP:FMN adenylyltransferase	ATP + FMN <=> Diphosphate + FAD
R00178	S-adenosyl-L-methionine carboxy-lyase [S-adenosyl 3-(methylsulfanyl)propylamine-forming]	S-Adenosyl-L-methionine + H+ <=> S-Adenosylmethioninamine + CO2
R00182	AMP phosphoribohydrolase	AMP + H2O <=> Adenine + D-Ribose 5-phosphate
R00199	ATP:pyruvate,water phosphotransferase	ATP + Pyruvate + H2O <=> AMP + Phosphoenolpyruvate + Orthophosphate
R00206	ATP:pyruvate,phosphate phosphotransferase	ATP + Pyruvate + Orthophosphate <=> AMP + Phosphoenolpyruvate + Diphosphate
R00207	pyruvate:oxygen 2-oxidoreductase (phosphorylating)	Pyruvate + Orthophosphate + Oxygen <=> Acetyl phosphate + Hydrogen peroxide + CO2
R00214	(S)-malate:NAD+ oxidoreductase (decarboxylating)	(S)-Malate + NAD+ <=> Pyruvate + CO2 + NADH + H+
R00216	(S)-malate:NADP+ oxidoreductase(oxaloacetate-decarboxylating)	(S)-Malate + NADP+ <=> Pyruvate + CO2 + NADPH + H+
R00217	oxaloacetate carboxy-lyase (pyruvate-forming)	Oxaloacetate <=> Pyruvate + CO2
R00227	acetyl-CoA hydrolase	Acetyl-CoA + H2O <=> CoA + Acetate
R00239	ATP:L-glutamate 5-phosphotransferase	ATP + L-Glutamate <=> ADP + L-Glutamyl 5-phosphate
R00251	5-oxo-L-proline amidohydrolase (ATP-hydrolysing)	ATP + 5-Oxoproline + 2 H2O <=> ADP + Orthophosphate + L-Glutamate
R00253	L-glutamate:ammonia ligase (ADP-forming)	ATP + L-Glutamate + Ammonia <=> ADP + Orthophosphate + L-Glutamine
R00259	acetyl-CoA:L-glutamate N-acetyltransferase	Acetyl-CoA + L-Glutamate <=> CoA + N-Acetyl-L-glutamate
R00260	glutamate racemase	L-Glutamate <=> D-Glutamate
R00262	L-threo-3-methylaspartate carboxy-aminomethylmutase	L-threo-3-Methylaspartate <=> L-Glutamate
R00271	acetyl-CoA:2-oxoglutarate C-acetyltransferase (thioester-hydrolysing, carboxymethyl forming)	Acetyl-CoA + H2O + 2-Oxoglutarate <=> (R)-2-Hydroxybutane-1,2,4-tricarboxylate + CoA
R00286	UDP-glucose:NAD+ 6-oxidoreductase	UDP-glucose + H2O + 2 NAD+ <=> UDP-glucuronate + 2 NADH + 2 H+
R00289	UTP:alpha-D-glucose-1-phosphate uridylyltransferase	UTP + D-Glucose 1-phosphate <=> Diphosphate + UDP-glucose
R00293	UDP-glucose 4,6-hydro-lyase (UDP-4-dehydro-6-deoxy-D-glucose-forming)	UDP-glucose <=> UDP-4-dehydro-6-deoxy-D-glucose + H2O
R00294	nitrous-oxide:ferricytochrome-c oxidoreductase	2 Nitric oxide + 2 Ferrocytochrome c + 2 H+ <=> Nitrous oxide + 2 Ferricytochrome c + H2O
R00302	D-glucose:oxygen 2-oxidoreductase	D-Glucose + Oxygen <=> 2-Dehydro-D-glucose + Hydrogen peroxide
R00310	protoheme ferro-lyase (protoporphyrin-forming)	Protoporphyrin + Fe2+ <=> Heme + 2 H+
R00318	phosphonoacetate phosphonohydrolase	Phosphonoacetate + H2O <=> Acetate + Orthophosphate
R00339	(R,R)-tartrate hydro-lyase (oxaloacetate-forming)	(R,R)-Tartaric acid <=> Oxaloacetate + H2O
R00341	ATP:oxaloacetate carboxy-lyase (transphosphorylating;phosphoenolpyruvate-forming)	ATP + Oxaloacetate <=> ADP + Phosphoenolpyruvate + CO2
R00344	pyruvate:carbon-dioxide ligase (ADP-forming)	ATP + Pyruvate + HCO3- <=> ADP + Orthophosphate + Oxaloacetate
R00345	phosphate:oxaloacetate carboxy-lyase (adding phosphate;phosphoenolpyruvate-forming)	Orthophosphate + Oxaloacetate <=> H2O + Phosphoenolpyruvate + CO2
R00351	acetyl-CoA:oxaloacetate C-acetyltransferase (thioester-hydrolysing)	Citrate + CoA <=> Acetyl-CoA + H2O + Oxaloacetate
R00355	L-aspartate:2-oxoglutarate aminotransferase	L-Aspartate + 2-Oxoglutarate <=> Oxaloacetate + L-Glutamate
R00362	citrate oxaloacetate-lyase (forming acetate from the pro-S carboxymethyl group of citrate);	Citrate <=> Acetate + Oxaloacetate
R00367	S-adenosyl-L-methionine:glycine N-methyltransferase	S-Adenosyl-L-methionine + Glycine <=> S-Adenosyl-L-homocysteine + Sarcosine
R00371	acetyl-CoA:glycine C-acetyltransferase	Acetyl-CoA + Glycine <=> CoA + L-2-Amino-3-oxobutanoic acid
R00373	glycine:oxaloacetate aminotransferase	Glycine + Oxaloacetate <=> Glyoxylate + L-Aspartate
R00401	alanine racemase	L-Alanine <=> D-Alanine
R00405	succinate:CoA ligase (ADP-forming)	ATP + Succinate + CoA <=> ADP + Orthophosphate + Succinyl-CoA
R00409	(2S,3R)-3-hydroxybutane-1,2,3-tricarboxylate pyruvate-lyase (succinate-forming)	(2S,3R)-3-Hydroxybutane-1,2,3-tricarboxylate <=> Pyruvate + Succinate
R00411	N-succinyl-L-glutamate amidohydrolase	N-Succinyl-L-glutamate + H2O <=> L-Glutamate + Succinate
R00412	succinate:acceptor oxidoreductase	Succinate + Acceptor <=> Fumarate + Reduced acceptor
R00416	UTP:N-acetyl-alpha-D-glucosamine-1-phosphate uridylyltransferase	UTP + N-Acetyl-alpha-D-glucosamine 1-phosphate <=> Diphosphate + UDP-N-acetyl-alpha-D-glucosamine
R00424	GTP 7,8-8,9-dihydrolase	GTP + H2O <=> 7,8-Dihydroneopterin 3'-triphosphate + Formate
R00425	GTP 7,8-8,9-dihydrolase (diphosphate-forming)	GTP + 4 H2O <=> Formate + 2,5-Diamino-6-(5-phospho-D-ribosylamino)pyrimidin-4(3H)-one + 2 Orthophosphate
R00432	succinate:CoA ligase (GDP-forming)	GTP + Succinate + CoA <=> GDP + Orthophosphate + Succinyl-CoA
R00451	meso-2,6-diaminoheptanedioate carboxy-lyase (L-lysine-forming)	meso-2,6-Diaminoheptanedioate <=> L-Lysine + CO2
R00457	L-lysine:2-oxoglutarate 6-aminotransferase	L-Lysine + 2-Oxoglutarate <=> L-2-Aminoadipate 6-semialdehyde + L-Glutamate
R00461	L-lysine 2,3-aminomutase	L-Lysine <=> (3S)-3,6-Diaminohexanoate
R00472	acetyl-CoA:glyoxylate C-acetyltransferase (thioester-hydrolysing, carboxymethyl-forming);	(S)-Malate + CoA <=> Acetyl-CoA + H2O + Glyoxylate
R00479	isocitrate glyoxylate-lyase (succinate-forming)	Isocitrate <=> Succinate + Glyoxylate
R00480	ATP:L-aspartate 4-phosphotransferase	ATP + L-Aspartate <=> ADP + 4-Phospho-L-aspartate
R00491	aspartate racemase	L-Aspartate <=> D-Aspartate
R00494	glutathione gamma-glutamylaminopeptidase	Glutathione + H2O <=> Cys-Gly + L-Glutamate
R00497	gamma-L-glutamyl-L-cysteine:glycine ligase (ADP-forming)	ATP + gamma-L-Glutamyl-L-cysteine + Glycine <=> ADP + Orthophosphate + Glutathione
R00502	UTP:alpha-D-galactose-1-phosphate uridylyltransferase	UTP + alpha-D-Galactose 1-phosphate <=> Diphosphate + UDP-alpha-D-galactose
R00519	formate:NAD+ oxidoreductase	Formate + NAD+ <=> H+ + CO2 + NADH
R00524	formamide amidohydrolase	Formamide + H2O <=> Formate + Ammonia
R00525	N-formyl-L-glutamate amidohydrolase	N-Formyl-L-glutamate + H2O <=> Formate + L-Glutamate
R00527	S-formylglutathione hydrolase	S-Formylglutathione + H2O <=> Formate + Glutathione
R00540	nitrile aminohydrolase	Nitrile + 2 H2O <=> Carboxylate + Ammonia
R00549	ATP:riboflavin 5'-phosphotransferase	ATP + Riboflavin <=> ADP + FMN
R00566	L-arginine carboxy-lyase (agmatine-forming)	L-Arginine <=> Agmatine + CO2
R00582	O-phospho-L-serine phosphohydrolase	O-Phospho-L-serine + H2O <=> L-Serine + Orthophosphate
R00585	L-serine:pyruvate aminotransferase	L-Serine + Pyruvate <=> Hydroxypyruvate + L-Alanine
R00586	acetyl-CoA:L-serine O-acetyltransferase	L-Serine + Acetyl-CoA <=> O-Acetyl-L-serine + CoA
R00601	S-adenosyl-L-methionine:tRNA 5-methylaminomethyl-2-thiouridine methyltransferase;	S-Adenosyl-L-methionine + tRNA containing 5-(aminomethyl)-2-thiouridine <=> S-Adenosyl-L-homocysteine + tRNA containing 5-[(methylamino)methyl]-2-thiouridylate
R00604	formaldehyde:NAD+ oxidoreductase	Formaldehyde + NAD+ + H2O <=> Formate + NADH + H+
R00606	methylamine:amicyanin oxidoreductase (deaminating)	Methylamine + H2O + 2 Amicyanin <=> Formaldehyde + Ammonia + 2 Reduced amicyanin + 2 H+
R00610	sarcosine:oxygen oxidoreductase (demethylating)	Sarcosine + H2O + Oxygen <=> Glycine + Formaldehyde + Hydrogen peroxide
R00617	ATP:thiamin-phosphate phosphotransferase	ATP + Thiamin monophosphate <=> ADP + Thiamin diphosphate
R00630	carboxylic-ester hydrolase	Ester + H2O <=> Alcohol + Carboxylate
R00660	phosphoenolpyruvate:UDP-N-acetyl-D-glucosamine 1-carboxyvinyl-transferase	Phosphoenolpyruvate + UDP-N-acetyl-alpha-D-glucosamine <=> UDP-N-acetyl-3-(1-carboxyvinyl)-D-glucosamine + Orthophosphate
R00661	phosphoenolpyruvate 2,3-phosphonomutase	Phosphoenolpyruvate <=> 3-Phosphonopyruvate
R00670	L-ornithine carboxy-lyase (putrescine-forming)	L-Ornithine <=> Putrescine + CO2
R00671	L-ornithine ammonia-lyase (cyclizing; L-proline-forming)	L-Ornithine <=> L-Proline + Ammonia
R00673	L-tryptophan indole-lyase (deaminating; pyruvate-forming)	L-Tryptophan + H2O <=> Indole + Pyruvate + Ammonia
R00704	(R)-lactate:NAD+ oxidoreductase	(R)-Lactate + NAD+ <=> Pyruvate + NADH + H+
R00728	L-tyrosine phenol-lyase (deaminating; pyruvate-forming)	L-Tyrosine + H2O <=> Phenol + Pyruvate + Ammonia
R00739	L-tyrosine 2,3-aminomutase	L-Tyrosine <=> 3-Amino-3-(4-hydroxyphenyl)propanoate
R00747	2-phosphonoacetaldehyde phosphonohydrolase	Phosphonoacetaldehyde + H2O <=> Acetaldehyde + Orthophosphate
R00750	4-hydroxy-2-oxopentanoate pyruvate-lyase (acetaldehyde-forming)	Acetaldehyde + Pyruvate <=> 4-Hydroxy-2-oxopentanoate
R00765	D-glucosamine-6-phosphate aminohydrolase (ketol isomerizing);	D-Glucosamine 6-phosphate + H2O <=> D-Fructose 6-phosphate + Ammonia
R00768	L-glutamine:D-fructose-6-phosphate isomerase (deaminating);	L-Glutamine + D-Fructose 6-phosphate <=> L-Glutamate + D-Glucosamine 6-phosphate
R00774	urea:carbon-dioxide ligase (ADP-forming)	ATP + Urea + HCO3- <=> ADP + Orthophosphate + Urea-1-carboxylate
R00776	(S)-ureidoglycolate urea-lyase (glyoxylate-forming)	(S)-Ureidoglycolate <=> Glyoxylate + Urea
R00787	ammonia:NAD+ oxidoreductase	Ammonia + 3 NAD+ + 2 H2O <=> Nitrite + 3 NADH + 3 H+
R00789	ammonia:NADP+ oxidoreductase	Ammonia + 3 NADP+ + 2 H2O <=> Nitrite + 3 NADPH + 3 H+
R00805	sucrose-6F-phosphate phosphohydrolase	Sucrose 6'-phosphate + H2O <=> Sucrose + Orthophosphate
R00830	succinyl-CoA:glycine C-succinyltransferase (decarboxylating)	Succinyl-CoA + Glycine <=> 5-Aminolevulinate + CoA + CO2
R00833	(R)-methylmalonyl-CoA CoA-carbonylmutase	(R)-Methylmalonyl-CoA <=> Succinyl-CoA
R00847	ATP:glycerol 3-phosphotransferase	ATP + Glycerol <=> ADP + sn-Glycerol 3-phosphate
R00856	CTP:sn-glycerol-3-phosphate cytidylyltransferase	CTP + sn-Glycerol 3-phosphate <=> Diphosphate + CDP-glycerol
R00885	GTP:alpha-D-mannose-1-phosphate guanylyltransferase	GTP + D-Mannose 1-phosphate <=> Diphosphate + GDP-mannose
R00888	GDP-alpha-D-mannose 4,6-hydro-lyase (GDP-4-dehydro-alpha-D-rhamnose-forming);	GDP-mannose <=> GDP-4-dehydro-6-deoxy-D-mannose + H2O
R00892	L-cysteine:NAD+ oxidoreductase;	2 L-Cysteine + NAD+ <=> L-Cystine + H+ + NADH
R00893	L-cysteine:oxygen oxidoreductase	L-Cysteine + Oxygen <=> 3-Sulfino-L-alanine
R00894	L-glutamate:L-cysteine gamma-ligase (ADP-forming)	ATP + L-Glutamate + L-Cysteine <=> ADP + Orthophosphate + gamma-L-Glutamyl-L-cysteine
R00931	propanoyl-CoA:oxaloacetate C-propanoyltransferase (thioester-hydrolysing, 1-carboxyethyl-forming);	2-Methylcitrate + CoA <=> Propanoyl-CoA + Oxaloacetate + H2O
R00944	10-formyltetrahydrofolate amidohydrolase	10-Formyltetrahydrofolate + H2O <=> Formate + Tetrahydrofolate
R00946	5-methyltetrahydrofolate:L-homocysteine S-methyltransferase	5-Methyltetrahydrofolate + L-Homocysteine <=> Tetrahydrofolate + L-Methionine
R00948	ATP:alpha-D-glucose-1-phosphate adenylyltransferase	ATP + D-Glucose 1-phosphate <=> Diphosphate + ADP-glucose
R00955	UDP-glucose:alpha-D-galactose-1-phosphate uridylyltransferase	UDP-glucose + alpha-D-Galactose 1-phosphate <=> D-Glucose 1-phosphate + UDP-alpha-D-galactose
R00956	CTP:alpha-D-glucose-1-phosphate cytidylyltransferase	CTP + D-Glucose 1-phosphate <=> Diphosphate + CDP-glucose
R00965	orotidine-5'-phosphate carboxy-lyase (UMP-forming)	Orotidine 5'-phosphate <=> UMP + CO2
R00966	UMP:diphosphate phospho-alpha-D-ribosyltransferase	UMP + Diphosphate <=> Uracil + 5-Phospho-alpha-D-ribose 1-diphosphate
R00997	1-aminocyclopropane-1-carboxylate aminohydrolase (isomerizing);	1-Aminocyclopropane-1-carboxylate + H2O <=> 2-Oxobutanoate + Ammonia
R01011	ATP:glycerone phosphotransferase	ATP + Glycerone <=> ADP + Glycerone phosphate
R01012	phosphoenolpyruvate:glycerone phosphotransferase	Phosphoenolpyruvate + Glycerone <=> Pyruvate + Glycerone phosphate
R01015	D-glyceraldehyde-3-phosphate aldose-ketose-isomerase	D-Glyceraldehyde 3-phosphate <=> Glycerone phosphate
R01016	glycerone-phosphate phosphate-lyase (methylglyoxal-forming)	Glycerone phosphate <=> Methylglyoxal + Orthophosphate
R01025	choline:acceptor 1-oxidoreductase	Choline + Acceptor <=> Betaine aldehyde + Reduced acceptor
R01034	glycerol:NAD+ 2-oxidoreductase	Glycerol + NAD+ <=> Glycerone + NADH + H+
R01049	ATP:D-ribose-5-phosphate diphosphotransferase	ATP + D-Ribose 5-phosphate <=> AMP + 5-Phospho-alpha-D-ribose 1-diphosphate
R01055	uracil hydro-lyase (adding D-ribose 5-phosphate;pseudouridine-5'-phosphate-forming)	Uracil + D-Ribose 5-phosphate <=> Pseudouridine 5'-phosphate + H2O
R01056	D-ribose-5-phosphate aldose-ketose-isomerase	D-Ribose 5-phosphate <=> D-Ribulose 5-phosphate
R01058	D-glyceraldehyde 3-phosphate:NADP+ oxidoreductase	D-Glyceraldehyde 3-phosphate + NADP+ + H2O <=> 3-Phospho-D-glycerate + NADPH + H+
R01064	2-dehydro-3-deoxy-6-phospho-D-galactonate D-glyceraldehyde-3-phospho-lyase (pyruvate-forming)	2-Dehydro-3-deoxy-6-phospho-D-galactonate <=> Pyruvate + D-Glyceraldehyde 3-phosphate
R01066	2-deoxy-D-ribose-5-phosphate acetaldehyde-lyase (D-glyceraldehyde-3-phosphate-forming)	2-Deoxy-D-ribose 5-phosphate <=> D-Glyceraldehyde 3-phosphate + Acetaldehyde
R01069	D-tagatose 1,6-bisphosphate D-glyceraldehyde-3-phosphate-lyase (glycerone-phosphate-forming)	D-Tagatose 1,6-bisphosphate <=> Glycerone phosphate + D-Glyceraldehyde 3-phosphate
R01072	5-phosphoribosylamine:diphosphate phospho-alpha-D-ribosyltransferase (glutamate-amidating)	5-Phosphoribosylamine + Diphosphate + L-Glutamate <=> L-Glutamine + 5-Phospho-alpha-D-ribose 1-diphosphate + H2O
R01073	N-(5-phospho-D-ribosyl)anthranilate:pyrophosphate phosphoribosyl-transferase	N-(5-Phospho-D-ribosyl)anthranilate + Diphosphate <=> Anthranilate + 5-Phospho-alpha-D-ribose 1-diphosphate
R01078	dethiobiotin:sulfur sulfurtransferase	Dethiobiotin + Sulfur donor + 2 S-Adenosyl-L-methionine + 2 e- + 2 H+ <=> Biotin + 2 L-Methionine + 2 5'-Deoxyadenosine
R01082	(S)-malate hydro-lyase (fumarate-forming)	(S)-Malate <=> Fumarate + H2O
R01083	N6-(1,2-dicarboxyethyl)AMP AMP-lyase (fumarate-forming)	N6-(1,2-Dicarboxyethyl)-AMP <=> Fumarate + AMP
R01092	ATP:alpha-D-galactose 1-phosphotransferase	ATP + alpha-D-Galactose <=> ADP + alpha-D-Galactose 1-phosphate
R01121	ATP:(R)-5-diphosphomevalonate carboxy-lyase (adding ATP; isopentenyl-diphosphate-forming);	ATP + (R)-5-Diphosphomevalonate <=> ADP + Orthophosphate + Isopentenyl diphosphate + CO2
R01123	isopentenyl-diphosphate Delta3-Delta2-isomerase	Isopentenyl diphosphate <=> Dimethylallyl diphosphate
R01134	inosine-5'-phosphate:NADP+ oxidoreductase (aminating);	IMP + Ammonia + NADP+ <=> GMP + NADPH + H+
R01135	IMP:L-aspartate ligase (GDP-forming)	GTP + IMP + L-Aspartate <=> GDP + Orthophosphate + N6-(1,2-Dicarboxyethyl)-AMP
R01142	methane,NADH:oxygen oxidoreductase (hydroxylating)	Methane + Oxygen + NADH + H+ <=> Methanol + NAD+ + H2O
R01143	methane,NADPH:oxygen oxidoreductase (hydroxylating)	Methane + Oxygen + NADPH + H+ <=> Methanol + NADP+ + H2O
R01150	D-alanine:D-alanine ligase (ADP-forming)	ATP + 2 D-Alanine <=> ADP + Orthophosphate + D-Alanyl-D-alanine
R01152	N-carbamoylputrescine amidohydrolase	N-Carbamoylputrescine + H2O <=> Putrescine + CO2 + Ammonia
R01157	agmatine amidinohydrolase	Agmatine + H2O <=> Putrescine + Urea
R01169	S-adenosyl-L-methionine:L-histidine Nalpha-methyltransferase	L-Histidine + 3 S-Adenosyl-L-methionine + H+ <=> Hercynine + 3 S-Adenosyl-L-homocysteine
R01174	butanoyl-CoA:phosphate butanoyltransferase	Butanoyl-CoA + Orthophosphate <=> CoA + Butanoylphosphate
R01181	2-methylpropanoyl-CoA CoA-carbonylmutase	2-Methylpropanoyl-CoA <=> Butanoyl-CoA
R01183	myo-inositol:NAD+ 2-oxidoreductase	myo-Inositol + NAD+ <=> 2,4,6/3,5-Pentahydroxycyclohexanone + NADH + H+
R01184	myo-inositol:oxygen oxidoreductase	myo-Inositol + Oxygen <=> D-Glucuronate + H2O
R01196	pyruvate:ferredoxin 2-oxidoreductase (CoA-acetylating)	2 Reduced ferredoxin + Acetyl-CoA + CO2 + 2 H+ <=> 2 Oxidized ferredoxin + Pyruvate + CoA
R01200	N-acetyl-D-glucosamine amidohydrolase	N-Acetyl-D-glucosamine + H2O <=> D-Glucosamine + Acetate
R01201	ATP:N-acetyl-D-glucosamine 6-phosphotransferase	ATP + N-Acetyl-D-glucosamine <=> ADP + N-Acetyl-D-glucosamine 6-phosphate
R01204	acetyl-CoA:D-glucosamine N-acetyltransferase	Acetyl-CoA + D-Glucosamine <=> CoA + N-Acetyl-D-glucosamine
R01213	acetyl-CoA:3-methyl-2-oxobutanoate C-acetyltransferase (thioester-hydrolysing, carboxymethyl-forming);	alpha-Isopropylmalate + CoA <=> Acetyl-CoA + 3-Methyl-2-oxobutanoic acid + H2O
R01220	5,10-methylenetetrahydrofolate:NADP+ oxidoreductase	5,10-Methylenetetrahydrofolate + NADP+ <=> 5,10-Methenyltetrahydrofolate + NADPH
R01224	5-methyltetrahydrofolate:NADP+ oxidoreductase	5-Methyltetrahydrofolate + NADP+ <=> 5,10-Methylenetetrahydrofolate + NADPH + H+
R01281	palmitoyl-CoA:L-serine C-palmitoyltransferase (decarboxylating)	Palmitoyl-CoA + L-Serine <=> 3-Dehydrosphinganine + CoA + CO2
R01291	S-(5-deoxy-D-ribos-5-yl)-L-homocysteine homocysteine-lyase [(4S)-4,5-dihydroxypentan-2,3-dione-forming]	S-Ribosyl-L-homocysteine <=> (S)-4,5-Dihydroxypentane-2,3-dione + L-Homocysteine
R01302	chorismate pyruvate-lyase (4-hydroxybenzoate-forming)	4-Hydroxybenzoate + Pyruvate <=> Chorismate
R01334	2-phosphoglycolate phosphohydrolase	2-Phosphoglycolate + H2O <=> Glycolate + Orthophosphate
R01357	acetoacetate:CoA ligase (AMP-forming)	ATP + Acetoacetate + CoA <=> AMP + Diphosphate + Acetoacetyl-CoA
R01360	(S)-3-hydroxy-3-methylglutaryl-CoA acetoacetate-lyase (acetyl-CoA-forming)	(S)-3-Hydroxy-3-methylglutaryl-CoA <=> Acetyl-CoA + Acetoacetate
R01361	(R)-3-hydroxybutanoate:NAD+ oxidoreductase	(R)-3-Hydroxybutanoate + NAD+ <=> Acetoacetate + NADH + H+
R01364	4-fumarylacetoacetate fumarylhydrolase	Acetoacetate + Fumarate <=> 4-Fumarylacetoacetate + H2O
R01384	UDP-D-glucuronate carboxy-lyase (UDP-D-xylose-forming)	UDP-glucuronate <=> UDP-D-xylose + CO2
R01397	carbamoyl-phosphate:L-aspartate carbamoyltransferase	Carbamoyl phosphate + L-Aspartate <=> Orthophosphate + N-Carbamoyl-L-aspartate
R01399	carbamoyl-phosphate:putrescine carbamoyltransferase	Carbamoyl phosphate + Putrescine <=> Orthophosphate + N-Carbamoylputrescine
R01450	lactate racemase	(S)-Lactate <=> (R)-Lactate
R01465	L-threonine:NAD+ oxidoreductase	L-Threonine + NAD+ <=> L-2-Amino-3-oxobutanoic acid + NADH + H+
R01505	2,3-dihydro-2,3-dihydroxybenzoate:NAD+ oxidoreductase	(2S,3S)-2,3-Dihydro-2,3-dihydroxybenzoate + NAD+ <=> 2,3-Dihydroxybenzoate + NADH + H+
R01512	ATP:3-phospho-D-glycerate 1-phosphotransferase	ATP + 3-Phospho-D-glycerate <=> ADP + 3-Phospho-D-glyceroyl phosphate
R01514	ATP:(R)-glycerate 3-phosphotransferase	ATP + D-Glycerate <=> ADP + 3-Phospho-D-glycerate
R01516	2,3-bisphospho-D-glycerate 2-phosphohydrolase	2,3-Bisphospho-D-glycerate + Protein histidine <=> 3-Phospho-D-glycerate + Protein N(tau)-phospho-L-histidine
R01523	ATP:D-ribulose-5-phosphate 1-phosphotransferase	ATP + D-Ribulose 5-phosphate <=> ADP + D-Ribulose 1,5-bisphosphate
R01529	D-ribulose-5-phosphate 3-epimerase	D-Ribulose 5-phosphate <=> D-Xylulose 5-phosphate
R01616	4-coumarate:CoA ligase (AMP-forming)	ATP + 4-Coumarate + CoA <=> AMP + Diphosphate + p-Coumaroyl-CoA
R01639	ATP:D-xylulose 5-phosphotransferase	ATP + D-Xylulose <=> ADP + D-Xylulose 5-phosphate
R01665	ATP:dCMP phosphotransferase	ATP + dCMP <=> ADP + dCDP
R01688	ATP:butanoate 1-phosphotransferase	ATP + Butanoic acid <=> ADP + Butanoylphosphate
R01707	pyridoxal:NAD+ 4-oxidoreductase	Pyridoxal + NAD+ <=> 4-Pyridoxolactone + NADH + H+
R01712	pyridoxamine:pyruvate aminotransferase	Pyridoxamine + Pyruvate <=> Pyridoxal + L-Alanine
R01714	5-O-(1-carboxyvinyl)-3-phosphoshikimate phosphate-lyase (chorismate-forming)	5-O-(1-Carboxyvinyl)-3-phosphoshikimate <=> Chorismate + Orthophosphate
R01715	chorismate pyruvatemutase	Chorismate <=> Prephenate
R01716	chorismate:L-glutamine aminotransferase	Chorismate + L-Glutamine <=> 4-Amino-4-deoxychorismate + L-Glutamate
R01717	chorismate hydroxymutase	Chorismate <=> Isochorismate
R01724	5-phospho-alpha-D-ribose 1-diphosphate:nicotinate ligase (ADP, diphosphate-forming)	Nicotinate D-ribonucleotide + Diphosphate + ADP + Orthophosphate <=> Nicotinate + 5-Phospho-alpha-D-ribose 1-diphosphate + ATP + H2O + H+
R01728	prephenate:NAD+ oxidoreductase(decarboxylating)	Prephenate + NAD+ <=> 3-(4-Hydroxyphenyl)pyruvate + CO2 + NADH + H+
R01730	prephenate:NADP+ oxidoreductase(decarboxylating)	Prephenate + NADP+ <=> 3-(4-Hydroxyphenyl)pyruvate + CO2 + NADPH + H+
R01737	ATP:D-gluconate 6-phosphotransferase	ATP + D-Gluconic acid <=> ADP + 6-Phospho-D-gluconate
R01761	L-arabinose aldose-ketose-isomerase	L-Arabinose <=> L-Ribulose
R01771	ATP:L-homoserine O-phosphotransferase	ATP + L-Homoserine <=> ADP + O-Phospho-L-homoserine
R01776	acetyl-CoA:L-homoserine O-acetyltransferase	Acetyl-CoA + L-Homoserine <=> CoA + O-Acetyl-L-homoserine
R01777	succinyl-CoA:L-homoserine O-succinyltransferase	Succinyl-CoA + L-Homoserine <=> CoA + O-Succinyl-L-homoserine
R01797	CDP-diacylglycerol phosphatidylhydrolase	CDP-diacylglycerol + H2O <=> CMP + Phosphatidate
R01801	CDP-diacylglycerol:sn-glycerol-3-phosphate 3-phosphatidyltransferase	CDP-diacylglycerol + sn-Glycerol 3-phosphate <=> CMP + Phosphatidylglycerophosphate
R01811	N-acetylneuraminate pyruvate-lyase (N-acetyl-D-mannosamine-forming)	N-Acetylneuraminate <=> N-Acetyl-D-mannosamine + Pyruvate
R01825	D-erythrose 4-phosphate:NAD+ oxidoreductase	D-Erythrose 4-phosphate + NAD+ + H2O <=> 4-Phospho-D-erythronate + NADH + H+
R01826	phosphoenolpyruvate:D-erythrose-4-phosphate C-(1-carboxyvinyl)transferase (phosphate hydrolysing, 2-carboxy-2-oxoethyl-forming)	Phosphoenolpyruvate + D-Erythrose 4-phosphate + H2O <=> 2-Dehydro-3-deoxy-D-arabino-heptonate 7-phosphate + Orthophosphate
R01844	ATP:sedoheptulose 7-phosphate	ATP + Sedoheptulose <=> ADP + Sedoheptulose 7-phosphate
R01853	RCH2NH2:oxygen oxidoreductase (deaminating) (copper-containing)	RCH2NH2 + H2O + Oxygen <=> Aldehyde + Ammonia + Hydrogen peroxide
R01856	dGTP triphosphohydrolase	dGTP + H2O <=> Deoxyguanosine + Triphosphate
R01868	(S)-dihydroorotate:quinone oxidoreductase	(S)-Dihydroorotate + Quinone <=> Orotate + Hydroquinone
R01884	creatinine amidohydrolase	Creatinine + H2O <=> Creatine
R01889	acetyl-CoA:kanamycin-B N6'-acetyltransferase	Acetyl-CoA + Kanamycin B <=> CoA + N6'-Acetylkanamycin-B
R01908	oxalyl-CoA carboxy-lyase (formyl-CoA-forming)	Oxalyl-CoA <=> Formyl-CoA + CO2
R01931	thiosulfate:cyanide sulfurtranserase	Thiosulfate + Cyanide ion <=> Sulfite + Thiocyanate
R01978	acetyl-CoA:acetoacetyl-CoA C-acetyltransferase (thioester-hydrolysing, carboxymethyl-forming)	(S)-3-Hydroxy-3-methylglutaryl-CoA + CoA <=> Acetyl-CoA + H2O + Acetoacetyl-CoA
R01993	(S)-dihydroorotate amidohydrolase	(S)-Dihydroorotate + H2O <=> N-Carbamoyl-L-aspartate
R02003	geranyl-diphosphate:isopentenyl-diphosphate geranyltrans-transferase	Geranyl diphosphate + Isopentenyl diphosphate <=> Diphosphate + trans,trans-Farnesyl diphosphate
R02016	NADPH:oxidized-thioredoxin oxidoreductase	Thioredoxin + NADP+ <=> Thioredoxin disulfide + NADPH + H+
R02021	adenosine 3',5'-bisphosphate,sulfite:oxidized-thioredoxin oxidoreductase (3'-phosphoadenosine-5'-phosphosulfate -forming)	Thioredoxin + 3'-Phosphoadenylyl sulfate <=> Thioredoxin disulfide + Sulfite + Adenosine 3',5'-bisphosphate
R02035	6-phospho-D-glucono-1,5-lactone lactonohydrolase	D-Glucono-1,5-lactone 6-phosphate + H2O <=> 6-Phospho-D-gluconate
R02036	6-phospho-D-gluconate hydro-lyase (2-dehydro-3-deoxy-6-phospho-D-gluconate-forming)	6-Phospho-D-gluconate <=> 2-Dehydro-3-deoxy-6-phospho-D-gluconate + H2O
R02055	phsophatidyl-L-serine carboxy-lyase	Phosphatidylserine <=> Phosphatidylethanolamine + CO2
R02060	D-glucosamine 1-phosphate 1,6-phosphomutase;	alpha-D-Glucosamine 1-phosphate <=> D-Glucosamine 6-phosphate
R02061	trans,trans-farnesyl-diphosphate:isopentenyl-diphosphate farnesyltranstransferase	trans,trans-Farnesyl diphosphate + Isopentenyl diphosphate <=> Diphosphate + Geranylgeranyl diphosphate
R02082	(R)-mevalonate:NADP+ oxidoreductase (CoA acylating)	(R)-Mevalonate + CoA + 2 NADP+ <=> (S)-3-Hydroxy-3-methylglutaryl-CoA + 2 NADPH + 2 H+
R02100	dUTP nucleotidohydrolase	dUTP + H2O <=> dUMP + Diphosphate
R02101	5,10-methylenetetrahydrofolate:dUMP C-methyltransferase	dUMP + 5,10-Methylenetetrahydrofolate <=> Dihydrofolate + dTMP
R02133	thiamin hydrolase	Thiamine + H2O <=> 4-Amino-5-hydroxymethyl-2-methylpyrimidine + 5-(2-Hydroxyethyl)-4-methylthiazole + H+
R02134	ATP:thiamine phosphotransferase	ATP + Thiamine <=> ADP + Thiamin monophosphate
R02156	quercetin:oxygen 2,3-oxidoreductase (decyclizing)	Quercetin + Oxygen <=> 2-Protocatechoylphloroglucinolcarboxylate + CO
R02164	succinate:quinone oxidoreductase	Quinone + Succinate <=> Hydroquinone + Fumarate
R02167	D-mannitol-1-phosphate phosphohydrolase	D-Mannitol 1-phosphate + H2O <=> Mannitol + Orthophosphate
R02173	tryptamine:oxygen oxidoreductase(deaminating)	Tryptamine + H2O + Oxygen <=> Indole-3-acetaldehyde + Ammonia + Hydrogen peroxide
R02204	L-pipecolate:oxygen 1,6-oxidoreductase	L-Pipecolate + Oxygen <=> (S)-2,3,4,5-Tetrahydropyridine-2-carboxylate + Hydrogen peroxide
R02245	ATP:(R)-mevalonate 5-phosphotransferase	ATP + (R)-Mevalonate <=> ADP + (R)-5-Phosphomevalonate
R02262	L-fuculose-1-phosphate lactaldehyde-lyase	L-Fuculose 1-phosphate <=> Glycerone phosphate + (S)-Lactaldehyde
R02272	(S)-4-amino-5-oxopentanoate 4,5-aminomutase	5-Aminolevulinate <=> (S)-4-Amino-5-oxopentanoate
R02279	5-dehydro-4-deoxy-D-glucarate hydro-lyase (decarboxylating)	5-Dehydro-4-deoxy-D-glucarate <=> 2,5-Dioxopentanoate + H2O + CO2
R02282	N2-acetyl-L-ornithine:L-glutamate N-acetyltransferase	N-Acetylornithine + L-Glutamate <=> L-Ornithine + N-Acetyl-L-glutamate
R02285	N-formimino-L-glutamate formiminohydrolase	N-Formimino-L-glutamate + H2O <=> L-Glutamate + Formamide
R02288	4-imidazolone-5-propanoate amidohydrolase	4-Imidazolone-5-propanoate + H2O <=> N-Formimino-L-glutamate
R02291	L-aspartate-4-semialdehyde:NADP+ oxidoreductase (phosphorylating)	L-Aspartate 4-semialdehyde + Orthophosphate + NADP+ <=> 4-Phospho-L-aspartate + NADPH + H+
R02292	R02292	
R02293	L-2,4-diaminobutanoate:pyruvate aminotransferase	L-2,4-Diaminobutanoate + Pyruvate <=> L-Aspartate 4-semialdehyde + L-Alanine
R02301	5-formyltetrahydrofolate cyclo-ligase (ADP-forming)	ATP + Folinic acid + H+ <=> ADP + Orthophosphate + 5,10-Methenyltetrahydrofolate
R02302	5-formiminotetrahydrofolate ammonia-lyase (cyclizing)	5-Formiminotetrahydrofolate + H+ <=> 5,10-Methenyltetrahydrofolate + Ammonia
R02305	2-trans,6-trans-farnesyldiphosphate diphosphate-lyase (cyclizing, pentalenene-forming)	trans,trans-Farnesyl diphosphate <=> Pentalenene + Diphosphate
R02324	ATP:N-ribosylnicotinamide 5'-phosphotransferase	ATP + Nicotinamide-beta-riboside <=> ADP + Nicotinamide D-ribonucleotide
R02328	dTTP:alpha-D-glucose-1-phosphate thymidylyltransferase	dTTP + D-Glucose 1-phosphate <=> Diphosphate + dTDP-glucose
R02343	acetoin:NAD+ oxidoreductase	Acetoin + NAD+ <=> Diacetyl + NADH + H+
R02397	4-trimethylammoniobutanoate,2-oxoglutarate:oxygen oxidoreductase (3-hydroxylating)	4-Trimethylammoniobutanoate + 2-Oxoglutarate + Oxygen <=> Carnitine + Succinate + CO2
R02412	ATP:shikimate 3-phosphotransferase	ATP + Shikimate <=> ADP + Shikimate 3-phosphate
R02413	shikimate:NADP+ 3-oxidoreductase	Shikimate + NADP+ <=> 3-Dehydroshikimate + NADPH + H+
R02422	allantoate amidinohydrolase	Allantoate + H2O <=> (S)-Ureidoglycolate + Urea
R02426	CDPglucose 4,6-hydro-lyase	CDP-glucose <=> CDP-4-dehydro-6-deoxy-D-glucose + H2O
R02429	D-xylonate hydro-lyase	D-Xylonate <=> 2-Dehydro-3-deoxy-D-xylonate + H2O
R02436	quercitrin 3-L-rhamnohydrolase	Quercitrin + H2O <=> L-Rhamnose + Quercetin
R02437	L-rhamnose ketol-isomerase	L-Rhamnose <=> L-Rhamnulose
R02450	phenylglyoxylate:NAD+ oxidoreductase (CoA benzoylating)	alpha-Oxo-benzeneacetic acid + CoA + NAD+ <=> Benzoyl-CoA + CO2 + NADH + H+
R02451	cyclohexa-1,5-diene-1-carbonyl-CoA:ferredoxin oxidoreductase (aromatizing, ATP-forming)	Benzoyl-CoA + Reduced ferredoxin + 2 ATP + 2 H2O <=> Cyclohexa-1,5-diene-1-carbonyl-CoA + Oxidized ferredoxin + 2 Orthophosphate + 2 ADP
R02472	(R)-pantoate:NADP+ 2-oxidoreductase	(R)-Pantoate + NADP+ <=> 2-Dehydropantoate + NADPH + H+
R02519	homogentisate:oxygen 1,2-oxidoreductase (decyclizing)	Homogentisate + Oxygen <=> 4-Maleylacetoacetate
R02530	(R)-S-lactoylglutathione methylglyoxal-lyase (isomerizing)	(R)-S-Lactoylglutathione <=> Glutathione + Methylglyoxal
R02539	phenylacetate:CoA ligase	ATP + Phenylacetic acid + CoA <=> AMP + Diphosphate + Phenylacetyl-CoA
R02541	sphingomyelin cholinephosphohydrolase	Sphingomyelin + H2O <=> N-Acylsphingosine + Choline phosphate
R02574	S,S-dimethyl-beta-propiothetin dimethyl-sulfide-lyase	S,S-Dimethyl-beta-propiothetin <=> Dimethyl sulfide + Acrylic acid
R02613	phenethylamine:oxygen oxidoreductase (deaminating)	Phenethylamine + Oxygen + H2O <=> Phenylacetaldehyde + Ammonia + Hydrogen peroxide
R02615	styrene-oxide isomerase	Styrene oxide <=> Phenylacetaldehyde
R02656	gentisate:oxygen 1,2-oxidoreductase (decyclizing)	2,5-Dihydroxybenzoate + Oxygen <=> Maleylpyruvate
R02665	3-hydroxyanthranilate:oxygen 3,4-oxidoreductase (decyclizing)	3-Hydroxyanthranilate + Oxygen <=> 2-Amino-3-carboxymuconate semialdehyde
R02715	D-arabinono-1,4-lactone:oxygen oxidoreductase	D-Arabinono-1,4-lactone + Oxygen <=> Dehydro-D-arabinono-1,4-lactone + Hydrogen peroxide
R02720	XTP pyrophosphohydrolase;	XTP + H2O <=> Xanthosine 5'-phosphate + Diphosphate
R02722	L-serine hydro-lyase [adding 1-C-(indol-3-yl)glycerol 3-phosphate; L-tryptophan and glyceraldehyde-3-phosphate-forming]	L-Serine + Indoleglycerol phosphate <=> L-Tryptophan + D-Glyceraldehyde 3-phosphate + H2O
R02728	beta-D-glucose 1-phosphate 1,6-phosphomutase	beta-D-Glucose 1-phosphate <=> beta-D-Glucose 6-phosphate
R02732	ATP:D-fructose-6-phosphate 2-phosphotransferase	ATP + beta-D-Fructose 6-phosphate <=> ADP + beta-D-Fructose 2,6-bisphosphate
R02734	N-succinyl-LL-2,6-diaminoheptanedioate amidohydrolase	N-Succinyl-LL-2,6-diaminoheptanedioate + H2O <=> Succinate + LL-2,6-Diaminoheptanedioate
R02735	LL-2,6-diaminoheptanedioate 2-epimerase	LL-2,6-Diaminoheptanedioate <=> meso-2,6-Diaminoheptanedioate
R02755	meso-2,6-diaminoheptanedioate:NADP+ oxidoreductase (deaminating)	meso-2,6-Diaminoheptanedioate + NADP+ + H2O <=> L-2-Amino-6-oxoheptanedioate + Ammonia + NADPH + H+
R02777	dTDP-beta-L-rhamnose:NADP+ 4-oxidoreductase;	dTDP-L-rhamnose + NADP+ <=> dTDP-4-dehydro-beta-L-rhamnose + NADPH + H+
R02782	2,4,6/3,5-pentahydroxycyclohexanone hydro-lyase	2,4,6/3,5-Pentahydroxycyclohexanone <=> 3D-3,5/4-Trihydroxycyclohexane-1,2-dione + H2O
R02783	UDP-N-acetylmuramoyl-L-alanine:D-glutamate ligase (ADP-forming)	ATP + UDP-N-acetylmuramoyl-L-alanine + D-Glutamate <=> ADP + Orthophosphate + UDP-N-acetylmuramoyl-L-alanyl-D-glutamate
R02788	UDP-N-acetylmuramoyl-L-alanyl-D-glutamate:(L)-meso-2,6-diaminoheptanedioate gamma-ligase (ADP-forming);	ATP + UDP-N-acetylmuramoyl-L-alanyl-D-glutamate + meso-2,6-Diaminoheptanedioate <=> ADP + Orthophosphate + UDP-N-acetylmuramoyl-L-alanyl-gamma-D-glutamyl-meso-2,6-diaminopimelate
R02792	3alpha,7alpha,12alpha-trihydroxy-5beta-cholanate:NAD+ 7-oxidoreductase	Cholic acid + NAD+ <=> 7-Oxodeoxycholate + NADH + H+
R02804	nitrogen:ferricytochrome-c oxidoreductase (N2O-forming)	Nitrogen + 2 Ferricytochrome c + H2O <=> Nitrous oxide + 2 Ferrocytochrome c + 2 H+
R02807	Hg:NADP+ oxidoreductase	Hg + NADP+ + H+ <=> Mercury(2+) + NADPH
R02813	(R)-10-hydroxystearate 10-hydro-lyase	(R)-10-Hydroxystearate <=> (9Z)-Octadecenoic acid + H2O
R02821	trimethylaminoacetate:L-homosysteine S-methyltransferase	Betaine + L-Homocysteine <=> N,N-Dimethylglycine + L-Methionine
R02852	D-2,6-diaminohexanoic acid 5,6-aminomutase	D-Lysine <=> (2R,5S)-2,5-Diaminohexanoate
R02863	thiamin:beta 2-methyl-4-aminopyrimidine-5-methenyltransferase	Thiamine + Pyridine <=> Heteropyrithiamine + 5-(2-Hydroxyethyl)-4-methylthiazole
R02864	S-adenosyl-L-methionine:uroporphyrin-III C-methyltransferase	Siroheme + 2 H+ <=> Fe2+ + Sirohydrochlorin
R02914	4,5-dihydro-4-oxo-5-imidazolepropanoate hydro-lyase	4-Imidazolone-5-propanoate <=> Urocanate + H2O
R02918	L-tyrosine:tRNA(Tyr) ligase (AMP-forming)	ATP + L-Tyrosine + tRNA(Tyr) <=> AMP + Diphosphate + L-Tyrosyl-tRNA(Tyr)
R02927	ATP:D-tagatose 6-phosphotransferase	ATP + D-Tagatose <=> ADP + D-Tagatose 6-phosphate
R02978	sphinganine:NADP+ 3-oxidoreductase	Sphinganine + NADP+ <=> 3-Dehydrosphinganine + NADPH + H+
R02992	4-pyridoxolactone lactonohydrolase	4-Pyridoxolactone + H2O <=> 4-Pyridoxate
R03013	L-histidinol-phosphate phosphohydrolase	L-Histidinol phosphate + H2O <=> L-Histidinol + Orthophosphate
R03015	formylmethanofuran:ferredoxin oxidoreductase	Formylmethanofuran + 2 Oxidized ferredoxin + H2O <=> Methanofuran + 2 Reduced ferredoxin + CO2 + 2 H+
R03025	hydrogen:coenzyme F420 oxidoreductase	Coenzyme F420 + Hydrogen <=> Reduced coenzyme F420
R03033	D-galactonate hydro-lyase	D-Galactonate <=> 2-Dehydro-3-deoxy-D-galactonate + H2O
R03035	ATP:pantetheine-4'-phosphate adenylyltransferase	ATP + Pantetheine 4'-phosphate <=> Diphosphate + Dephospho-CoA
R03062	cephalosporin-C acetylhdrolase	Cephalosporin C + H2O <=> Deacetylcephalosporin C + Acetate
R03083	2-dehydro-3-deoxy-D-arabino-heptonate 7-phosphate phosphate-lyase (cyclyzing)	2-Dehydro-3-deoxy-D-arabino-heptonate 7-phosphate <=> 3-Dehydroquinate + Orthophosphate
R03084	3-dehydroquinate hydro-lyase	3-Dehydroquinate <=> 3-Dehydroshikimate + H2O
R03145	pyruvate:ubiquinone oxidoreductase	Pyruvate + Ubiquinone + H2O <=> Acetate + Ubiquinol + CO2
R03165	hydroxymethylbilane hydro-lyase(cyclizing)	Hydroxymethylbilane <=> Uroporphyrinogen III + H2O
R03182	7,8-diaminononanoate:carbon-dioxide cyclo-ligase	ATP + 7,8-Diaminononanoate + CO2 <=> ADP + Orthophosphate + Dethiobiotin
R03193	UDP-N-acetylmuramate:L-alanine ligase (ADP-forming)	ATP + UDP-N-acetylmuramate + L-Alanine <=> ADP + Orthophosphate + UDP-N-acetylmuramoyl-L-alanine
R03209	6-carboxyhyxanoate:CoA ligase (AMP-forming)	ATP + Pimelate + CoA <=> AMP + Diphosphate + Pimeloyl-CoA
R03210	pimeloyl-CoA:L-alanine C-carboxyhexanoyltransferase (decarboxylating)	Pimeloyl-CoA + L-Alanine <=> 8-Amino-7-oxononanoate + CoA + CO2
R03220	coproporphyrinogen:oxygen oxidoreductase (decarboxylating)	Coproporphyrinogen III + Oxygen <=> Protoporphyrinogen IX + 2 CO2 + 2 H2O
R03222	protoporphyrinogen-IX:oxygen oxidoreductase	Protoporphyrinogen IX + 3 Oxygen <=> Protoporphyrin + 3 Hydrogen peroxide
R03223	2-methyl-4-amino-5-hydroxymethylpyrimidine-diphosphate:4-methyl-5-(2-phosphoethyl)-thiazole 2-methyl-4-aminopyridine-5-methenyltransferase	4-Amino-5-hydroxymethyl-2-methylpyrimidine diphosphate + 4-Methyl-5-(2-phosphooxyethyl)thiazole <=> Diphosphate + Thiamin monophosphate
R03231	S-adenosyl-L-methionine:8-amino-7-oxononanoate aminotransferase	S-Adenosyl-L-methionine + 8-Amino-7-oxononanoate <=> S-Adenosyl-4-methylthio-2-oxobutanoate + 7,8-Diaminononanoate
R03240	D-galactose 6-phosphate ketol-isomerase	D-Galactose 6-phosphate <=> D-Tagatose 6-phosphate
R03241	ATP:L-fuculose 1-phosphotransferase	ATP + L-Fuculose <=> ADP + L-Fuculose 1-phosphate
R03245	ATP:(R)-5-phosphomevalonate phosphotransferase	ATP + (R)-5-Phosphomevalonate <=> ADP + (R)-5-Diphosphomevalonate
R03254	phosphoenolpyruvate:D-arabinose-5-phosphate C-(1-carboxyvinyl)transferase (phosphate-hydrolysing, 2-carboxy-2-oxoethyl-forming);	3-Deoxy-D-manno-octulosonate 8-phosphate + Orthophosphate <=> Phosphoenolpyruvate + D-Arabinose 5-phosphate + H2O
R03269	N-[(R)-4'-phosphopantothenoyl]-L-cysteine carboxy-lyase	(R)-4'-Phosphopantothenoyl-L-cysteine <=> Pantetheine 4'-phosphate + CO2
R03275	(3S)-3,6-diaminohexanoate 5,6-aminomutase	(3S)-3,6-Diaminohexanoate <=> (3S,5S)-3,5-Diaminohexanoate
R03303	3,4-dihydroxyphenylacetate:oxygen 2,3-oxidoreductase (decyclizing)	3,4-Dihydroxyphenylacetate + Oxygen <=> 2-Hydroxy-5-carboxymethylmuconate semialdehyde
R03307	2-carboxy-2,5-dihydro-5-oxofuran-2-acetate lyase (decyclizing)	2-Carboxy-2,5-dihydro-5-oxofuran-2-acetate <=> 3-Carboxy-cis,cis-muconate
R03313	L-glutamate-5-semialdehyde:NADP+ 5-oxidoreductase (phosphorylating)	L-Glutamate 5-semialdehyde + Orthophosphate + NADP+ <=> L-Glutamyl 5-phosphate + NADPH + H+
R03348	nicotinate-nucleotide:pyrophosphate phosphoribosyltransferase (carboxylating)	Nicotinate D-ribonucleotide + Diphosphate + CO2 <=> Quinolinate + 5-Phospho-alpha-D-ribose 1-diphosphate
R03349	L-erythro-3,5-diaminohexanoate:NAD+ oxidoreductase (deaminating)	(3S,5S)-3,5-Diaminohexanoate + H2O + NAD+ <=> (S)-5-Amino-3-oxohexanoic acid + Ammonia + NADH + H+
R03370	stearoyl-[acyl-carrier protein],reduced-ferredoxin:oxygen oxidoreductase (9,10 cis-dehydrogenating)	Octadecanoyl-[acyl-carrier protein] + 2 Reduced ferredoxin + Oxygen + 2 H+ <=> Oleoyl-[acyl-carrier protein] + 2 Oxidized ferredoxin + 2 H2O
R03387	ATP:2-dehydro-3-deoxy-D-galactonate 6-phosphotransferase	ATP + 2-Dehydro-3-deoxy-D-galactonate <=> ADP + 2-Dehydro-3-deoxy-6-phospho-D-galactonate
R03390	formylmethanofuran:5,6,7,8-tetrahydromethanopterin 5-formyltransferase	Formylmethanofuran + 5,6,7,8-Tetrahydromethanopterin <=> Methanofuran + 5-Formyl-5,6,7,8-tetrahydromethanopterin
R03451	N6,N6,N6-trimethyl-L-lysine,2-oxoglutarate:oxygen oxidoreductase (3-hydroxylating)	N6,N6,N6-Trimethyl-L-lysine + 2-Oxoglutarate + Oxygen <=> (3S)-3-Hydroxy-N6,N6,N6-trimethyl-L-lysine + Succinate + CO2
R03457	D-erythro-1-(imidazol-4-yl)glycerol 3-phosphate hydro-lyase	D-erythro-1-(Imidazol-4-yl)glycerol 3-phosphate <=> 3-(Imidazol-4-yl)-2-oxopropyl phosphate + H2O
R03458	5-amino-6-(5-phosphoribitylamino)uracil:NADP+ 1'-oxidoreductase	5-Amino-6-(5'-phospho-D-ribitylamino)uracil + NADP+ <=> 5-Amino-6-(5'-phosphoribosylamino)uracil + NADPH + H+
R03459	2,5-diamino-6-hydroxy-4-(5-phosphoribosylamino)-pyrimidine 2-aminohydrolase	2,5-Diamino-6-(5-phospho-D-ribosylamino)pyrimidin-4(3H)-one + H2O <=> 5-Amino-6-(5'-phosphoribosylamino)uracil + Ammonia
R03460	phosphoenolpyruvate:3-phosphoshikimate 5-O-(1-carboxyvinyl)-transferase	Phosphoenolpyruvate + Shikimate 3-phosphate <=> Orthophosphate + 5-O-(1-Carboxyvinyl)-3-phosphoshikimate
R03464	5,10-methenyltetrahydromethanopterin 10-hydrolase (decyclizing)	5,10-Methenyltetrahydromethanopterin + H2O <=> 5-Formyl-5,6,7,8-tetrahydromethanopterin + H+
R03470	4-carboxymuconolactone carboxy-lyase	2-Carboxy-2,5-dihydro-5-oxofuran-2-acetate <=> 2-Oxo-2,3-dihydrofuran-5-acetate + CO2
R03471	ATP:4-amino-5-hydroxymethyl-2-methylpyrimidine 5-phosphotransferase	ATP + 4-Amino-5-hydroxymethyl-2-methylpyrimidine <=> ADP + 4-Amino-2-methyl-5-(phosphooxymethyl)pyrimidine
R03503	ATP:6-hydroxymethyl-7,8-dihydropterin 6'-diphosphotransferase	ATP + 6-(Hydroxymethyl)-7,8-dihydropterin <=> AMP + 6-Hydroxymethyl-7,8-dihydropterin diphosphate
R03509	N-(5-phospho-beta-D-ribosyl)anthranilate ketol-isomerase	N-(5-Phospho-D-ribosyl)anthranilate <=> 1-(2-Carboxyphenylamino)-1-deoxy-D-ribulose 5-phosphate
R03531	2'-deoxyinosine-5'-triphosphate pyrophosphohydrolase;	dITP + H2O <=> 2'-Deoxyinosine 5'-phosphate + Diphosphate
R03532	donor:hydrogen-peroxide oxidoreductase	Reduced acceptor + Hydrogen peroxide <=> Acceptor + 2 H2O
R03595	ATP:selenide, water phosphotransferase	ATP + Hydrogen selenide + H2O <=> AMP + Selenophosphoric acid + Orthophosphate
R03648	L-asparagine:tRNA(Asn) ligase (AMP-forming)	ATP + L-Asparagine + tRNA(Asn) <=> AMP + Diphosphate + L-Asparaginyl-tRNA(Asn)
R03656	L-isoleucine:tRNA(Ile) ligase (AMP-forming)	ATP + L-Isoleucine + tRNA(Ile) <=> AMP + Diphosphate + L-Isoleucyl-tRNA(Ile)
R03657	L-leucine:tRNA(Leu) ligase (AMP-forming)	ATP + L-Leucine + tRNA(Leu) <=> AMP + Diphosphate + L-Leucyl-tRNA
R03665	L-valine:tRNAVal ligase (AMP-forming)	ATP + L-Valine + tRNA(Val) <=> AMP + Diphosphate + L-Valyl-tRNA(Val)
R03696	L-threo-3-methylaspartate ammonia-lyase	L-threo-3-Methylaspartate <=> Mesaconate + Ammonia
R03704	5,10-methylenetetrahydrofolate:tRNA-UpsiC (uracil-5-)-methyltransferase	5,10-Methylenetetrahydrofolate + tRNA containing uridine at position 54 + FADH2 <=> Tetrahydrofolate + tRNA containing ribothymidine at position 54 + FAD
R03759	(R)-1-aminopropan-2-ol:NAD+ oxidoreductase	(R)-1-Aminopropan-2-ol + NAD+ <=> Aminoacetone + NADH + H+
R03774	L-rhamnonate hydro-lyase	L-Rhamnonate <=> 2-Dehydro-3-deoxy-L-rhamnonate + H2O
R03817	plastoquinol:oxidized-plastocyanin oxidoreductase	Plastoquinol + 2 Oxidized plastocyanin + 2 H+ <=> Plastoquinone + 2 Reduced plastocyanin + 4 H+
R03876	R03876	ATP + Ubiquitin + Protein lysine <=> AMP + Diphosphate + Protein N-ubiquityllysine
R03877	magnesium-protoporphyrin IX chelatase	ATP + Protoporphyrin + Magnesium cation + H2O <=> ADP + Orthophosphate + Magnesium protoporphyrin + 2 H+
R03947	S-adenosyl-L-methionine:uroporphyrin-III C-methyltransferase	Precorrin 2 + NAD+ <=> Sirohydrochlorin + NADH + H+
R03948	S-adenosyl-L-methionine:precorrin-4 C20-methyltransferase	S-Adenosyl-L-methionine + Precorrin 2 <=> S-Adenosyl-L-homocysteine + Precorrin 3A + H+
R04030	O-succinylbenzoate:CoA ligase (AMP-forming)	ATP + 2-Succinylbenzoate + CoA <=> AMP + Diphosphate + 2-Succinylbenzoyl-CoA
R04035	phosphoribosyl-ATP pyrophosphohydrolase	1-(5-Phospho-D-ribosyl)-ATP + H2O <=> Phosphoribosyl-AMP + Diphosphate
R04037	1-(5-phospho-D-ribosyl)-AMP 1,6-hydrolase	Phosphoribosyl-AMP + H2O <=> 5-(5-Phospho-D-ribosylaminoformimino)-1-(5-phosphoribosyl)-imidazole-4-carboxamide
R04053	3-phosphonopyruvate carboxy-lyase	3-Phosphonopyruvate <=> Phosphonoacetaldehyde + CO2
R04109	L-glutamate-semialdehyde: NADP+ oxidoreductase (L-glutamyl-tRNA(Glu)-forming)	L-Glutamyl-tRNA(Glu) + NADPH + H+ <=> (S)-4-Amino-5-oxopentanoate + tRNA(Glu) + NADP+
R04143	ATP:S5-methyl-5-thio-D-ribose 1-phosphotransferase	ATP + 5-Methylthio-D-ribose <=> ADP + S-Methyl-5-thio-D-ribose 1-phosphate
R04144	5-phospho-D-ribosylamine:glycine ligase (ADP-forming)	ATP + 5-Phosphoribosylamine + Glycine <=> ADP + Orthophosphate + 5'-Phosphoribosylglycinamide
R04148	nicotinate-nucleotide:dimethylbenzimidazole phospho-D-ribosyltransferase	Nicotinate D-ribonucleotide + Dimethylbenzimidazole <=> Nicotinate + N1-(5-Phospho-alpha-D-ribosyl)-5,6-dimethylbenzimidazole + H+
R04150	O-succinylbenzoyl-CoA 1,4-dihydroxy-2-naphthoate-lyase	2-Succinylbenzoyl-CoA <=> 1,4-Dihydroxy-2-naphthoate + CoA
R04152	(2-aminoethyl)phosphonate:pyruvate aminotransferase	2-Aminoethylphosphonate + Pyruvate <=> Phosphonoacetaldehyde + L-Alanine
R04158	geranylgeranyl diphosphate:sn-glyceryl phosphate geranylgeranyltransferase	Geranylgeranyl diphosphate + sn-Glycerol 1-phosphate <=> Diphosphate + 3-(O-Geranylgeranyl)-sn-glycerol 1-phosphate
R04167	2-carboxy-D-arabinitol-1-phosphate 1-phosphohydrolase	2-Carboxy-D-arabinitol 1-phosphate + H2O <=> 2-Carboxy-D-arabinitol + Orthophosphate
R04189	N2-succinyl-L-arginine iminohydrolase (decarboxylating)	N2-Succinyl-L-arginine + 2 H2O <=> N2-Succinyl-L-ornithine + CO2 + 2 Ammonia
R04208	2-(formamido)-N1-(5-phosphoribosyl)acetamidine cyclo-ligase (ADP-forming)	ATP + 2-(Formamido)-N1-(5'-phosphoribosyl)acetamidine <=> ADP + Orthophosphate + Aminoimidazole ribotide
R04209	1-(5-phospho-D-ribosyl)-5-amino-4-imidazolecarboxylate carboxy-lyase	1-(5-Phospho-D-ribosyl)-5-amino-4-imidazolecarboxylate <=> Aminoimidazole ribotide + CO2
R04210	4-phospho-D-erythronate:NAD+ 2-oxidoreductase	4-Phospho-D-erythronate + NAD+ <=> 2-Oxo-3-hydroxy-4-phosphobutanoate + NADH + H+
R04237	S-adenosyl-L-methionine:magnesium-protoporphyrin-IX O-methyltransferase	S-Adenosyl-L-methionine + Magnesium protoporphyrin <=> S-Adenosyl-L-homocysteine + Magnesium protoporphyrin monomethyl ester
R04364	acetyl-CoA:L-2,3,4,5-tetrahydrodipicolinate N2-acetyltransferase	2,3,4,5-Tetrahydrodipicolinate + Acetyl-CoA + H2O <=> N-Acetyl-L-2-amino-6-oxopimelate + CoA
R04365	succinyl-CoA:2,3,4,5-tetrahydropyridine-2,6-dicarboxylate N-succinyltransferase	Succinyl-CoA + 2,3,4,5-Tetrahydrodipicolinate + H2O <=> CoA + N-Succinyl-2-L-amino-6-oxoheptanedioate
R04374	trans-3-hydroxy-L-proline hydro-lyase (1-pyrroline-2-carboxylate-forming)	trans-3-Hydroxy-L-proline <=> 1-Pyrroline-2-carboxylate + H2O
R04383	5-dehydro-4-deoxy-D-glucuronate ketol-isomerase	5-Dehydro-4-deoxy-D-glucuronate <=> (4S)-4,6-Dihydroxy-2,5-dioxohexanoate
R04405	5-methyltetrahydropteroyltri-L-glutamate:L-homocysteine S-methyltransferase	5-Methyltetrahydropteroyltri-L-glutamate + L-Homocysteine <=> Tetrahydropteroyltri-L-glutamate + L-Methionine
R04420	5-methylthio-5-deoxy-D-ribose-1-phosphate ketol-isomerase	S-Methyl-5-thio-D-ribose 1-phosphate <=> S-Methyl-5-thio-D-ribulose 1-phosphate
R04424	(2S,3S)-2-hydroxybutane-1,2,3-tricarboxylate hydro-lyase [(Z)-but-2-ene-1,2,3-tricarboxylate-forming]	2-Methylcitrate <=> (Z)-But-2-ene-1,2,3-tricarboxylate + H2O
R04425	(2S,3R)-3-hydroxybutane-1,2,3-tricarboxylate hydro-lyase	(2S,3R)-3-Hydroxybutane-1,2,3-tricarboxylate <=> (Z)-But-2-ene-1,2,3-tricarboxylate + H2O
R04436	S-adenosyl-L-methionine:Nalpha,Nalpha-dimethyl-L-histidine Nalpha-methyltransferase	S-Adenosyl-L-methionine + N,N-Dimethylhistidine <=> S-Adenosyl-L-homocysteine + Hercynine
R04438	dTDP-4-amino-4,6-dideoxy-D-galactose:2-oxoglutarate aminotransferase	dTDP-4-amino-4,6-dideoxy-D-galactose + 2-Oxoglutarate <=> dTDP-4-oxo-6-deoxy-D-glucose + L-Glutamate
R04448	ATP:4-methyl-5-(2-hydroxyethyl)thiazole 2-phosphotransferase	ATP + 5-(2-Hydroxyethyl)-4-methylthiazole <=> ADP + 4-Methyl-5-(2-phosphooxyethyl)thiazole
R04449	acetate:holo-[citrate-(pro-3S)-lyase] ligase (AMP-forming)	ATP + Acetate + Holo-[citrate (pro-3S)-lyase] <=> AMP + Diphosphate + Acetyl-[citrate (pro-3S)-lyase]
R04463	5'-phosphoribosylformylglycinamide:L-glutamine amido-ligase (ADP-forming)	ATP + 5'-Phosphoribosyl-N-formylglycinamide + L-Glutamine + H2O <=> ADP + Orthophosphate + 2-(Formamido)-N1-(5'-phosphoribosyl)acetamidine + L-Glutamate
R04475	N-succinyl-L-2,6-diaminoheptanedioate:2-oxoglutarate amino-transferase	N-Succinyl-LL-2,6-diaminoheptanedioate + 2-Oxoglutarate <=> N-Succinyl-2-L-amino-6-oxoheptanedioate + L-Glutamate
R04496	S-adenosyl-L-methionine:protein-C-terminal-S-farnesyl-L-cysteine O-methyltransferase	S-Adenosyl-L-methionine + Protein C-terminal S-farnesyl-L-cysteine <=> S-Adenosyl-L-homocysteine + Protein C-terminal S-farnesyl-L-cysteine methyl ester
R04527	peptide-D-galactosyl-N-acetyl-alpha-D-galactosaminyl-L-serine D-galactosyl-N-acetyl-galactosaminohydrolase	Peptide beta-D-galactosyl-(1->3)-N-acetyl-alpha-D-galactosaminyl-L-serine + H2O <=> beta-D-Galactosyl-(1->3)-N-acetyl-D-galactosamine + [Protein]-L-serine
R04591	1-(5-phosphoribosyl)-5-amino-4-carboxyimidazole:L-aspartate ligase (ADP-forming)	ATP + 1-(5-Phospho-D-ribosyl)-5-amino-4-imidazolecarboxylate + L-Aspartate <=> ADP + Orthophosphate + 1-(5'-Phosphoribosyl)-5-amino-4-(N-succinocarboxamide)-imidazole
R04594	R04594	N1-(5-Phospho-alpha-D-ribosyl)-5,6-dimethylbenzimidazole + H2O <=> alpha-Ribazole + Orthophosphate
R04597	3,4-dihydroxy-9,10-secoandrosta-1,3,5(10)-triene-9,17-dione:oxygen 4,5-oxidoreductase (decyclizing)	3,4-Dihydroxy-9,10-secoandrosta-1,3,5(10)-triene-9,17-dione + Oxygen <=> 3-Hydroxy-5,9,17-trioxo-4,5:9,10-disecoandrosta-1(10),2-dien-4-oate
R04606	UDP-2,3-bis(3-hydroxytetradecanoyl)glucosamine:2,3-bis-(3-hydroxytetradecanoyl)-alpha-D-glucosaminyl-1-phosphate 2,3-bis(3-hydroxytetradecanoyl)-glucosaminyltransferase	UDP-2,3-bis(3-hydroxytetradecanoyl)glucosamine + Lipid X <=> UDP + Lipid A disaccharide
R04640	N-(5'-phospho-D-ribosylformimino)-5-amino-1- (5''-phospho-D-ribosyl)-4-imidazolecarboxamide ketol-isomerase;	5-(5-Phospho-D-ribosylaminoformimino)-1-(5-phosphoribosyl)-imidazole-4-carboxamide <=> N-(5'-Phospho-D-1'-ribulosylformimino)-5-amino-1-(5''-phospho-D-ribosyl)-4-imidazolecarboxamide
R04657	ATP:2,3,2',3'-tetrakis(3-hydroxytetradecanoyl)-D-glucosaminyl-beta-D-1,6-glucosaminyl-alpha-phosphate 4-O'-phosphotransferase	ATP + Lipid A disaccharide <=> ADP + 2,3,2'3'-Tetrakis(3-hydroxytetradecanoyl)-D-glucosaminyl-1,6-beta-D-glucosamine 1,4'-bisphosphate
R04734	4a-hydroxytetrahydrobiopterin hydro-lyase	4a-Hydroxytetrahydrobiopterin <=> Dihydrobiopterin + H2O
R05049	N-succinyl-L-glutamate 5-semialdehyde:NAD+ oxidoreductase	N-Succinyl-L-glutamate 5-semialdehyde + NAD+ + H2O <=> N-Succinyl-L-glutamate + NADH + H+
R05137	2-hydroxy-2H-chromene-2-carboxylate---(3E)-4-(2-hydroxyphenyl)-2-oxobut-3-enoate isomerase	trans-o-Hydroxybenzylidenepyruvate <=> 2-Hydroxychromene-2-carboxylate
R05176	ADP-D-glycero-D-manno-heptose 6-epimerase	ADP-D-glycero-beta-D-manno-heptose <=> ADP-L-glycero-beta-D-manno-heptose
R05218	cob(II)yrinic acid-a,c-diamide:FMN oxidoreductase	2 Cob(II)yrinate a,c diamide + Reduced FMN <=> 2 Cob(I)yrinate a,c diamide + FMN + 2 H+
R05219	R05219	Precorrin 6X + Acetate + S-Adenosyl-L-homocysteine <=> Precorrin 5 + S-Adenosyl-L-methionine + H2O
R05222	GTP:adenosylcobinamide-phosphate guanylyltransferase	Adenosyl cobinamide phosphate + GTP <=> Adenosine-GDP-cobinamide + Diphosphate
R05225	R05225	Adenosyl cobyrinate a,c diamide + 4 L-Glutamine + 4 ATP + 4 H2O <=> Adenosyl cobyrinate hexaamide + 4 L-Glutamate + 4 Orthophosphate + 4 ADP
R05227	hydrogenobyrinic-acid-a,c-diamide:cobalt cobalt-ligase (ADP-forming)	Hydrogenobyrinate a,c diamide + Cobalt ion + ATP + H2O <=> Cob(II)yrinate a,c diamide + Orthophosphate + ADP + H+
R05311	pimeloyl-CoA:NAD+ oxidoreductase	Pimeloyl-CoA + NAD+ <=> 6-Carboxyhex-2-enoyl-CoA + NADH + H+
R05328	ADP-alpha-D-glucose:sn-glycerol-3-phosphate 2-alpha-D-glucopyranosyltransferase	ADP-glucose + sn-Glycerol 3-phosphate <=> 2-(alpha-D-Glucosyl)-sn-glycerol 3-phosphate + ADP
R05332	acetyl-CoA:D-glucosamine-1-phosphate N-acetyltransferase	Acetyl-CoA + alpha-D-Glucosamine 1-phosphate <=> CoA + N-Acetyl-alpha-D-glucosamine 1-phosphate
R05553	4-amino-4-deoxychorismate pyruvate-lyase	4-Amino-4-deoxychorismate <=> 4-Aminobenzoate + Pyruvate
R05606	D-mannonate hydro-lyase	D-Mannonate <=> 2-Dehydro-3-deoxy-D-gluconate + H2O
R05608	galactarate hydro-lyase (5-dehydro-4-deoxy-D-glucarate-forming)	D-Galactarate <=> 5-Dehydro-4-deoxy-D-glucarate + H2O
R05627	undecaprenyl-diphosphate phosphohydrolase	di-trans,poly-cis-Undecaprenyl diphosphate + H2O <=> di-trans,poly-cis-Undecaprenyl phosphate + Orthophosphate
R05633	CTP: 2-C-methyl-D-erythritol 4-phosphate cytidylyltransferase	2-C-Methyl-D-erythritol 4-phosphate + CTP <=> 4-(Cytidine 5'-diphospho)-2-C-methyl-D-erythritol + Diphosphate
R05634	ATP:4-(cytidine 5'-diphospho)-2-C-methyl-D-erythritol 2-phosphotransferase	4-(Cytidine 5'-diphospho)-2-C-methyl-D-erythritol + ATP <=> 2-Phospho-4-(cytidine 5'-diphospho)-2-C-methyl-D-erythritol + ADP
R05636	1-deoxy-D-xylulose-5-phosphate pyruvate-lyase (carboxylating)	Pyruvate + D-Glyceraldehyde 3-phosphate <=> 1-Deoxy-D-xylulose 5-phosphate + CO2
R05637	2-phospho-4-(cytidine 5'-diphospho)-2-C-methyl-D-erythritol CMP-lyase (cyclizing)	2-Phospho-4-(cytidine 5'-diphospho)-2-C-methyl-D-erythritol <=> 2-C-Methyl-D-erythritol 2,4-cyclodiphosphate + CMP
R05651	acetyl-phosphate:sulfite S-acetyltransferase (acyl-phosphate hydrolysing, 2-oxoethyl-forming)	Sulfoacetaldehyde + Orthophosphate <=> Acetyl phosphate + Sulfite
R05688	1-deoxy-D-xylulose-5-phosphate isomeroreductase	2-C-Methyl-D-erythritol 4-phosphate + NADP+ <=> 1-Deoxy-D-xylulose 5-phosphate + NADPH + H+
R05706	FMNH2:NADP+ oxidoreductase	Reduced FMN + NADP+ <=> FMN + NADPH + H+
R05763	S-adenosyl-L-methionine:(E)-prop-1-ene-1,2,3-tricarboxylate 2'-O-methyltransferase	S-Adenosyl-L-methionine + trans-Aconitate <=> S-Adenosyl-L-homocysteine + (E)-3-(Methoxycarbonyl)pent-2-enedioate
R05768	GDP-mannose:3-phosphoglycerate 3-a-D-mannosyltransferase	GDP-mannose + 3-Phospho-D-glycerate <=> GDP + 2-(alpha-D-Mannosyl)-3-phosphoglycerate
R05789	(R)-2-phospho-3-sulfolactate phosphohydrolase	(2R)-O-Phospho-3-sulfolactate + H2O <=> (2R)-3-Sulfolactate + Orthophosphate
R05790	alpha-D-mannosyl-3-phosphoglycerate phosphohydrolase	2-(alpha-D-Mannosyl)-3-phosphoglycerate + H2O <=> 2-O-(alpha-D-Mannosyl)-D-glycerate + Orthophosphate
R05791	2-O-(alpha-D-glucopyranosyl)-sn-glycerol-3-phosphate phosphohydrolase	2-(alpha-D-Glucosyl)-sn-glycerol 3-phosphate + H2O <=> 2-O-(alpha-D-Glucopyranosyl)glycerol + Orthophosphate
R05794	CDP-diacylglycerol:choline O-phosphatidyltransferase	CDP-diacylglycerol + Choline <=> CMP + Phosphatidylcholine
R05838	pyridoxine 5'-phosphate synthase	3-Amino-2-oxopropyl phosphate + 1-Deoxy-D-xylulose 5-phosphate <=> Pyridoxine phosphate + Orthophosphate + 2 H2O
R05850	L-ribulose-5-phosphate 4-epimerase	L-Ribulose 5-phosphate <=> D-Xylulose 5-phosphate
R05884	isopentenyl-diphosphate:ferredoxin oxidoreductase	1-Hydroxy-2-methyl-2-butenyl 4-diphosphate + 2 Reduced ferredoxin + 2 H+ <=> Isopentenyl diphosphate + 2 Oxidized ferredoxin + H2O
R06211	R06211	Sucrose 6'-phosphate + H2O <=> Sucrose + Orthophosphate
R06284	chlorophyllide-a:phytyl-diphosphate phytyltransferase	Chlorophyllide + Phytyl diphosphate <=> Chlorophyll a + Diphosphate
R06513	dTDPglucose 4,6-hydro-lyase	dTDP-glucose <=> dTDP-4-oxo-6-deoxy-D-glucose + H2O
R06514	dTDP-4-dehydro-6-deoxy-alpha-D-glucose 3,5-epimerase;	dTDP-4-oxo-6-deoxy-D-glucose <=> dTDP-4-dehydro-beta-L-rhamnose
R06530	L-threonine-O-3-phosphate carboxy-lyase	L-Threonine O-3-phosphate <=> D-1-Aminopropan-2-ol O-phosphate + CO2
R06601	5-hydroxyisourate amidohydrolase	5-Hydroxyisourate + H2O <=> 5-Hydroxy-2-oxo-4-ureido-2,5-dihydro-1H-imidazole-5-carboxylate
R06604	5-hydroxy-2-oxo-4-ureido-2,5-dihydro-1H-imidazole-5-carboxylate carboxy-lyase [(S)-allantoin-forming]	5-Hydroxy-2-oxo-4-ureido-2,5-dihydro-1H-imidazole-5-carboxylate <=> (S)-Allantoin + CO2
R06613	5,10-methylenetetrahydrofolate,NADPH:dUMP C-methyltransferase	5,10-Methylenetetrahydrofolate + dUMP + NADPH + H+ <=> Tetrahydrofolate + dTMP + NADP+
R06786	3-(3-hydroxyphenyl)propanoate,NADH:oxygen oxidoreductase (2-hydroxylating)	3-(3-Hydroxyphenyl)propanoic acid + Oxygen + NADH + H+ <=> 3-(2,3-Dihydroxyphenyl)propanoate + H2O + NAD+
R06836	ATP:ribose-1,5-bisphosphate phosphotransferase	D-Ribose 1,5-bisphosphate + ATP <=> 5-Phospho-alpha-D-ribose 1-diphosphate + ADP
R06859	R06859	
R06978	acetyl-CoA:L-2,4-diaminobutanoate N4-acetyltransferase	L-2,4-Diaminobutanoate + Acetyl-CoA <=> N(gamma)-Acetyldiaminobutyrate + CoA
R06979	ectoine hydro-lyase	N(gamma)-Acetyldiaminobutyrate <=> H2O + Ectoine
R06982	S-(hydroxymethyl)glutathione formaldehyde-lyase (glutathione-forming);	Glutathione + Formaldehyde <=> S-(Hydroxymethyl)glutathione
R06983	S-(hydroxymethyl)glutathione dehydrogenase	S-(Hydroxymethyl)glutathione + NAD+ <=> S-Formylglutathione + NADH + H+
R07140	S-(hydroxymethyl)glutathione:NADP+ oxidoreductase	S-(Hydroxymethyl)glutathione + NADP+ <=> S-Formylglutathione + NADPH + H+
R07164	L-aspartate:NAD+ oxidoreductase (deaminating)	L-Aspartate + H2O + NAD+ <=> Oxaloacetate + Ammonia + NADH + H+
R07165	L-aspartate:NADP+ oxidoreductase (deaminating)	L-Aspartate + H2O + NADP+ <=> Oxaloacetate + Ammonia + NADPH + H+
R07168	5-methyltetrahydrofolate:NAD+ oxidoreductase	5-Methyltetrahydrofolate + NAD+ <=> 5,10-Methylenetetrahydrofolate + NADH + H+
R07226	acetyl-phosphate ammonia:thioredoxin disulfide oxidoreductase (glycine-forming)	Acetyl phosphate + Ammonia + Thioredoxin disulfide + H2O <=> Glycine + Orthophosphate + Thioredoxin
R07234	S-adenosyl-L-methionine:rRNA (guanine-N2-)-methyltransferase	S-Adenosyl-L-methionine + rRNA <=> S-Adenosyl-L-homocysteine + rRNA containing N2-methylguanine
R07243	S-adenosyl-L-methionine:sarcosine N-methyltransferase	S-Adenosyl-L-methionine + Sarcosine <=> S-Adenosyl-L-homocysteine + N,N-Dimethylglycine
R07244	S-adenosyl-L-methionine:N,N-dimethylglycine N-methyltransferase	S-Adenosyl-L-methionine + N,N-Dimethylglycine <=> S-Adenosyl-L-homocysteine + Betaine
R07245	carbamoyl-phosphate:N2-acetyl-L-ornithine carbamoyltransferase	Carbamoyl phosphate + N-Acetylornithine <=> Orthophosphate + N-Acetyl-L-citrulline
R07267	(E)-octaprenyl-diphosphate:isopentenyl-diphosphate octaprenyltranstransferase	all-trans-Octaprenyl diphosphate + Isopentenyl diphosphate <=> Diphosphate + all-trans-Nonaprenyl diphosphate
R07281	D-ribulose 5-phosphate formate-lyase (L-3,4-dihydroxybutan-2-one 4-phosphate-forming)	D-Ribulose 5-phosphate <=> L-3,4-Dihydroxybutan-2-one 4-phosphate + Formate
R07290	formyl-CoA:oxalate CoA-transferase	Formyl-CoA + Oxalate <=> Formate + Oxalyl-CoA
R07306	GTP 8,9-hydrolase (phosphate-forming)	GTP + 3 H2O <=> 2-Amino-5-formylamino-6-(5-phospho-D-ribosylamino)pyrimidin-4(3H)-one + 2 Orthophosphate
R07324	1D-myo-inositol-3-phosphate lyase (isomerizing)	D-Glucose 6-phosphate <=> 1D-myo-Inositol 3-phosphate
R07325	acid:[acyl-carrier-protein] ligase (AMP-forming)	ATP + Acid + Acyl-carrier protein <=> AMP + Diphosphate + Acyl-[acyl-carrier protein]
R07359	NADPH:quinone oxidoreductase	NADPH + H+ + Quinone <=> NADP+ + Hydroquinone
R07363	1,2-dihydroxy-5-(methylthio)pent-1-en-3-one:oxygen oxidoreductase (formate- and CO-forming)	1,2-Dihydroxy-5-(methylthio)pent-1-en-3-one + Oxygen <=> 3-(Methylthio)propanoate + Formate + CO
R07364	1,2-dihydroxy-5-(methylthio)pent-1-en-3-one:oxygen oxidoreductase (formate-forming)	1,2-Dihydroxy-5-(methylthio)pent-1-en-3-one + Oxygen <=> 4-Methylthio-2-oxobutanoic acid + Formate
R07404	5-amino-1-(5-phospho-D-ribosyl)imidazole:carbon-dioxide ligase (ADP-forming)	ATP + Aminoimidazole ribotide + HCO3- <=> ADP + Orthophosphate + 5-Carboxyamino-1-(5-phospho-D-ribosyl)imidazole
R07502	gamma-tocopherol lyase (decyclizing)	2,3-Dimethyl-5-phytylquinol <=> gamma-Tocopherol
R07503	delta-tocopherol lyase (decyclizing)	2-Methyl-6-phytylquinol <=> delta-Tocopherol
R07605	7-aminomethyl-7-carbaguanine:NADP+ oxidoreductase	7-Aminomethyl-7-carbaguanine + 2 NADP+ <=> 7-Cyano-7-carbaguanine + 2 NADPH + 2 H+
R07606	L-methionine:thioredoxin-disulfide S-oxidoreductase	L-Methionine + Thioredoxin disulfide + H2O <=> L-Methionine (S)-S-oxide + Thioredoxin
R07607	peptide-methionine:thioredoxin-disulfide S-oxidoreductase	Peptide-L-methionine + Thioredoxin disulfide + H2O <=> Peptide-L-methionine (R)-S-oxide + Thioredoxin
R07613	LL-2,6-diaminoheptanedioate:2-oxoglutarate aminotransferase	LL-2,6-Diaminoheptanedioate + 2-Oxoglutarate <=> 2,3,4,5-Tetrahydrodipicolinate + L-Glutamate + H2O
R07830	(2E,6E)-farnesyl-diphosphate diphosphate-lyase [(+)-epi-isozizaene-forming]	trans,trans-Farnesyl diphosphate <=> (+)-epi-Isozizaene + Diphosphate
R08057	GTP:GTP guanylyltransferase	2 GTP <=> 3',5'-Cyclic diGMP + 2 Diphosphate
R08165	2-succinyl-5-enolpyruvyl-6-hydroxy-3-cyclohexene-1-carboxylate synthase	Isochorismate + 2-Oxoglutarate <=> 2-Succinyl-5-enolpyruvyl-6-hydroxy-3-cyclohexene-1-carboxylate + CO2
R08166	2-succinyl-6-hydroxy-2,4-cyclohexadiene-1-carboxylate synthase	2-Succinyl-5-enolpyruvyl-6-hydroxy-3-cyclohexene-1-carboxylate <=> (1R,6R)-6-Hydroxy-2-succinylcyclohexa-2,4-diene-1-carboxylate + Pyruvate
R08200	R08200	3-Phosphonopyruvate + H2O <=> Pyruvate + Orthophosphate
R08547	S-adenosyl-L-methionine:L-tryptophan 2-C-methyltransferase	S-Adenosyl-L-methionine + L-Tryptophan <=> S-Adenosyl-L-homocysteine + L-2-Methyltryptophan
R08689	(E)-4-hydroxy-3-methylbut-2-en-1-yl-diphosphate:oxidized ferredoxin oxidoreductase (hydrating)	2-C-Methyl-D-erythritol 2,4-cyclodiphosphate + 2 Reduced ferredoxin <=> 1-Hydroxy-2-methyl-2-butenyl 4-diphosphate + H2O + 2 Oxidized ferredoxin
R08856	UDP-N-acetyl-D-glucosamine:undecaprenyl-phosphate N-acetyl-D-glucosamine phosphotransferase	UDP-N-acetyl-alpha-D-glucosamine + di-trans,poly-cis-Undecaprenyl phosphate <=> N-Acetyl-D-glucosaminyldiphosphoundecaprenol + UMP
R08991	cyclic bis(3->5')diguanylate 3-guanylylhydrolase	3',5'-Cyclic diGMP + H2O <=> 5'-Phosphoguanylyl(3'->5')guanosine
R09245	(2E,6E)-farnesyl-diphosphate:isopentenyl-diphosphate farnesyltranstransferase (adding 3 isopentenyl units)	trans,trans-Farnesyl diphosphate + 3 Isopentenyl diphosphate <=> all-trans-Hexaprenyl diphosphate + 3 Diphosphate
R09250	geranyl-diphosphate:isopentenyl-diphosphate transtransferase (adding 7 isopentenyl units)	Geranyl diphosphate + 7 Isopentenyl diphosphate <=> all-trans-Nonaprenyl diphosphate + 7 Diphosphate
R09251	geranylgeranyl-diphosphate:isopentenyl-diphosphate transtransferase (adding 5 isopentenyl units)	Geranylgeranyl diphosphate + 5 Isopentenyl diphosphate <=> all-trans-Nonaprenyl diphosphate + 5 Diphosphate
R09386	ATP:tRNA adenylyltransferase	tRNA with a 3' CC end + ATP <=> tRNA with a 3' CCA end + Diphosphate
R09541	Fe(II):NADP+ oxidoreductase	2 Fe2+ + NADP+ + H+ <=> 2 Fe3+ + NADPH
R09651	1-O-(2-acetamido-2-deoxy-alpha-D-glucopyranosyl)-1D-myo-inositol acetylhydrolase	1-O-(2-Acetamido-2-deoxy-alpha-D-glucopyranosyl)-1D-myo-inositol + H2O <=> 1-O-(2-Amino-2-deoxy-alpha-D-glucopyranosyl)-1D-myo-inositol + Acetate
R09662	flavin:NAD+ oxidoreductase	Reduced flavin + NAD+ <=> Flavin + NADH + H+
R09819	3-hydroxy-9,10-secoandrosta-1,3,5(10)-triene-9,17-dione,FMNH2:oxygen oxidoreductase	3-Hydroxy-9,10-secoandrosta-1,3,5(10)-triene-9,17-dione + Reduced FMN + Oxygen <=> 3,4-Dihydroxy-9,10-secoandrosta-1,3,5(10)-triene-9,17-dione + FMN + H2O
R09838	phenylacetyl-CoA:oxygen oxidoreductase (1,2-epoxidizing)	Phenylacetyl-CoA + Oxygen + NADPH + H+ <=> 2-(1,2-Epoxy-1,2-dihydrophenyl)acetyl-CoA + H2O + NADP+
R10523	S-adenosyl-L-methionine:L-histidine Nalpha-methyltransferase	S-Adenosyl-L-methionine + L-Histidine <=> S-Adenosyl-L-homocysteine + Nalpha-Methylhistidine
R10524	S-adenosyl-L-methionine:Nalpha-methyl-L-histidine Nalpha-methyltransferase	S-Adenosyl-L-methionine + Nalpha-Methylhistidine <=> S-Adenosyl-L-homocysteine + N,N-Dimethylhistidine
R10623	delta-tocotrienol lyase (decyclizing)	delta-Tocotrienol <=> 6-Geranylgeranyl-2-methylbenzene-1,4-diol
R10624	gamma-tocotrienol lyase (decyclizing)	gamma-Tocotrienol <=> 6-Geranylgeranyl-2,3-dimethylbenzene-1,4-diol
R12479	R12479	G10694 + 3 H2O <=> G00012 + 3 D-Mannose
R12777	2,3-dihydroxybenzoate:[aryl-carrier protein] ligase (AMP-forming)	ATP + 2,3-Dihydroxybenzoate + Aryl-carrier protein <=> AMP + Diphosphate + 2,3-Dihydroxybenzoyl-[aryl-carrier protein]
