environment	category	Z_alpha	Z_beta	n_genomes_used
Aquatic	0000049	-2.054810730882675	2.1670937325976554	595
Aquatic	0000160	-1.4996746243639536	1.8256754938937891	598
Aquatic	0000166	-1.7233503085656838	1.8019649618766427	598
Aquatic	0000287	-3.5114095605907703	3.4007107864273642	598
Aquatic	0000314	-1.1200968349130325	1.2345732245896248	598
Aquatic	0000315	-3.1221268335503813	3.0146583293794733	598
Aquatic	0001522	3.5766195819565607	-3.430696935269093	598
Aquatic	0002949	0.5850857758019804	-0.6048689348664816	598
Aquatic	0003676	3.313256921254934	-3.3317166590351777	598
Aquatic	0003677	0.05846610220985245	-0.39145534058522324	598
Aquatic	0003678	1.385543627770373	-1.337683672223376	598
Aquatic	0003684	1.6075619233503464	-1.761538054562409	597
Aquatic	0003697	1.3304260868979223	-1.3918418290653605	598
Aquatic	0003700	-0.6934663373817331	0.3615916179794838	598
Aquatic	0003723	0.7797433381085097	-0.7901659409231955	598
Aquatic	0003735	-0.30422312949731006	0.018206587762697526	598
Aquatic	0003743	-0.258424760257074	0.30781865645345535	598
Aquatic	0003746	-2.0704847954978907	2.186385359358408	598
Aquatic	0003755	2.1246934418018912	-1.9846594608471178	598
Aquatic	0003824	-10.908768824785502	11.251164787446438	598
Aquatic	0003887	2.0473492018357033	-2.2075170436665315	598
Aquatic	0003899	0.38344930362283386	-0.4053582438895694	598
Aquatic	0003918	3.743386397551285	-3.7311843631588655	598
Aquatic	0003922	-0.18585377900961073	0.05482255366109411	595
Aquatic	0003924	0.10863979153766247	-0.013324534269247856	598
Aquatic	0004045	1.3749143360730982	-1.459168916282154	597
Aquatic	0004140	-0.47016009688844934	0.4752626505097304	598
Aquatic	0004190	-1.9676293064333992	2.1327914767136997	598
Aquatic	0004222	0.26490012972078764	-0.06831000957941205	598
Aquatic	0004252	-1.4870819325526838	1.5877304540039385	598
Aquatic	0004386	4.070134885085504	-4.065638756335101	592
Aquatic	0004478	0.3441013192902813	-0.34862484143191247	595
Aquatic	0004479	-2.813902062113245	2.788555958703601	598
Aquatic	0004523	-2.7908181341346197	2.808155532544562	596
Aquatic	0004540	-2.8320004992510577	3.0207452769250414	598
Aquatic	0004595	-1.8432445624287959	1.8097163651723478	597
Aquatic	0004750	-2.044405719208942	1.9289091849547078	598
Aquatic	0004812	-0.6886020496360047	0.704907684609886	598
Aquatic	0004813	-1.2304363437100565	1.2152288126874533	595
Aquatic	0004814	0.44804001338934585	-0.4756796871239474	589
Aquatic	0004817	-0.7949099978471151	0.8337497467611401	598
Aquatic	0004818	-2.106588179324411	2.234125473017227	598
Aquatic	0004820	0.6299737308439795	-0.5159954588456371	592
Aquatic	0004821	-1.1706137814004705	1.1442887683695495	598
Aquatic	0004822	-0.5856858768797081	0.5634267567860841	593
Aquatic	0004823	-3.7821183290204328	3.6847247219137644	593
Aquatic	0004824	-1.3095695886099512	1.2682239355992118	598
Aquatic	0004825	-2.742991886453302	2.6531293813735988	595
Aquatic	0004826	0.07962411510093587	-0.1264322388492503	598
Aquatic	0004827	-3.417940142107286	3.2150272771598156	593
Aquatic	0004828	-1.196566095045213	1.0888033133788448	598
Aquatic	0004829	-1.1618481285135802	1.0654960976276695	598
Aquatic	0004830	-2.889080684264465	2.770521885926464	598
Aquatic	0004831	2.001709270050794	-1.9562665426901071	598
Aquatic	0004832	-3.8002017829699786	3.6798828356593387	595
Aquatic	0005515	-0.22176344927337782	0.6241061270801685	598
Aquatic	0005524	0.027821375045792136	-0.19011164486121854	598
Aquatic	0005525	-3.24585872896249	3.424531676825673	598
Aquatic	0005737	-0.0832857024196722	0.18085979670185778	598
Aquatic	0005840	-0.1989081265987612	-0.0311742490769549	598
Aquatic	0005886	-0.4998453777901562	0.5126151646237865	598
Aquatic	0005975	-2.3717171641529977	2.252475722524273	598
Aquatic	0006006	2.0730426136970266	-2.0036059903879626	597
Aquatic	0006096	1.7537587989899035	-1.9463947202461023	598
Aquatic	0006098	1.2420373980031318	-1.516305655804576	598
Aquatic	0006164	-3.027574693691054	2.9736559120073047	598
Aquatic	0006177	1.9403414336254223	-2.1143211729434492	595
Aquatic	0006221	-1.2837569491878082	1.1687011965266387	598
Aquatic	0006260	4.769821207580194	-4.89429832096467	598
Aquatic	0006265	2.1367496065733236	-2.1300208835571315	598
Aquatic	0006269	2.5704396512799588	-2.622957441870907	595
Aquatic	0006275	1.7405787688590775	-1.66617284657632	590
Aquatic	0006281	1.3267148865192342	-1.3961392864383098	598
Aquatic	0006289	-1.8764255426175835	1.967528145632676	598
Aquatic	0006310	5.792221704978144	-5.766963301317828	598
Aquatic	0006351	2.8772332150780833	-3.0059319243514664	598
Aquatic	0006353	-3.1393806977890453	3.3081966677889736	598
Aquatic	0006355	-1.2983836496067171	1.0289100243784892	598
Aquatic	0006364	2.5297322362622903	-2.494920767044237	598
Aquatic	0006396	-1.558175072379052	1.5804863195774792	598
Aquatic	0006400	1.5015838996086397	-1.2687872906560946	598
Aquatic	0006402	-0.47992015659910503	0.6620096214610098	598
Aquatic	0006412	-0.23579381309937886	-0.04639613884534064	598
Aquatic	0006413	-0.5094116940667063	0.54826299394602	598
Aquatic	0006414	-1.162616272454178	1.35187005860227	598
Aquatic	0006415	4.9985457042770545	-4.7575738166793125	598
Aquatic	0006418	-0.6951051012891171	0.6580464561007209	596
Aquatic	0006419	-1.3005203487022217	1.2858182103730935	595
Aquatic	0006420	0.44804001338934585	-0.4756796871239474	589
Aquatic	0006423	-0.7949099978471151	0.8337497467611401	598
Aquatic	0006424	-1.49680481107839	1.452890585718403	598
Aquatic	0006426	0.6299737308439795	-0.5159954588456371	592
Aquatic	0006427	-1.1706137814004705	1.1442887683695495	598
Aquatic	0006428	-0.5856858768797081	0.5634267567860841	593
Aquatic	0006429	-3.7821183290204328	3.6847247219137644	593
Aquatic	0006430	-1.3095695886099512	1.2682239355992118	598
Aquatic	0006431	-2.8075823754670597	2.7165252149755736	595
Aquatic	0006432	0.5955061975022874	-0.6120990140595213	598
Aquatic	0006433	-2.800659576108161	2.7033049537233933	593
Aquatic	0006434	-1.196566095045213	1.0888033133788448	598
Aquatic	0006435	-1.132293904089344	1.0193309213472093	598
Aquatic	0006436	-2.889080684264465	2.770521885926464	598
Aquatic	0006437	2.001709270050794	-1.9562665426901071	598
Aquatic	0006438	-3.8002017829699786	3.6798828356593387	595
Aquatic	0006457	-0.9758260216707192	1.2315871515377013	598
Aquatic	0006465	0.358332971956686	-0.44374748044745943	598
Aquatic	0006508	0.4802370864562696	-0.3336835158880686	598
Aquatic	0006520	2.272631690338239	-2.3632727590395177	598
Aquatic	0006556	0.3814568302754947	-0.38595481793126424	594
Aquatic	0006614	0.296059924913503	-0.306144460812861	596
Aquatic	0006633	-4.110936856834177	4.441977506938893	598
Aquatic	0007165	-2.1269969155894803	2.339521226107404	597
Aquatic	0008033	-1.0163663039051283	1.3198846164875877	598
Aquatic	0008080	5.034870159838868	-5.251585332766674	595
Aquatic	0008094	-1.3908502527799467	1.2874604650042085	594
Aquatic	0008152	-4.453953580208199	4.333475351412098	598
Aquatic	0008168	-3.3609409652918547	3.542697794362728	598
Aquatic	0008173	-1.4824460687550114	1.3463279182250314	591
Aquatic	0008233	1.0281485837447724	-0.9408512122019914	596
Aquatic	0008270	-1.405426767649407	1.3581302997232545	598
Aquatic	0008299	-6.462995535349704	6.461016883780756	598
Aquatic	0008324	-0.1386531087352149	0.0749026553517693	595
Aquatic	0008360	0.11652989531200844	0.11850279821791901	589
Aquatic	0008408	4.059059083309839	-4.147172172205655	598
Aquatic	0008649	3.9004290045118934	-3.764537462544141	585
Aquatic	0008654	-4.195568690278792	4.174920855341265	597
Aquatic	0008658	-1.4664007634588587	1.3585587854704162	589
Aquatic	0008757	-3.3807448373762794	3.4029422108571237	598
Aquatic	0009055	-5.538989083626355	5.842867831033805	598
Aquatic	0009058	-5.915167703390925	5.988110380358816	598
Aquatic	0009116	1.5036857212437762	-1.6721393161193305	593
Aquatic	0009152	-2.0323599141281146	2.085510023761627	597
Aquatic	0009228	-2.440212283330425	2.4324558616064476	595
Aquatic	0009252	-5.0858289795930265	5.009893050056103	598
Aquatic	0009306	-1.7691774556876179	1.8124934335010823	598
Aquatic	0009360	0.18248466428507826	-0.19329897951286443	598
Aquatic	0009378	-0.6569339324846393	0.7223013266939353	595
Aquatic	0009380	-2.0306353764956535	2.0112669497362488	597
Aquatic	0009435	-6.892850672582887	7.026456276142604	598
Aquatic	0009451	1.1616839023996883	-1.0175550907715791	598
Aquatic	0009982	3.822204674646996	-3.6889675237899904	598
Aquatic	0010181	-0.9596071622637061	0.6687793088046328	598
Aquatic	0015031	0.46451428177539084	-0.1874428302009865	598
Aquatic	0015035	-1.8220901572896406	1.9893093093845107	594
Aquatic	0015136	1.3328690589747745	-1.3555991128440525	597
Aquatic	0015450	-4.438948411159245	4.5439042491182295	598
Aquatic	0015739	1.3328690589747745	-1.3555991128440525	597
Aquatic	0015934	-0.1222308444758035	-0.10805615395462255	598
Aquatic	0015935	1.4572902402814234	-1.4270766592615474	598
Aquatic	0015937	0.06324399737314469	-0.45315381224102746	598
Aquatic	0015949	-1.2640234930745524	1.2149871078950185	595
Aquatic	0016020	0.6452419751115274	-0.6015729639445996	598
Aquatic	0016149	3.2244943470794407	-2.9442897045046474	598
Aquatic	0016226	1.0529572243274723	-1.0147342172354439	596
Aquatic	0016301	-0.38060307149694683	0.22758912038360427	596
Aquatic	0016310	-0.9369721033501469	0.855389542859393	598
Aquatic	0016434	1.885285452239241	-1.844580165114205	598
Aquatic	0016462	-0.3884538552397834	0.4508698635509312	595
Aquatic	0016491	-5.8228896992354455	5.790853252608816	598
Aquatic	0016620	-0.39072136283019154	0.5008387765542558	598
Aquatic	0016740	-5.052056417060924	5.2098862911462245	598
Aquatic	0016746	3.8401942451006996	-4.0063599708971935	598
Aquatic	0016757	-3.2601238904546714	3.4382939312102696	598
Aquatic	0016787	-1.6955859370818311	1.595866241590475	598
Aquatic	0016853	-3.0467337916989647	3.0673224208783196	598
Aquatic	0016874	-3.5708452470437106	3.6949687277361387	598
Aquatic	0016879	-1.3054781108259201	1.1803070896371608	593
Aquatic	0016887	0.14804603260767765	-0.2926281290839077	598
Aquatic	0016987	-3.31940074003145	3.4433503730687467	598
Aquatic	0019843	-0.47458822565846975	0.46868596924840056	598
Aquatic	0022625	-2.9986688369994754	2.8794003213791477	598
Aquatic	0022627	-1.4935155560368145	1.6602857315536297	598
Aquatic	0022857	-1.2016876001255266	1.1321781135150764	598
Aquatic	0030170	-4.707484791293013	4.5716558991350995	598
Aquatic	0031167	-0.7290050736942056	0.6477040422749306	594
Aquatic	0032784	-0.9712087343960171	0.9761294975626282	598
Aquatic	0033862	-0.6845832753963901	0.6352016103650845	590
Aquatic	0036211	-2.6989710226797095	2.908783260262111	598
Aquatic	0042026	1.2829540011621647	-1.3783064189542027	598
Aquatic	0042254	4.771544868698562	-4.583581928275746	598
Aquatic	0042586	-1.7810215888399894	1.6209141761548616	594
Aquatic	0042626	-0.3956691727576672	0.12573747409827582	598
Aquatic	0043022	0.7813539148865073	-0.674895242604265	598
Aquatic	0043190	-0.4393583033610066	0.33980181028852413	598
Aquatic	0043952	-4.065975542526654	4.144256942424118	598
Aquatic	0046872	-4.714079243374998	4.900167462221144	598
Aquatic	0050660	-4.689410234491982	4.693446665369567	598
Aquatic	0050661	-1.4376016282607305	1.3857814074680181	598
Aquatic	0051082	1.2934215229873156	-1.1480831264783786	596
Aquatic	0051287	-6.286291731306777	6.3780438779442585	598
Aquatic	0051301	-3.463452018021619	3.3785710524911274	598
Aquatic	0051539	-11.531530247963397	11.888025105497452	598
Aquatic	0052381	1.567391642468797	-1.6120185085393248	596
Aquatic	0055052	0.32604351530449766	-0.5286672634006103	598
Aquatic	0055085	-3.219667068039659	3.0806624748313323	598
Aquatic	0070006	1.4277425059475708	-1.5349961278311004	598
Aquatic	0071949	-1.9792921770308372	1.8722471004216892	597
Aquatic	0071951	-2.8295028478564963	2.803799534104499	597
Aquatic	0140359	-0.5154781570117279	0.2646676264403322	598
Aquatic	0140662	2.685846808692198	-2.675922826883338	598
Terrestrial	0000049	-5.1695105215625565	5.201404731684048	478
Terrestrial	0000160	-5.26826096786249	5.369927625022223	479
Terrestrial	0000166	-1.08668013912421	1.1588737802335638	479
Terrestrial	0000287	-1.704581663402013	1.6907846031965945	479
Terrestrial	0000311	0.27406461331657844	-0.24784229153413478	479
Terrestrial	0000314	0.7411141646566676	-0.8099002429647081	479
Terrestrial	0000315	1.6257217250606613	-1.4641547830617945	479
Terrestrial	0001522	-5.733089721867367	5.519427697096342	479
Terrestrial	0002949	-0.17305809025543853	0.11558228709220017	479
Terrestrial	0003676	0.6344822842973203	-0.5716511207393378	479
Terrestrial	0003677	3.8416099569506046	-3.759064162186199	479
Terrestrial	0003678	-0.16742416937003318	0.1514544235424619	479
Terrestrial	0003684	-3.0291039490413714	3.024874758028904	479
Terrestrial	0003697	-3.3650857545375144	3.3754376018373176	479
Terrestrial	0003700	-0.3297308276109973	0.3758734884381628	479
Terrestrial	0003723	-2.7217149687854802	2.6671700817037065	479
Terrestrial	0003735	5.71975561825902	-5.661636666099713	479
Terrestrial	0003743	0.3696454794070126	-0.37128993108740366	479
Terrestrial	0003746	0.8389856445221818	-0.9102467952112521	479
Terrestrial	0003755	-3.4981848555200123	3.4812706071019157	479
Terrestrial	0003824	-6.367837615146949	6.507325761808966	479
Terrestrial	0003887	-1.5401577619698552	1.5049733809488073	479
Terrestrial	0003899	1.689595176463223	-1.6690388829689455	479
Terrestrial	0003918	-2.2025574241725443	2.12709988580494	479
Terrestrial	0003922	-0.08020373229837763	-0.10232302157781376	479
Terrestrial	0003924	2.5780986654829494	-2.6036071227164177	479
Terrestrial	0004045	6.640436211855047	-6.616104846428875	479
Terrestrial	0004190	-4.801481518985737	4.695970494765868	478
Terrestrial	0004222	1.8921119432308755	-1.7655071538667297	479
Terrestrial	0004252	2.5394315281909337	-2.353542298920166	479
Terrestrial	0004386	1.1291573171455571	-1.053157169716531	478
Terrestrial	0004478	2.359843258328717	-2.3639135508061817	479
Terrestrial	0004479	5.910957613666864	-5.825545933582756	479
Terrestrial	0004523	1.0476907935882542	-0.9274902177052228	478
Terrestrial	0004540	-3.7278491624186247	3.795894610597038	479
Terrestrial	0004595	2.591492667362982	-2.5491137877154983	477
Terrestrial	0004750	-0.6394890154927831	0.569652129487017	479
Terrestrial	0004812	0.406228668951641	-0.4129771037583154	478
Terrestrial	0004813	0.5853039004967804	-0.5623583682995772	479
Terrestrial	0004814	0.8437658872168693	-0.775403082245582	470
Terrestrial	0004817	2.0409268964285667	-2.053801994484918	479
Terrestrial	0004818	-0.5425852347463848	0.5900601714186743	479
Terrestrial	0004820	-4.330233897117925	4.216446238852078	479
Terrestrial	0004821	0.43952444997484513	-0.4218066644420565	479
Terrestrial	0004822	2.2446921881169852	-2.1828378531675416	479
Terrestrial	0004823	-0.19996882479454614	0.13066730693576034	476
Terrestrial	0004824	0.6308155749019357	-0.6626432811999864	476
Terrestrial	0004825	1.2579965482536672	-1.314804908404273	478
Terrestrial	0004826	-1.1991407982424929	1.2050587199420422	479
Terrestrial	0004827	2.7733284156221747	-2.8007345140614244	474
Terrestrial	0004828	1.7765412590551466	-1.7120769214766696	479
Terrestrial	0004829	4.110131825557151	-4.0400163674858875	479
Terrestrial	0004830	7.165868464574998	-7.095495835796303	479
Terrestrial	0004831	-1.3568872407991268	1.3023971342411405	479
Terrestrial	0004832	4.357077330823683	-4.266541259277366	476
Terrestrial	0005048	0.14509569398200733	-0.132528992475443	479
Terrestrial	0005515	-4.049008381418173	4.006565517367665	479
Terrestrial	0005524	4.10929831001078	-4.030124629083153	479
Terrestrial	0005525	-2.90678895416874	2.868304290416245	479
Terrestrial	0005737	-2.926905557419551	2.7247858554259823	479
Terrestrial	0005840	6.761044958294451	-6.72695411203497	479
Terrestrial	0005886	-5.31512212166281	5.257257095766992	479
Terrestrial	0005975	1.8004283260231544	-1.7127278782989805	479
Terrestrial	0006006	-3.135765172182444	3.1698370813293297	479
Terrestrial	0006096	0.660702749871836	-0.6485860622677614	479
Terrestrial	0006098	0.27179088655165035	-0.1670184335383898	479
Terrestrial	0006164	-1.7160022905536765	1.832627020083115	479
Terrestrial	0006177	1.841280537162466	-1.9248588567262424	479
Terrestrial	0006221	2.085818873987477	-1.9802408687890984	479
Terrestrial	0006260	0.19457091036011614	-0.24470534526466653	479
Terrestrial	0006265	-4.2975628023814085	4.200891213452111	479
Terrestrial	0006269	-1.1344579656197218	1.124515399899152	479
Terrestrial	0006275	-2.3145029000250443	2.3123667137609396	479
Terrestrial	0006281	-4.5819207114263545	4.588192041540478	479
Terrestrial	0006289	1.0434649498307116	-0.9720006080076716	479
Terrestrial	0006310	-4.718555699151869	4.554535692059012	479
Terrestrial	0006351	-0.9009942737790454	0.7404403533573	479
Terrestrial	0006353	-0.46379695615944216	0.5258938997544229	479
Terrestrial	0006355	-0.018102183146263735	0.05801344221211102	479
Terrestrial	0006364	-4.201617632678916	3.9766608855364933	479
Terrestrial	0006396	-0.3364781689814476	0.3240201874814362	479
Terrestrial	0006400	-4.681368844844183	4.425200996430588	479
Terrestrial	0006402	-4.624978224622756	4.630393678747092	479
Terrestrial	0006412	7.728183390091488	-7.527438471887629	479
Terrestrial	0006413	0.48195907427193835	-0.48114335900746047	479
Terrestrial	0006414	1.341803452604942	-1.4061830393450994	479
Terrestrial	0006415	-7.5377806248705115	7.353806100090162	479
Terrestrial	0006418	2.4182151740704305	-2.2888108958329516	478
Terrestrial	0006419	0.6092286159683453	-0.5884562789980787	479
Terrestrial	0006420	0.8437658872168693	-0.775403082245582	470
Terrestrial	0006423	2.0409268964285667	-2.053801994484918	479
Terrestrial	0006424	0.6570349359059756	-0.2753151766200024	479
Terrestrial	0006426	-4.330233897117925	4.216446238852078	479
Terrestrial	0006427	0.43952444997484513	-0.4218066644420565	479
Terrestrial	0006428	2.2446921881169852	-2.1828378531675416	479
Terrestrial	0006429	-0.19996882479454614	0.13066730693576034	476
Terrestrial	0006430	0.6308155749019357	-0.6626432811999864	476
Terrestrial	0006431	1.4947931891761945	-1.5512173048453217	478
Terrestrial	0006432	-4.107568563593183	4.162282208913439	479
Terrestrial	0006433	3.9007286864473714	-3.81490934319258	474
Terrestrial	0006434	1.7765412590551466	-1.7120769214766696	479
Terrestrial	0006435	4.097304379834247	-4.022741891507297	479
Terrestrial	0006436	7.165868464574998	-7.095495835796303	479
Terrestrial	0006437	-1.3568872407991268	1.3023971342411405	479
Terrestrial	0006438	4.357077330823683	-4.266541259277366	476
Terrestrial	0006457	-1.5710361492397829	1.4496750531326588	479
Terrestrial	0006465	2.160737620248811	-2.022109416912687	479
Terrestrial	0006508	0.7175389822388151	-0.6031317605279507	479
Terrestrial	0006520	-3.5815966487838646	3.510614859173255	479
Terrestrial	0006556	2.3723863237130027	-2.3810436466310696	479
Terrestrial	0006633	-0.9072858760694249	0.9045206684394892	477
Terrestrial	0007165	-3.9846256373764337	3.9699636364912836	479
Terrestrial	0008033	-6.891350591842191	6.8101474393798735	479
Terrestrial	0008080	-1.285847376607144	1.345159501149333	479
Terrestrial	0008094	3.0910202000445097	-3.0462020626512634	477
Terrestrial	0008152	-0.3474933820575576	0.33267844643566513	479
Terrestrial	0008168	-0.2668347501972148	0.37039868247909646	479
Terrestrial	0008173	2.0199082757921474	-1.9879884207467844	479
Terrestrial	0008233	-1.9198522054049432	1.9652357835627792	479
Terrestrial	0008270	-0.09089862446303008	0.2731930934922734	479
Terrestrial	0008299	2.628004554363641	-2.4401653845650033	479
Terrestrial	0008324	-1.9833341913471898	2.0022757671435993	478
Terrestrial	0008360	2.745804562390536	-2.610774017650632	479
Terrestrial	0008408	-2.9686658352223296	2.8650624969510785	479
Terrestrial	0008649	-3.1766062701230107	2.9818688434972414	479
Terrestrial	0008654	0.793002897634148	-0.6815295954965636	479
Terrestrial	0008658	3.040564151167789	-2.9366990316178883	479
Terrestrial	0008757	1.8524968837586147	-1.7480675588164518	479
Terrestrial	0009055	-5.342449893055185	5.325944304785997	479
Terrestrial	0009058	2.6162024683462732	-2.5362073485177303	479
Terrestrial	0009116	-2.2157074709568803	2.2535466964028164	479
Terrestrial	0009152	-4.990273997723791	4.867173533733633	479
Terrestrial	0009228	-1.1786647541376964	1.1074065703170668	478
Terrestrial	0009252	1.6705952437275327	-1.5139981819836765	479
Terrestrial	0009306	1.3908186858505147	-1.351621066826561	479
Terrestrial	0009360	3.1643963087304527	-3.032322302004913	479
Terrestrial	0009378	-0.4033846122402055	0.4299949285909587	478
Terrestrial	0009379	1.8432575114838254	-1.8033817849241545	478
Terrestrial	0009380	0.9152137924857012	-0.8064606509806563	479
Terrestrial	0009435	-3.3152358478597135	3.401151569830571	479
Terrestrial	0009451	-4.461429606402124	4.398991640121176	479
Terrestrial	0009982	-5.226065393843254	4.997060180308352	479
Terrestrial	0010181	-0.5338524695334074	0.5237375546344379	479
Terrestrial	0015031	-5.140131078392588	4.984325835401079	479
Terrestrial	0015035	-2.2915566009106847	2.311480735526861	478
Terrestrial	0015136	-0.6579538165523303	0.687585870741941	478
Terrestrial	0015450	3.212875578928729	-3.0863854055924516	479
Terrestrial	0015739	-0.6579538165523303	0.687585870741941	478
Terrestrial	0015934	2.7822979931234024	-2.670029250593309	479
Terrestrial	0015935	2.804400943809695	-2.705845014380501	479
Terrestrial	0015937	2.978456759234009	-2.9940381421529176	479
Terrestrial	0015949	0.6483192313672992	-0.655235474547371	479
Terrestrial	0016020	-5.8814529760742404	5.792003151630503	479
Terrestrial	0016149	-6.050768957907856	5.917309610719176	479
Terrestrial	0016226	-2.6379293532228694	2.5700865993224546	478
Terrestrial	0016301	3.199527217772678	-3.1115872559869633	477
Terrestrial	0016310	0.06134853136405966	-0.0714035288760829	479
Terrestrial	0016434	-1.5024002490329968	1.4924422362390206	479
Terrestrial	0016462	-3.3066117022949246	3.087865437203948	479
Terrestrial	0016491	-4.180534779089869	4.382215369468715	479
Terrestrial	0016620	-0.06776037628427616	-0.07775164945185223	479
Terrestrial	0016740	-0.7576580195376603	0.7558745789022279	479
Terrestrial	0016746	-1.1338222302737921	1.245200605996499	479
Terrestrial	0016757	-2.565916503479034	2.760313147924699	479
Terrestrial	0016787	1.9644275125368105	-1.7475071466603211	479
Terrestrial	0016853	-3.2050463760061585	3.2451748481070237	478
Terrestrial	0016874	0.75059513320072	-0.6294202733660325	479
Terrestrial	0016879	4.936910727445304	-4.793129982428638	477
Terrestrial	0016887	1.7983001249969675	-1.7304920120014349	479
Terrestrial	0016987	-0.5935188898580293	0.8172603287840355	479
Terrestrial	0019843	1.1578350451578048	-0.9770672528529292	479
Terrestrial	0022625	1.1364746095994205	-0.9880769854569716	479
Terrestrial	0022627	-0.5092392542760916	0.46967697617620585	479
Terrestrial	0022857	-3.6413225878965236	3.6351616938570674	479
Terrestrial	0030170	0.7729324422120886	-0.7427506155630639	479
Terrestrial	0031167	-0.6363543329861776	0.4697502512016766	478
Terrestrial	0032784	-6.9823940908353865	6.876947862211073	479
Terrestrial	0033862	0.6434982929414965	-0.636776977335885	479
Terrestrial	0036211	-2.2952186086295265	2.192726469660697	479
Terrestrial	0042026	2.605733516519462	-2.6500059847676773	479
Terrestrial	0042254	-4.335677103708911	4.17001718860944	479
Terrestrial	0042586	2.937744240606938	-2.8141425324689253	479
Terrestrial	0042626	2.767238655963276	-2.706530375809709	479
Terrestrial	0043022	-3.06536261558058	2.917705886996884	479
Terrestrial	0043190	-1.1323186159842025	1.1128863932274473	479
Terrestrial	0043952	3.435822517816792	-3.285670174554644	479
Terrestrial	0046872	-2.6132494862640088	2.7516408035742934	479
Terrestrial	0048501	0.14509569398200733	-0.132528992475443	479
Terrestrial	0050660	-1.7039438325206906	1.7477075416021395	479
Terrestrial	0050661	-3.1260866329031654	3.220915965498398	479
Terrestrial	0051082	-0.8527120660483161	0.6766307968165198	479
Terrestrial	0051287	-5.559565123971721	5.508900537680596	479
Terrestrial	0051301	-1.0578348144824248	1.200115562448552	479
Terrestrial	0051539	-2.4432031665733334	2.4267710828101112	479
Terrestrial	0052381	-0.7148324136184714	0.686419743577374	479
Terrestrial	0052906	0.3259582174324216	-0.3077199956455541	478
Terrestrial	0055052	0.570948425083596	-0.5563411693794958	478
Terrestrial	0055085	-2.0428495377820695	2.051865570326934	479
Terrestrial	0070006	-1.1328519656428655	1.2175844984983548	479
Terrestrial	0071949	1.7518415779005863	-1.6247295402529849	479
Terrestrial	0071951	5.956345941610952	-5.870457178808255	478
Terrestrial	0140359	2.386350876078337	-2.3283391960257798	479
Terrestrial	0140662	0.7755121839774599	-0.9758998024821364	479
Mammals: Human	0000049	0.2344588017232104	-0.45044304227225695	404
Mammals: Human	0000160	-4.386672759485713	3.9845514839116882	406
Mammals: Human	0000166	-3.5041595832510284	3.139613020730922	406
Mammals: Human	0000287	4.220825183953506	-4.165849637216974	406
Mammals: Human	0000314	-0.04524497729934085	-0.10385374901896523	406
Mammals: Human	0000315	1.4525016261067085	-1.2896414358437276	406
Mammals: Human	0001522	4.491493146079896	-4.488412723263142	406
Mammals: Human	0002949	3.3069950118122335	-3.092332032590231	406
Mammals: Human	0003676	-0.8837505645368801	0.8273046472819715	406
Mammals: Human	0003677	-0.7786815305236241	0.9883669434912912	406
Mammals: Human	0003678	-1.57424184075072	1.4841634727420328	406
Mammals: Human	0003684	2.432801914331865	-2.395694232055465	406
Mammals: Human	0003697	0.6553252380835485	-0.72839464497882	406
Mammals: Human	0003700	1.0097797290642152	-0.7988390583573016	406
Mammals: Human	0003723	2.0743610926786094	-2.127293755420758	406
Mammals: Human	0003735	-1.7847880610703921	1.9087451918403622	406
Mammals: Human	0003743	-4.4764930132772145	4.192825282583082	406
Mammals: Human	0003746	2.555795401250933	-2.5619585884126517	406
Mammals: Human	0003755	0.20527291969855507	-0.32395503975065776	406
Mammals: Human	0003824	3.8065745446770807	-4.162742900660743	406
Mammals: Human	0003887	-1.482830460691239	1.4625193407458208	406
Mammals: Human	0003899	-0.8346313302017188	0.6782836708456513	406
Mammals: Human	0003918	-2.5509336760291474	2.3519806160109185	406
Mammals: Human	0003922	2.604440322510605	-2.413355978359831	404
Mammals: Human	0003924	-2.7247937462466916	2.6002549267320454	406
Mammals: Human	0004045	-0.8371815746391419	1.207601543702302	405
Mammals: Human	0004140	-0.8702188980510707	0.888582718688097	402
Mammals: Human	0004190	1.9761697684313275	-2.0510035742853274	406
Mammals: Human	0004222	-1.4509201952514803	1.2064745353184945	406
Mammals: Human	0004252	-4.713784521031175	4.4598562262739465	406
Mammals: Human	0004386	-1.1340323042579827	1.175009911464839	404
Mammals: Human	0004478	-2.2720104641427015	2.2866567191374636	406
Mammals: Human	0004479	-3.335546223356552	3.310357772197403	406
Mammals: Human	0004523	-1.8155296147784177	1.4806592312949454	406
Mammals: Human	0004540	0.2188904407368769	-0.4473171455837102	406
Mammals: Human	0004595	-1.457350271655346	1.441519210382292	405
Mammals: Human	0004750	0.652643817273706	-0.5528859369730735	403
Mammals: Human	0004812	-1.730972302188188	1.7317895597326367	406
Mammals: Human	0004813	-3.4389424657855088	3.2799248514520483	403
Mammals: Human	0004814	-3.029818810372649	2.867090296563424	406
Mammals: Human	0004817	-1.553465292457864	1.4138845401570077	402
Mammals: Human	0004818	-0.29477312368006026	-0.058419421126425716	406
Mammals: Human	0004820	-0.6217894699282205	0.41024969039940284	404
Mammals: Human	0004821	1.4329587528845948	-1.3717472941402715	406
Mammals: Human	0004822	-0.3998401969481264	0.42816965162804466	399
Mammals: Human	0004823	-1.376129603585938	1.3860389375776763	401
Mammals: Human	0004824	2.1627891541233426	-2.0638211456957594	403
Mammals: Human	0004825	-2.9454331220990904	2.907817350181631	406
Mammals: Human	0004826	1.5968611625895777	-1.6041159632318343	406
Mammals: Human	0004827	2.2684396733223458	-2.0629668933758545	406
Mammals: Human	0004828	-3.981655747563981	3.8809240796197897	406
Mammals: Human	0004829	-4.18802441829328	4.08549514299945	406
Mammals: Human	0004830	-1.9790759371832545	2.0638853515737723	406
Mammals: Human	0004831	0.886472519346192	-0.8807344828712227	406
Mammals: Human	0004832	-6.058796252729948	5.9797556513437256	404
Mammals: Human	0005515	-0.7035505297746321	0.3043982850399651	406
Mammals: Human	0005524	-8.024710872676371	7.881291535106859	406
Mammals: Human	0005525	-1.4745044262344964	1.1031502814661995	406
Mammals: Human	0005737	1.3213172012368082	-1.3671413170968847	406
Mammals: Human	0005840	-0.1448837829024678	0.36069802104942383	406
Mammals: Human	0005886	1.0524330414129734	-1.2445263069911014	406
Mammals: Human	0005975	-1.622757769001366	1.656897617956898	406
Mammals: Human	0006006	0.33783234932290546	-0.5199912824013817	406
Mammals: Human	0006096	0.7352911272736813	-0.48831777809908045	406
Mammals: Human	0006098	0.04749144134697009	0.017321187804337952	406
Mammals: Human	0006164	-1.144795910743196	1.113802847378167	405
Mammals: Human	0006177	2.3641831311653307	-2.2142230355732977	404
Mammals: Human	0006221	-3.125392399360217	3.1619943472884766	406
Mammals: Human	0006260	-2.708750604801927	2.7284512710422875	406
Mammals: Human	0006265	1.1421272223505494	-1.1896440455749202	406
Mammals: Human	0006269	-0.632482348095317	0.6727849337763534	406
Mammals: Human	0006275	-2.2820748670782844	2.061180825530187	396
Mammals: Human	0006281	3.3944718142911086	-3.403527018514241	406
Mammals: Human	0006289	-1.0685163514510612	0.9585910308230011	406
Mammals: Human	0006310	2.650628956775129	-2.5241370424151275	406
Mammals: Human	0006351	0.09433851736738409	-0.052200359298977525	406
Mammals: Human	0006353	-1.6853661503495245	1.4924125868856923	405
Mammals: Human	0006355	1.8660109644010299	-1.7110248429302477	406
Mammals: Human	0006364	3.3234637711090627	-3.2526515195731123	406
Mammals: Human	0006396	2.3764533465070286	-2.428467748831675	406
Mammals: Human	0006400	1.9695613271967134	-2.0184489946499395	406
Mammals: Human	0006402	-0.2618815357873616	-0.04211872888618739	405
Mammals: Human	0006412	-5.07247337213252	5.128910360055596	406
Mammals: Human	0006413	-4.443175969580321	4.170085866586052	406
Mammals: Human	0006414	1.84544021906209	-1.8569761590312968	406
Mammals: Human	0006415	-0.7851867929045213	0.5795793167261039	406
Mammals: Human	0006418	-4.693983516140345	4.6208630199803435	405
Mammals: Human	0006419	-3.3936027089477854	3.22888345694357	403
Mammals: Human	0006420	-3.029818810372649	2.867090296563424	406
Mammals: Human	0006423	-1.553465292457864	1.4138845401570077	402
Mammals: Human	0006424	-5.712881416700859	5.425676394448013	406
Mammals: Human	0006426	-0.6217894699282205	0.41024969039940284	404
Mammals: Human	0006427	1.4329587528845948	-1.3717472941402715	406
Mammals: Human	0006428	-0.3998401969481264	0.42816965162804466	399
Mammals: Human	0006429	-1.376129603585938	1.3860389375776763	401
Mammals: Human	0006430	2.1627891541233426	-2.0638211456957594	403
Mammals: Human	0006431	-3.0794064860130397	3.041507159336349	406
Mammals: Human	0006432	1.8171768313896421	-1.8250273123815641	406
Mammals: Human	0006433	-3.780445674055703	3.739367550907361	406
Mammals: Human	0006434	-3.981655747563981	3.8809240796197897	406
Mammals: Human	0006435	-4.233837104249472	4.1412869984806315	406
Mammals: Human	0006436	-1.9790759371832545	2.0638853515737723	406
Mammals: Human	0006437	0.886472519346192	-0.8807344828712227	406
Mammals: Human	0006438	-6.058796252729948	5.9797556513437256	404
Mammals: Human	0006457	-0.15402903347558786	-0.12480637295511465	406
Mammals: Human	0006465	-2.290516648406579	2.276385562825334	405
Mammals: Human	0006508	-4.232517603709334	3.9538090305540097	406
Mammals: Human	0006520	0.09711669183080154	-0.05336229387426042	402
Mammals: Human	0006556	-2.282225648676724	2.296301612802014	406
Mammals: Human	0006614	-0.055327990647637465	-0.025818788712465898	406
Mammals: Human	0006633	2.4319664908854137	-2.7449629828373787	402
Mammals: Human	0007165	-0.9407131115230386	0.6078354229596381	398
Mammals: Human	0008033	-0.01905822569230704	-0.3203558767739063	406
Mammals: Human	0008080	-3.021292680545032	3.0635905364660228	401
Mammals: Human	0008094	-0.5654967003888064	0.6188806402681781	396
Mammals: Human	0008152	4.2459316693196865	-4.142779241503902	406
Mammals: Human	0008168	-0.3964089531136511	0.22026898311799567	406
Mammals: Human	0008173	1.8056895066124696	-1.6277523173339652	403
Mammals: Human	0008233	0.29367466990379015	-0.4209685082475676	402
Mammals: Human	0008270	-1.0643864840294663	0.9872910179400461	406
Mammals: Human	0008299	1.8075241394246178	-1.981425893534602	404
Mammals: Human	0008324	2.841018978982987	-2.763176348547673	401
Mammals: Human	0008360	-3.597903823361562	3.3283129480120657	404
Mammals: Human	0008408	-0.25850003666956783	0.31930026970210335	406
Mammals: Human	0008649	3.2523950606132206	-3.1225727184064667	405
Mammals: Human	0008654	1.9280634774099117	-1.9818435245683967	406
Mammals: Human	0008658	-1.5073422503937746	1.503485743337346	404
Mammals: Human	0008757	-0.0961579963803803	0.020216746636581236	406
Mammals: Human	0009055	4.322358161160562	-4.590918071572069	397
Mammals: Human	0009058	1.205695928508188	-1.3426383783115177	406
Mammals: Human	0009116	-1.8720511013441945	1.9299792687862116	405
Mammals: Human	0009152	7.362596107142393	-7.236366644199642	405
Mammals: Human	0009228	5.128326966446935	-5.005516115445127	401
Mammals: Human	0009252	-5.8800644637785195	5.708042063111355	404
Mammals: Human	0009306	4.351300409079864	-4.2350022910358005	406
Mammals: Human	0009360	-1.3423145545906656	1.401117855022809	406
Mammals: Human	0009378	-2.684033192657049	2.7058419962814027	406
Mammals: Human	0009379	-2.2016661689817925	2.220943907571183	404
Mammals: Human	0009380	-1.6055288926616897	1.4748775541518224	404
Mammals: Human	0009435	1.6436865143208117	-1.706765162969106	404
Mammals: Human	0009451	2.195022115052949	-2.329493654848694	406
Mammals: Human	0009982	4.162207183293987	-4.1193129178897285	406
Mammals: Human	0010181	1.733098419273292	-1.6426477024186459	405
Mammals: Human	0015031	-1.1249032902825438	0.8094708985396125	406
Mammals: Human	0015035	2.6098015984176435	-2.847404136134919	403
Mammals: Human	0015136	-0.506945901830011	0.4897677313120027	396
Mammals: Human	0015450	0.7673949878212805	-1.0032219521135481	406
Mammals: Human	0015739	-0.506945901830011	0.4897677313120027	396
Mammals: Human	0015934	-3.3454987029597136	3.57335394428385	406
Mammals: Human	0015935	-1.0205821430676623	1.0145184649516348	406
Mammals: Human	0015937	0.6364024715036387	-0.3805222871635184	406
Mammals: Human	0015949	1.5665806545249727	-1.4723767027397223	406
Mammals: Human	0016020	1.1625218745322614	-1.3663425336859656	406
Mammals: Human	0016149	-1.5774672452383787	1.3315397114282688	406
Mammals: Human	0016226	-0.10994724396878446	-0.011527082566084685	397
Mammals: Human	0016301	-1.7831796339342285	1.86044542165526	395
Mammals: Human	0016310	0.2562972902763827	-0.2371189763875365	401
Mammals: Human	0016434	0.6073713822936762	-0.5069530577365284	406
Mammals: Human	0016462	5.0193306241056685	-4.82827691732001	404
Mammals: Human	0016491	4.104225875084886	-4.3368158676457	406
Mammals: Human	0016620	2.1841892238960963	-2.147871050840816	406
Mammals: Human	0016740	0.16234257006638705	-0.26911595559424334	406
Mammals: Human	0016746	-1.1017416809065408	1.1090045622614477	404
Mammals: Human	0016757	-1.2464633712516586	0.8992718669803357	405
Mammals: Human	0016787	-1.9339763344415482	1.8037600933954265	406
Mammals: Human	0016853	-0.33897923606995767	0.037684234233890085	397
Mammals: Human	0016874	-0.02731405755440532	-0.058949863990519026	406
Mammals: Human	0016879	-0.34991816749066434	0.5139064889587673	404
Mammals: Human	0016887	-8.265205698728945	8.07538439350985	406
Mammals: Human	0016987	-1.444385406087547	1.187822696274611	405
Mammals: Human	0019843	-4.319748185106325	4.082007776151276	406
Mammals: Human	0022625	-0.0034823835457342615	0.1377814609535322	406
Mammals: Human	0022627	0.11999641262421892	-0.328583934368182	406
Mammals: Human	0022857	0.10929952657659579	-0.3134181945808005	406
Mammals: Human	0030170	0.20765654266869213	-0.19816539588317622	406
Mammals: Human	0031167	3.746611231056233	-3.5450614953447253	406
Mammals: Human	0032784	4.944523957926986	-5.040033472323591	405
Mammals: Human	0033862	-1.7047213939567398	1.6650014383330176	403
Mammals: Human	0036211	3.493166843539024	-3.6037769514147473	406
Mammals: Human	0042026	-1.7713554260033864	1.9276911987847523	404
Mammals: Human	0042254	-0.02385878606293223	-0.06422193969995886	406
Mammals: Human	0042586	-5.031452394894558	4.908811329745415	404
Mammals: Human	0042626	-7.9665460324933015	7.902370932516612	406
Mammals: Human	0043022	0.4778540367059329	-0.5765399212974808	406
Mammals: Human	0043190	0.6916107026020362	-0.7794736064436043	405
Mammals: Human	0043952	-0.6598978853761018	0.45092443989821995	406
Mammals: Human	0046872	-0.48063573297110546	0.06144948751691957	406
Mammals: Human	0050660	2.4781564541463337	-2.523893250816491	406
Mammals: Human	0050661	3.7566278255472874	-3.786102086822712	406
Mammals: Human	0051082	2.530167145931759	-2.5044161490662007	406
Mammals: Human	0051287	5.639584714018482	-5.847434559701383	406
Mammals: Human	0051301	-1.0826427072350409	1.01902285024313	406
Mammals: Human	0051539	5.520810233035297	-5.563546265752901	404
Mammals: Human	0052381	1.7324398465373723	-1.6130904650992295	404
Mammals: Human	0055052	-6.54854595142929	6.449672512089364	406
Mammals: Human	0055085	-1.7012994738747667	1.525747487428371	406
Mammals: Human	0070006	-0.3749173483020769	0.3410625253174745	390
Mammals: Human	0071949	-1.2398075007112048	1.1297680589881396	401
Mammals: Human	0071951	-3.3451210787165047	3.319209142183797	405
Mammals: Human	0140359	-7.414528452620315	7.3506539585647035	406
Mammals: Human	0140662	1.540497847899177	-1.325869186522238	404
Plants	0000049	1.3599387621598005	-1.2846984937147725	281
Plants	0000160	0.929600631328774	-0.8549039829146264	281
Plants	0000166	2.7508034013684277	-2.672479343322526	281
Plants	0000287	0.5808718433329166	-0.47209503825653754	281
Plants	0000314	1.332314202022016	-1.2557300873535902	281
Plants	0000315	1.3051615961525405	-1.1492069342046498	281
Plants	0001522	-0.5703707009705818	0.6772141296143411	281
Plants	0002949	-4.007370263495412	3.970991772847655	281
Plants	0003676	-0.8746872582014282	0.7399709941946183	281
Plants	0003677	1.3891980987610646	-1.4148289994901222	281
Plants	0003678	3.2187449225999694	-3.23329392729982	281
Plants	0003684	-0.24185942770781738	0.34260550369152953	279
Plants	0003697	1.0618207245187161	-0.9610073535340314	280
Plants	0003700	-0.6604698500405948	0.7558119140205032	281
Plants	0003723	-1.3032483114470406	1.3773795947530207	281
Plants	0003735	0.2765688981141029	-0.32855475755504215	281
Plants	0003743	0.542147728566535	-0.5015427975709756	281
Plants	0003746	-0.9913592339693987	0.963738427102993	281
Plants	0003755	-1.8638009974125493	1.8884059025740416	281
Plants	0003824	3.9748431315241213	-4.065562259191032	281
Plants	0003887	-0.39426408637544225	0.6068054426342366	281
Plants	0003899	0.07355600127882121	-0.094370583834467	281
Plants	0003918	-4.192448474686684	4.600527128257798	281
Plants	0003922	-1.0340525281629418	0.9717678163578488	280
Plants	0003924	4.31692461763099	-4.40529024674466	281
Plants	0004045	0.32717736419128146	-0.6203185371063555	280
Plants	0004190	1.8336912994024115	-1.759363456420635	281
Plants	0004222	-1.7408346121932288	1.578886776680804	281
Plants	0004252	4.118348888786308	-4.313470178484087	281
Plants	0004386	-4.065636341191355	3.896676397523471	280
Plants	0004478	2.443135090415116	-2.469764727212525	281
Plants	0004479	1.6392880393561726	-1.720530497680267	281
Plants	0004523	0.2546991216106757	-0.12238773049942006	281
Plants	0004540	-0.25207140311983933	0.23767718883560526	281
Plants	0004595	0.15238264771757917	-0.1865065589757334	281
Plants	0004750	3.3535518262175863	-3.271921629957608	281
Plants	0004812	3.8496595028040796	-3.8753636481815	281
Plants	0004813	1.0423086750952957	-0.9693657290057435	281
Plants	0004814	0.10512299378040776	-0.11872719700114412	281
Plants	0004817	-0.044590414061830834	-0.03248642638738675	281
Plants	0004818	1.2808765813140723	-1.2651443948969392	281
Plants	0004820	2.6517750805046414	-2.410664078832463	281
Plants	0004821	-0.5636771903296148	0.5476310117476098	280
Plants	0004822	-2.704479892338217	2.5973668132147973	281
Plants	0004823	2.0568927555842738	-1.9731991367039383	278
Plants	0004824	1.0385401784108894	-1.0080973032741087	281
Plants	0004825	3.9759036971575235	-3.9137423096881316	281
Plants	0004826	-1.0292290340607315	1.0666009782710177	281
Plants	0004827	-1.4690109422256705	1.5204565067034568	280
Plants	0004828	0.08272125904475146	-0.0847964382472256	281
Plants	0004829	0.7570904240375095	-0.8543312382565488	281
Plants	0004830	0.03325910544335569	-0.12863466767299503	281
Plants	0004831	0.05649860796677853	-0.09955224239125984	281
Plants	0004832	-2.594640990326737	2.435638296573864	281
Plants	0005047	-0.11793871700744296	0.15091782262115222	281
Plants	0005048	-0.22798867516612492	0.25152353327388166	281
Plants	0005515	1.9033344548439932	-1.8523504767468653	281
Plants	0005524	4.191284335651535	-4.1324889852638025	281
Plants	0005525	2.8823542580738586	-2.7743915576338263	281
Plants	0005737	2.7633140673986523	-2.624936069484877	281
Plants	0005840	0.012371977624566858	-0.19145890503356175	281
Plants	0005886	3.533953085387916	-3.396857022099541	281
Plants	0005975	0.06355414613125639	0.010282441084270285	281
Plants	0006006	-1.9282999577288362	1.9521377229649024	281
Plants	0006096	-2.128781787279061	2.0847781743157707	281
Plants	0006098	-2.062960984333779	2.2410000223578	281
Plants	0006164	3.743429667950036	-3.7510009390740118	281
Plants	0006177	-0.7649495324196675	0.7370544991514019	280
Plants	0006221	6.054427157248765	-6.183656880294493	281
Plants	0006260	1.9717755940621164	-1.9057530893188375	281
Plants	0006265	-1.7246937602566275	1.9011433615188136	281
Plants	0006269	0.29886577964461886	-0.26892566374535415	279
Plants	0006275	0.01860351678809305	0.02777368218712449	281
Plants	0006281	0.3704626187330246	-0.3584659775880804	281
Plants	0006289	-0.9450035168348926	0.8587066408045069	281
Plants	0006310	1.8921226210640574	-1.9130372435955385	280
Plants	0006351	2.0413863512321386	-1.823294440177598	281
Plants	0006353	4.330660725339029	-4.404602349870446	281
Plants	0006355	-1.4759517994903812	1.548274046886855	281
Plants	0006364	-2.3878130136886275	2.531006477101283	281
Plants	0006396	-1.6424384445376785	1.6592163641323172	281
Plants	0006400	1.830633448158607	-1.7260735842363046	281
Plants	0006402	2.637702481518941	-2.649356454939688	280
Plants	0006412	0.5479010805572377	-0.7758990138326366	281
Plants	0006413	0.6693648700324388	-0.628564677610992	281
Plants	0006414	-1.1581386728437497	1.0970727428102207	281
Plants	0006415	1.324757979061445	-1.1712039585635483	281
Plants	0006418	5.985972395399785	-6.097865736232146	281
Plants	0006419	1.0593327686883676	-0.9878541231085354	281
Plants	0006420	0.10512299378040776	-0.11872719700114412	281
Plants	0006423	-0.044590414061830834	-0.03248642638738675	281
Plants	0006424	5.027198021072985	-5.0980277299803465	281
Plants	0006426	2.6517750805046414	-2.410664078832463	281
Plants	0006427	-0.5636771903296148	0.5476310117476098	280
Plants	0006428	-2.704479892338217	2.5973668132147973	281
Plants	0006429	2.0568927555842738	-1.9731991367039383	278
Plants	0006430	1.0385401784108894	-1.0080973032741087	281
Plants	0006431	3.8105844905843482	-3.745998509565001	281
Plants	0006432	-1.0712596519406874	1.1003948509254478	281
Plants	0006433	0.9760917340295426	-1.026284471005009	280
Plants	0006434	0.08272125904475146	-0.0847964382472256	281
Plants	0006435	0.7428007418677187	-0.8364306645864401	281
Plants	0006436	0.03325910544335569	-0.12863466767299503	281
Plants	0006437	0.05649860796677853	-0.09955224239125984	281
Plants	0006438	-2.594640990326737	2.435638296573864	281
Plants	0006457	1.2414705552996752	-1.081376911234021	281
Plants	0006465	-0.9113869023845959	0.822136319454929	277
Plants	0006508	0.2694455468598383	-0.3128160892184165	281
Plants	0006520	3.4574096523230082	-3.4545602987960335	279
Plants	0006556	2.435879660067959	-2.463311612097913	281
Plants	0006614	-0.3790450373655653	0.4266680544138166	281
Plants	0006633	-0.5151442253449138	0.5485150650960396	281
Plants	0007165	-1.6043500950293963	1.7841158453303663	275
Plants	0008033	1.5337866808783212	-1.3663043960880692	281
Plants	0008080	-2.4575104385780153	2.547576327257636	281
Plants	0008094	1.1436594379869962	-1.2425929445333692	280
Plants	0008152	1.422827500582969	-1.424198581116884	281
Plants	0008168	2.502840410650608	-2.6281925356599873	281
Plants	0008173	-1.2604298410719266	1.25336198428817	281
Plants	0008233	0.7071111064939679	-0.7761873051889299	279
Plants	0008270	-2.9009357749851206	2.8684417156408357	281
Plants	0008299	2.83956188194346	-3.0033291555601744	281
Plants	0008324	-0.7422252893390381	0.6954017453639552	278
Plants	0008360	4.295099017711898	-4.535821731335359	278
Plants	0008408	-0.727174668753251	0.9317376310814384	281
Plants	0008649	-1.517447234225885	1.4890468238627799	280
Plants	0008654	0.12283082774132668	-0.18785685712777617	281
Plants	0008658	0.20319854183511327	-0.2688930187156076	276
Plants	0008757	2.720521409715262	-2.805559168994121	281
Plants	0009055	2.573779787838871	-2.5549467649098285	281
Plants	0009058	2.0899232670958394	-2.1532797242229287	278
Plants	0009116	0.9776138168547976	-0.8514751796035902	281
Plants	0009152	-1.2505603470430244	1.2702379844240894	281
Plants	0009228	1.8086133022263602	-1.8568438099185207	280
Plants	0009252	7.230182029626248	-7.277406744611798	281
Plants	0009306	-0.8211370147008039	0.6592304230156534	281
Plants	0009360	-1.5467549944512131	1.3458213245222586	281
Plants	0009378	4.007310727321106	-4.078886568155001	280
Plants	0009380	0.31713545891232764	-0.37388317367317264	280
Plants	0009435	1.9622076131045887	-2.0069992532216117	281
Plants	0009451	-1.1960822155914692	1.2319718979080023	281
Plants	0009982	-0.7289434008589679	0.8356315564415318	281
Plants	0010181	-0.2126754883225915	0.4252567342049689	279
Plants	0015031	1.0306491833167293	-0.7654087044696175	281
Plants	0015035	0.9382720612400075	-0.9953030349236663	281
Plants	0015450	0.7735953161039529	-0.9425540609647134	281
Plants	0015934	1.2883548264212672	-1.4068859849723936	281
Plants	0015935	-3.6709958640236464	3.514428681331255	281
Plants	0015937	1.2979490833710663	-1.2758803889163848	281
Plants	0015949	-1.7566633167332268	1.7848026644459811	281
Plants	0016020	0.02646526756314084	0.20026098186091829	281
Plants	0016149	1.11515397329708	-0.947719002555588	278
Plants	0016226	-2.1800110215623465	2.398959702920167	281
Plants	0016301	1.6385910439571405	-1.73011374664341	281
Plants	0016310	1.8710112005098591	-1.8661238342587936	281
Plants	0016434	-0.23066071020380738	0.09118433291034884	281
Plants	0016462	-2.0691353377815167	2.1562472999576574	280
Plants	0016491	-0.9219295634145428	0.9844828626343595	281
Plants	0016620	2.3325039540992023	-2.3903175788199356	281
Plants	0016740	2.7831120514135823	-2.7570649227632176	281
Plants	0016746	-1.698504027737458	1.689881749436155	281
Plants	0016757	3.3836397324750958	-3.4383648902693125	281
Plants	0016787	2.0256650449206215	-2.0953839322754404	281
Plants	0016853	1.4291557543680973	-1.2316950984440826	279
Plants	0016874	2.860013703058577	-3.0881688656411335	281
Plants	0016879	0.7436568479025069	-1.0648973643401378	279
Plants	0016887	4.991107189463945	-4.885565227682122	281
Plants	0016987	-1.9517418259029824	1.8423366693226373	281
Plants	0019843	-3.3048078460625088	3.2679412212136993	281
Plants	0022625	0.6477170390407351	-0.5226551424988043	281
Plants	0022627	0.12683604380991673	-0.03803080118333216	281
Plants	0022857	0.5709184528065191	-0.3229899109244957	281
Plants	0030170	2.7941733953043464	-2.7683915352932114	281
Plants	0031167	-3.1735850565521186	3.303886662022246	281
Plants	0032784	0.48446904535602137	-0.26181524831288505	281
Plants	0033862	-0.3667609302696031	0.366730370534491	281
Plants	0036211	3.3515215261158118	-3.4165702376277243	281
Plants	0042026	5.0275667117570775	-5.070280936139218	279
Plants	0042254	0.6131330826937511	-0.5058916115544508	281
Plants	0042586	1.465712308895304	-1.4311433494393708	281
Plants	0042626	4.802792750610174	-4.630772808693272	281
Plants	0043022	0.2459177298040497	-0.07052096344424849	281
Plants	0043190	-0.20680893135647968	0.31073118307061826	279
Plants	0043952	0.3422973872092951	-0.4945450906650592	281
Plants	0046872	3.746288958657545	-3.7730881801739042	281
Plants	0048501	-0.22798867516612492	0.25152353327388166	281
Plants	0050660	0.4615581489161065	-0.43642341061693346	281
Plants	0050661	-1.1779042977468912	1.150148975455182	281
Plants	0051082	0.9834250582567065	-0.9871486333523352	281
Plants	0051287	2.3546959530470666	-2.2174596802509625	281
Plants	0051301	5.047684302985362	-5.146524082585799	281
Plants	0051539	2.63961653754908	-2.8360249464445153	281
Plants	0052381	-0.019935491447462865	-0.06645064825539343	279
Plants	0055052	3.8265021024942905	-3.6225092788759037	281
Plants	0055085	2.3008702533697765	-2.0182767231198704	281
Plants	0070006	-2.5397496358372087	2.629451633123101	281
Plants	0071949	-0.2279936164847631	0.27342043287020285	280
Plants	0071951	1.61989063964437	-1.7010215256968095	280
Plants	0140359	4.7882009508364165	-4.639968233320105	281
Plants	0140662	1.9632609865324555	-1.870357102192468	279
Mammals	0000049	1.102479213688107	-1.1564312222359159	197
Mammals	0000160	0.026906397392920466	-0.20037704436373407	198
Mammals	0000166	-1.722821652943953	1.7101036446742264	198
Mammals	0000287	-0.30341053544711566	0.4279635672852948	198
Mammals	0000314	-3.0658860232267764	3.0019951680681976	198
Mammals	0000315	0.2875956179607301	-0.29554945700516755	198
Mammals	0001522	-0.43684514119337575	0.4309156559399278	198
Mammals	0002949	1.130091891879869	-1.1944471003354935	198
Mammals	0003676	2.8070893799753307	-2.7358051372670813	198
Mammals	0003677	0.08698626967717583	0.06114908460735531	198
Mammals	0003678	0.6740260619709889	-0.6648370371024774	198
Mammals	0003684	1.7792118392089875	-1.6563157245576738	198
Mammals	0003697	0.7275785179403701	-0.6454772846321749	198
Mammals	0003700	4.271108915163335	-4.168361160626964	198
Mammals	0003723	1.1955710301535072	-1.1244659902049188	198
Mammals	0003735	-0.4170351853349887	0.5775327741924839	198
Mammals	0003743	-4.203378731992927	4.045916841306741	198
Mammals	0003746	-1.3471439622056285	1.2749354252261282	198
Mammals	0003755	-0.42127151880034985	0.4296706151052887	198
Mammals	0003824	2.152600034751983	-2.186505618705054	198
Mammals	0003887	0.19859432035161215	-0.12128178392721223	198
Mammals	0003899	1.2499365762391619	-1.2110315281193107	198
Mammals	0003918	0.395135173144361	-0.3864800311260597	198
Mammals	0003922	1.6009034310224104	-1.5440820253278495	197
Mammals	0003924	-2.5915231200031448	2.5716735942353695	198
Mammals	0004045	2.4172774731283555	-2.4080541899586043	198
Mammals	0004140	-0.23107226459099173	0.23354857564832301	197
Mammals	0004190	0.2599015034872803	-0.42993891696863973	198
Mammals	0004222	-0.5570028660225096	0.556633186099574	198
Mammals	0004252	-2.794708853637233	2.793511147623139	198
Mammals	0004386	1.6833002490962785	-1.6601070853039217	189
Mammals	0004478	-0.7926473578215691	0.8505323902275258	198
Mammals	0004479	-4.167161542888851	4.186095804492115	198
Mammals	0004523	-1.4561877375406058	1.5170623690898386	197
Mammals	0004540	0.5741455010795539	-0.6314428486013736	198
Mammals	0004750	-1.5881881463140781	1.590541498134303	198
Mammals	0004812	-0.7175690829576896	0.6442918390088792	197
Mammals	0004813	-1.0386760076297832	1.0524438567218026	196
Mammals	0004814	-1.6980011090015446	1.749363867168995	196
Mammals	0004817	0.49479405921412384	-0.4757359111737144	196
Mammals	0004818	-3.2183705528230506	3.1839867323038935	198
Mammals	0004820	-2.9605643579391328	2.845001248469519	197
Mammals	0004821	-0.3277673840827329	0.2939504464428004	198
Mammals	0004822	-0.12496913257030132	0.1458231472024494	197
Mammals	0004824	-1.1965928615075394	1.1869648112556084	197
Mammals	0004825	-1.0330964914701695	1.0976188017969342	197
Mammals	0004826	0.08386386154624298	-0.09921074416614951	198
Mammals	0004827	-1.1501564187912214	1.1557380609779957	198
Mammals	0004829	-1.6035413470965254	1.6676139060515471	198
Mammals	0004830	-2.5755256014715653	2.640247639762444	198
Mammals	0004831	1.3288072379569784	-1.290037675841294	198
Mammals	0005515	-2.8154124897852366	2.8045245413667637	198
Mammals	0005524	0.4266553619236016	-0.28502573938889025	198
Mammals	0005525	-1.4974747940965516	1.3380259325015507	198
Mammals	0005737	-0.016411525333577908	0.03401698532837609	198
Mammals	0005840	0.5829741231754453	-0.4234190151784655	198
Mammals	0005886	0.6000272659813489	-0.5085513897857195	198
Mammals	0005975	3.8011860725188313	-3.7606203491170986	198
Mammals	0006006	0.18030309669567463	-0.21694227784384948	198
Mammals	0006096	3.685552708802018	-3.6692948239712164	198
Mammals	0006098	0.32003951637240996	-0.23320558921584533	198
Mammals	0006164	0.23176748192156832	-0.2444651345407978	198
Mammals	0006177	1.0965679975220657	-1.0995342416883687	197
Mammals	0006221	1.7686862631362503	-1.7524508593637858	198
Mammals	0006260	-0.44143691951546327	0.5909559640007539	198
Mammals	0006265	2.099796511502189	-2.094276061024039	198
Mammals	0006269	0.6245915152166057	-0.5710682610803126	198
Mammals	0006275	-0.04821206591300622	0.03869196293349134	197
Mammals	0006281	2.12738304204045	-2.045135313665839	198
Mammals	0006289	2.7280306931704468	-2.8149434790822934	198
Mammals	0006310	0.4038480573585097	-0.3762363518706458	198
Mammals	0006351	-0.26587440660200273	0.31049410827363755	198
Mammals	0006353	-0.7848520530212975	0.7837279326835047	198
Mammals	0006355	3.1776914822507054	-3.0992549720182048	198
Mammals	0006364	1.8063843269484612	-1.8224811576054378	198
Mammals	0006396	0.09041171766597086	0.0020928987420298127	198
Mammals	0006400	-0.7056343987642644	0.6474320328948167	198
Mammals	0006402	1.3782182982628508	-1.3694181908859528	197
Mammals	0006412	0.27010955785558804	-0.12509827117532618	198
Mammals	0006413	-4.1757413438570525	4.0264100636558835	198
Mammals	0006414	-1.2833065999254634	1.1410654388198052	198
Mammals	0006415	2.036913201501041	-2.1374405276248467	198
Mammals	0006418	0.271522117779708	-0.2590259115619917	197
Mammals	0006419	-1.0135445643543726	1.0231488381496046	196
Mammals	0006420	-1.6980011090015446	1.749363867168995	196
Mammals	0006423	0.49479405921412384	-0.4757359111737144	196
Mammals	0006424	-1.7777334557519207	1.7723026041299408	198
Mammals	0006426	-2.9605643579391328	2.845001248469519	197
Mammals	0006427	-0.3277673840827329	0.2939504464428004	198
Mammals	0006428	-0.12496913257030132	0.1458231472024494	197
Mammals	0006430	-1.1965928615075394	1.1869648112556084	197
Mammals	0006431	-0.9995767906850406	1.0546472173320258	197
Mammals	0006432	0.4748913706980488	-0.47552709991128594	198
Mammals	0006433	-3.5725611101048176	3.5630311409821123	198
Mammals	0006435	-1.6237514130341468	1.6943244104072277	198
Mammals	0006436	-2.5755256014715653	2.640247639762444	198
Mammals	0006437	1.3288072379569784	-1.290037675841294	198
Mammals	0006457	-4.431785762290822	4.384084674969377	198
Mammals	0006465	-0.6357545841539562	0.7754898658809524	197
Mammals	0006508	-1.270262649953383	1.1716083603529186	198
Mammals	0006520	1.2817534556690868	-1.1144908528399555	197
Mammals	0006556	-0.7981911984653661	0.8558691368773377	198
Mammals	0006614	-0.2358549455062804	0.2880622806234225	198
Mammals	0006633	-3.946106517305282	3.939286152564286	193
Mammals	0007165	-0.29641346348412323	0.17564733072747712	195
Mammals	0008033	0.24636959693282906	-0.3663743002861167	198
Mammals	0008080	3.272250247270445	-3.1389458932441117	198
Mammals	0008094	-0.7527483326323597	0.8044114973106414	198
Mammals	0008152	2.6052018579318816	-2.4607829837357555	198
Mammals	0008168	-1.6177442969463838	1.6336317071120778	198
Mammals	0008173	1.606999809353479	-1.5011381184511754	197
Mammals	0008233	-0.2878929662361882	0.25924151982671517	194
Mammals	0008270	2.492807890362892	-2.4924843944352437	198
Mammals	0008299	-2.3672235680018963	2.480824894513578	197
Mammals	0008324	1.2770488628767511	-1.1443835037014989	195
Mammals	0008360	-2.5696346043399823	2.5568775797362417	195
Mammals	0008408	-0.2880780595915477	0.24980513666822363	198
Mammals	0008649	0.9139286322004031	-1.0269702697251821	195
Mammals	0008654	-1.0275795805480137	1.132044755463503	198
Mammals	0008658	-1.154315946997469	1.1349992186272237	195
Mammals	0008757	-2.7906920194823712	2.848850421878072	198
Mammals	0009055	-2.528564718774309	2.4585404144654452	196
Mammals	0009058	-1.4191494921602537	1.4814247537508722	197
Mammals	0009116	3.0017921360834707	-2.9715746636597316	197
Mammals	0009152	0.7151358513727396	-0.7209186090576809	196
Mammals	0009228	-0.7806266607335404	0.7608716107693131	197
Mammals	0009252	-0.9544316870415473	0.9810886414288414	195
Mammals	0009306	-1.705511057380462	1.7517323310307698	198
Mammals	0009360	2.8807269805835047	-2.845989687536032	198
Mammals	0009378	4.40836059807846	-4.431352062248668	198
Mammals	0009380	-0.15810051745713746	0.12126103309999459	196
Mammals	0009435	1.2420249607652594	-1.4141954930856075	196
Mammals	0009451	-0.22230885470221207	0.23813285790128808	198
Mammals	0009982	-0.1016697546932005	0.07614434714194056	198
Mammals	0010181	-0.9599124038833137	1.1722182875168587	197
Mammals	0015031	-2.573392066699692	2.4503010751616383	198
Mammals	0015035	-1.8300594113249018	1.7662266290383903	198
Mammals	0015136	1.213537509762447	-1.1986299388845054	196
Mammals	0015450	-1.4635396375030247	1.550791009726701	198
Mammals	0015739	1.213537509762447	-1.1986299388845054	196
Mammals	0015934	2.95441458503742	-2.9111068849842914	198
Mammals	0015935	1.7635276266696505	-1.7527856344620787	198
Mammals	0015937	1.188911487103587	-1.001122150441608	198
Mammals	0015949	0.8012130977034598	-0.8135374425032861	197
Mammals	0016020	0.9112972647495201	-0.9037149627705102	198
Mammals	0016149	1.2538185698891733	-1.4116385555524769	198
Mammals	0016226	-0.06135481606021182	0.0379350195900367	194
Mammals	0016301	1.91435443158485	-1.8678603447130775	194
Mammals	0016310	2.109016228683102	-2.056252730897949	197
Mammals	0016434	2.019161741704852	-2.0832655195454723	198
Mammals	0016462	0.5738424332947256	-0.6381901761050515	197
Mammals	0016491	0.056835983843667705	-0.02672420754723907	198
Mammals	0016620	0.5832894403761042	-0.5407815690731197	198
Mammals	0016740	0.6459160707082329	-0.7190886428654295	198
Mammals	0016746	1.2363379270731525	-1.1342152718813525	197
Mammals	0016757	0.5110870582344579	-0.5622271397381864	195
Mammals	0016787	-0.010944386614407855	0.05333885746791014	198
Mammals	0016853	-1.2256960019007592	1.2722917351906426	196
Mammals	0016874	-0.23263910311227776	0.19759513005740187	198
Mammals	0016879	0.20745353628644783	-0.1006971489383268	197
Mammals	0016887	1.1574446805441305	-1.0683272230747052	198
Mammals	0016987	1.1567384540402352	-1.2308304512560364	198
Mammals	0019843	0.2744504727411367	-0.2522769232740246	198
Mammals	0022625	-0.6586069213832835	0.6109322583966916	198
Mammals	0022627	-3.2364297856410573	3.1208930979684597	198
Mammals	0022857	1.3171930406419998	-1.2954964910049793	198
Mammals	0030170	2.175427790759969	-2.1231777742506797	198
Mammals	0031167	2.3986022960695252	-2.3450181539853534	198
Mammals	0032784	-0.9398298640640341	0.8502052959345839	198
Mammals	0036211	-0.9228881102053926	0.8240775736852863	198
Mammals	0042026	-0.5116522803655739	0.6079921297666696	196
Mammals	0042254	-1.095823450044832	0.9606833403649879	198
Mammals	0042586	-0.7717966392974611	0.8233319028394736	197
Mammals	0042626	1.5297655726645583	-1.3277597253718505	198
Mammals	0043022	-1.9040136865928736	1.7993450110088756	198
Mammals	0043190	1.5873710138862136	-1.423519106814197	197
Mammals	0043952	-1.6977153539146097	1.7954496840297658	198
Mammals	0046872	-1.354393597473723	1.352305047438672	198
Mammals	0050660	-1.3891256843615136	1.4369105510047462	198
Mammals	0050661	1.715060795730377	-1.6413200024254246	198
Mammals	0051082	-1.48359455351496	1.4884942184173113	198
Mammals	0051287	0.17804463599151363	-0.13488384253584398	198
Mammals	0051301	3.4043559121891955	-3.346335211728004	198
Mammals	0051539	-0.4952364712154271	0.48422037190799766	197
Mammals	0052381	0.03221067319519127	0.016543179366904828	197
Mammals	0055052	1.7032695857648337	-1.5363903833632337	198
Mammals	0055085	1.194920144012371	-1.1228402210664998	198
Mammals	0070006	0.5491894066643904	-0.390727349490182	194
Mammals	0071949	-0.8363470145534045	0.8375939043592691	196
Mammals	0071951	-4.176765358118722	4.195470582435892	198
Mammals	0140359	1.9105012103710026	-1.7237289332473862	198
Mammals	0140662	-4.069755968859445	4.048939983796294	196
Food production	0000049	0.9193256571814669	-0.9907818886122326	103
Food production	0000160	3.3891279416653233	-3.5711668485635584	103
Food production	0000166	-1.426549999506941	1.377927451426025	103
Food production	0000287	-0.6078395329480313	0.5224252390839921	103
Food production	0000314	-0.7923922801585688	0.9339397578778014	103
Food production	0000315	0.35294987373849585	-0.2662110548800188	103
Food production	0001522	1.8631908992987884	-1.8220303462766172	103
Food production	0002949	-2.6842718175188107	2.7978731478908	103
Food production	0003676	-4.87118185140128	4.992213757039367	103
Food production	0003677	-4.863141663823733	5.0921590051829035	103
Food production	0003678	-2.081256994999774	2.3163214465561293	103
Food production	0003684	-2.8434996891087945	2.9636122875909985	103
Food production	0003697	-3.208567733772014	3.2834921771191765	103
Food production	0003700	-5.764760952444318	6.120893697665338	103
Food production	0003723	0.5444023112624902	-0.47669742331578224	103
Food production	0003735	-4.337061454035815	4.541313707573687	103
Food production	0003743	1.452074012645248	-1.4395048898140992	103
Food production	0003746	-0.1333580533633115	-0.035177359795035286	103
Food production	0003755	0.8260050686183685	-1.03023564502526	103
Food production	0003824	2.7706361193777895	-2.974325102013988	103
Food production	0003887	-2.6607166064418215	2.827444208513964	103
Food production	0003899	-4.453219044278276	4.695779587562737	103
Food production	0003918	-1.249977103568038	1.50459480888774	103
Food production	0003924	-2.6938062040009663	2.811645495493006	103
Food production	0004045	-2.513593599276078	2.5621838821309804	101
Food production	0004140	2.325483368243007	-2.31459831007034	103
Food production	0004190	1.8303020891749893	-1.8853607378339534	100
Food production	0004222	0.09899523873629741	-0.0801385363380338	103
Food production	0004252	-0.3795822456721671	0.29393393100928394	103
Food production	0004386	2.2098658687424417	-2.223764791121139	102
Food production	0004478	0.012076296070512254	-0.12423068965581646	103
Food production	0004479	-5.312337994723778	5.062314981566401	103
Food production	0004523	-1.2184406421929999	1.2735076880703156	103
Food production	0004540	3.3646326880827786	-3.631018145323782	103
Food production	0004750	-1.2933198524881957	1.326139142649357	103
Food production	0004812	0.4509608407803819	-0.38767732984985176	103
Food production	0004813	-0.19165937336372094	0.13855171287042325	103
Food production	0004814	0.8271120316049999	-0.7812250555183278	102
Food production	0004817	0.9563540387681696	-0.9515894445230746	103
Food production	0004818	1.430847063012747	-1.5096770631636198	103
Food production	0004820	0.25141756932211184	-0.13992772313423982	103
Food production	0004821	-2.273036092837426	2.263320272902584	103
Food production	0004824	-0.8702002241353005	0.8109952439277048	103
Food production	0004825	1.4188130235170797	-1.35209999899914	103
Food production	0004826	-1.1188385643022432	1.2096818435577479	103
Food production	0004827	0.6495272308233317	-0.6031921053055593	102
Food production	0004828	-0.40865637534704335	0.4591535266062495	103
Food production	0004829	0.18574975599647053	-0.06975046107686629	103
Food production	0004830	-1.0307792530628175	1.077592917952532	103
Food production	0004831	0.7466067868268529	-0.6954546431993663	103
Food production	0005515	3.765246945439459	-4.063891259728716	103
Food production	0005524	-2.9012729700497717	2.9597635975934757	103
Food production	0005525	0.9862157153627201	-1.1177967730660563	103
Food production	0005737	1.7729111606240107	-1.679743926006681	103
Food production	0005840	-4.72045270966312	4.908883960660506	103
Food production	0005886	2.0610158389924553	-1.9685150148074602	103
Food production	0005975	-3.260308549988985	3.294443818811857	103
Food production	0006006	-1.4716249357118023	1.7022280348608148	103
Food production	0006096	-2.76771208286997	2.961341516789414	103
Food production	0006098	-4.958470969575028	5.25688950761773	103
Food production	0006164	1.205961088362184	-1.2470006959738968	103
Food production	0006177	-4.914382459789411	5.006052589207024	101
Food production	0006221	-2.985568359394121	3.1203578488226413	103
Food production	0006260	-2.252645378744657	2.4555327308349786	103
Food production	0006265	1.1720172952165788	-0.9430325140338895	103
Food production	0006269	-0.10208932927761083	0.09617098860472009	103
Food production	0006275	0.09209314227705885	-0.2465384810429986	103
Food production	0006281	-3.0360517834209317	3.2225384940306547	103
Food production	0006289	-2.389578629591837	2.267696912570576	103
Food production	0006310	-0.056792536520755055	0.230093175250852	103
Food production	0006351	-4.669616703299957	5.027628597137391	103
Food production	0006353	1.675591743552937	-1.8951504792394076	103
Food production	0006355	-4.67492640690964	4.975298126559577	103
Food production	0006364	1.858183781216417	-1.6828371147273002	103
Food production	0006396	1.3883748769786308	-1.5578671418134886	103
Food production	0006400	4.8799067619923875	-4.920680983312592	103
Food production	0006402	1.9959166771902577	-1.9205740648496938	103
Food production	0006412	-7.196221503763238	7.378729324988645	103
Food production	0006413	1.4685708359943717	-1.4519272491458666	103
Food production	0006414	-1.9693564130072228	1.775084462273179	103
Food production	0006415	-0.37394599861014943	0.5631869705011543	103
Food production	0006418	-1.261764882269666	1.334790502557828	103
Food production	0006419	-0.17217674777406594	0.11618182609347001	103
Food production	0006420	0.8271120316049999	-0.7812250555183278	102
Food production	0006423	0.9563540387681696	-0.9515894445230746	103
Food production	0006424	-2.8408622462898947	2.8964273370920517	103
Food production	0006426	0.25141756932211184	-0.13992772313423982	103
Food production	0006427	-2.273036092837426	2.263320272902584	103
Food production	0006430	-0.8702002241353005	0.8109952439277048	103
Food production	0006431	1.4339658976842744	-1.371555454201576	103
Food production	0006432	-1.4679109029318334	1.5537512935127142	103
Food production	0006433	0.14108197799959	-0.09103269553254965	102
Food production	0006434	-0.40865637534704335	0.4591535266062495	103
Food production	0006435	0.17785916773209232	-0.05928154782877392	103
Food production	0006436	-1.0307792530628175	1.077592917952532	103
Food production	0006437	0.7466067868268529	-0.6954546431993663	103
Food production	0006457	2.3443714063756604	-2.536492581271761	103
Food production	0006465	1.6881381667671642	-1.717944387309401	103
Food production	0006508	-0.8317919465822027	0.7878223659561296	103
Food production	0006520	4.1241552681070015	-4.0565034967942974	103
Food production	0006556	0.6415203939625049	-0.7184123284727593	103
Food production	0006633	1.0130800977192236	-1.0584858392424243	103
Food production	0007165	2.099015737413455	-2.1977454138783363	103
Food production	0008033	4.021981444468331	-4.066621608982764	103
Food production	0008080	-1.9946827979236224	2.2600804888868593	103
Food production	0008094	-1.513253241721064	1.556363572935619	103
Food production	0008152	-0.5736401565659404	0.5984073461231063	103
Food production	0008168	2.3560147355352044	-2.5859953634134962	103
Food production	0008173	-1.5754973592689596	1.4379352740633211	103
Food production	0008233	-0.2500903942870738	0.2908014397066664	103
Food production	0008270	-2.0880167608869318	2.105608009473245	103
Food production	0008299	-0.4067536714587138	0.2828349418225234	103
Food production	0008324	1.8166861496164366	-1.8770419691507756	100
Food production	0008360	-0.8023677488911513	0.8810872332885205	103
Food production	0008408	-2.571652626886026	2.811499769131542	103
Food production	0008649	-0.5618195459173587	0.731328123262959	103
Food production	0008654	1.6765786725885081	-1.9040474117796777	103
Food production	0008658	0.1409484236946115	-0.0049209590506255705	103
Food production	0008757	0.06194312824022725	-0.154944608349635	103
Food production	0009055	5.637624315912259	-5.912670457468094	103
Food production	0009058	1.2970994119113457	-1.40768349461881	102
Food production	0009116	-2.1718335136636124	2.3725927730399463	103
Food production	0009152	4.206947656516583	-4.309153622660915	103
Food production	0009228	1.8370502551985572	-1.7708448349872687	103
Food production	0009252	1.7396093464427738	-1.6161737794545696	103
Food production	0009306	0.6987846405622777	-0.8646009027682512	103
Food production	0009360	-0.3910852955504031	0.3278097777432444	103
Food production	0009378	-3.282066114392597	3.232756440036155	103
Food production	0009380	-1.4295222392205293	1.3303156730018382	102
Food production	0009435	0.44474687288925097	-0.4492742862991965	103
Food production	0009451	2.6945156749680743	-2.8313179171144176	103
Food production	0009982	2.0182283587136864	-1.9468386079941211	103
Food production	0010181	-2.2202098443639695	2.435225067385766	103
Food production	0015031	4.63786034173461	-4.7907057921581995	103
Food production	0015035	-0.010739029264333462	-0.05007430849286053	103
Food production	0015136	-1.2062926183330167	1.2330346511653731	103
Food production	0015450	0.9767877570107744	-1.0828099300718845	103
Food production	0015739	-1.2062926183330167	1.2330346511653731	103
Food production	0015934	-5.327311928271501	5.536404105119226	103
Food production	0015935	-0.12186105166372671	0.0924249905422015	103
Food production	0015937	-4.415105503645598	4.593229967369413	103
Food production	0015949	0.08966619152820464	0.04283693950165007	103
Food production	0016020	1.1911424077339325	-1.0427997564507931	103
Food production	0016149	1.4731736747260464	-1.3825732656282577	103
Food production	0016226	0.6699967313825983	-0.6888416384705376	98
Food production	0016301	-3.4527239445721536	3.5802341119848826	103
Food production	0016310	-2.3458616341614666	2.4597914635909635	103
Food production	0016462	4.667212832020365	-4.786119591939574	101
Food production	0016491	-3.71879264225803	3.7827943277902945	103
Food production	0016620	-0.6027027030865605	0.7197004006832014	103
Food production	0016740	0.10556347610235763	-0.34606646409413283	103
Food production	0016746	-2.2683043664346147	2.4542189028250028	103
Food production	0016757	-2.1461798642208123	2.0737670713028584	103
Food production	0016787	-4.194999285729355	4.260900936502231	103
Food production	0016853	1.1298254523668811	-1.125190514710906	101
Food production	0016874	1.4701810144621148	-1.6963912872964277	103
Food production	0016879	-1.5022357484880011	1.386855309407386	102
Food production	0016887	-1.7293117929175694	1.8464725970338345	103
Food production	0016987	1.8767023471702464	-2.0182534910517367	103
Food production	0019843	0.6611195524872584	-0.6265693791045948	103
Food production	0022625	0.20367104268033565	-0.1238355986774128	103
Food production	0022627	-0.2994110816025816	0.4285469642173024	103
Food production	0022857	-3.2070252777942456	3.5165269922492404	103
Food production	0030170	0.30925769751269183	-0.21559877400467156	103
Food production	0031167	1.7236195486296098	-1.7076541546270738	103
Food production	0032784	0.702130073653589	-0.6049272923422143	103
Food production	0033862	2.2240152484739744	-2.1697111796327793	103
Food production	0036211	0.8586964692650237	-0.8204581990429939	103
Food production	0042026	0.14972705849639253	-0.20726324492949164	103
Food production	0042254	-0.8784801852185478	1.1211917742205888	103
Food production	0042586	1.0552590658659384	-1.0050068013164628	102
Food production	0042626	-2.0043531085213364	2.1419492614205438	103
Food production	0043022	0.7360740843755463	-0.5952682123099857	103
Food production	0043190	0.5606094912851283	-0.4465790806872423	103
Food production	0043952	2.5014135230070984	-2.7276510988956795	103
Food production	0046872	0.10465265408123231	-0.24791280694113138	103
Food production	0050660	3.126603041964578	-3.311317321518545	103
Food production	0050661	-3.3360589202119946	3.4444139749784726	103
Food production	0051082	0.5306256562052852	-0.57708458086187	103
Food production	0051287	0.8088903566256984	-0.8189654577287784	103
Food production	0051301	-0.8492583482128068	0.9326154699836263	103
Food production	0051539	5.986997948585074	-6.2934707156358645	101
Food production	0052381	0.5456094791939728	-0.6484889346792032	102
Food production	0052906	0.20565011764998384	-0.16617509742837297	103
Food production	0055052	-0.9867666008730371	1.128531185597364	103
Food production	0055085	-1.528007386726792	1.7095631438524144	103
Food production	0070006	0.4405441553546176	-0.5222387539112291	102
Food production	0071949	-2.753072534683324	2.8042378817278095	103
Food production	0071951	-5.325308711305461	5.074782333927069	103
Food production	0140359	-1.661472330782876	1.7848625501964313	103
Food production	0140662	1.6099009371095114	-1.7796414836940957	103
Wastewater	0000049	0.6897266924229729	-0.6710953779930131	60
Wastewater	0000160	-0.04469617668179594	0.1120431910471489	63
Wastewater	0000166	-0.4188385659560434	0.37766957290460923	63
Wastewater	0000287	0.4238200003746092	-0.47511112656599574	63
Wastewater	0000314	-0.04852969755042918	0.12828960739583178	63
Wastewater	0000315	2.380171057521595	-2.3960736669381575	63
Wastewater	0001522	3.3569713019285565	-3.3658152387555766	63
Wastewater	0002949	-1.1388936475479248	1.1074073174383554	63
Wastewater	0003676	0.22469965353626165	-0.2570100473810058	63
Wastewater	0003677	1.6022585291410185	-1.6193684918331548	63
Wastewater	0003678	-0.2803924179068322	0.223128081355801	63
Wastewater	0003684	1.154170069976198	-1.2092463536028186	63
Wastewater	0003697	1.997716133183927	-2.069195027364031	63
Wastewater	0003700	2.258736758830215	-2.295168477778976	63
Wastewater	0003723	1.5365281004369369	-1.5470530481077724	63
Wastewater	0003735	1.1577193726938246	-1.214244653465011	63
Wastewater	0003743	2.0709370873659867	-1.9794873927021164	63
Wastewater	0003746	-0.6442360645118148	0.7753812943027657	63
Wastewater	0003755	1.558562538931059	-1.5841444916616179	63
Wastewater	0003824	-3.7402022507247823	3.8626244300265378	63
Wastewater	0003887	1.602450114098391	-1.638930312032639	63
Wastewater	0003899	0.4049964678387401	-0.3770679983723922	63
Wastewater	0003918	2.7286654518286584	-2.7966723509007796	63
Wastewater	0003924	0.12519765591193535	-0.05247071621771144	63
Wastewater	0004045	0.4648748529158658	-0.43908849230533314	63
Wastewater	0004140	-0.4104133379375029	0.434487147305994	63
Wastewater	0004190	0.6559517196922575	-0.5687670148651475	63
Wastewater	0004222	0.24735810424006063	-0.2784100338305782	63
Wastewater	0004252	-2.293268661622042	2.2797669388996398	63
Wastewater	0004386	0.8545922821705351	-0.8094540179938324	63
Wastewater	0004478	-1.0725483165558218	1.0203003164051183	63
Wastewater	0004479	-2.9008037330029066	2.865364265295503	63
Wastewater	0004523	-1.2696177653415088	1.21924614633573	63
Wastewater	0004540	-0.4899682240609873	0.5963679941155897	63
Wastewater	0004595	-2.61061235196053	2.619845861342117	63
Wastewater	0004750	1.3260166199184258	-1.327550806918922	63
Wastewater	0004812	0.5231051141003286	-0.4660170296716369	63
Wastewater	0004813	-0.17622513693724698	0.1749070673737747	63
Wastewater	0004814	-0.6260468951718952	0.4987320696336264	63
Wastewater	0004817	-0.088965398911106	0.16931734246999613	63
Wastewater	0004818	-2.330253239019335	2.369373382830064	63
Wastewater	0004820	0.46731811344357505	-0.4142472904605244	63
Wastewater	0004824	-1.3339679790835728	1.3494226666815676	63
Wastewater	0004825	-0.5529025522070047	0.5850609273195023	63
Wastewater	0004826	-0.32108895768656615	0.3223789327797514	63
Wastewater	0004827	-0.713944607154953	0.5921761709971688	63
Wastewater	0004828	1.483961982153422	-1.4615058173990034	63
Wastewater	0004829	0.5539152403581116	-0.532202892170597	63
Wastewater	0004830	-0.8372630471706729	0.8075171550465965	63
Wastewater	0004831	-0.15211467700182818	0.06691970743189629	63
Wastewater	0005515	-0.446119885344669	0.5013027775850993	63
Wastewater	0005524	0.6433703374031494	-0.597645156837915	63
Wastewater	0005525	-0.8604985180311493	0.9513663370150105	63
Wastewater	0005737	0.5173734726283505	-0.4894766487244333	63
Wastewater	0005840	0.8956035409800714	-0.9772645407724561	63
Wastewater	0005886	0.35829913141630326	-0.31196258053570647	63
Wastewater	0005975	-0.9953503863655039	0.7911098656455371	63
Wastewater	0006006	1.9265856467501676	-1.9677808583515592	63
Wastewater	0006096	2.478328065146012	-2.527613049624057	63
Wastewater	0006098	0.9132569064879554	-1.0057898046351912	63
Wastewater	0006164	0.7704795597156743	-0.7249577522193404	63
Wastewater	0006221	1.019216644407073	-1.0162510583129845	63
Wastewater	0006260	1.9660467815444846	-2.0528980812469957	63
Wastewater	0006265	2.108947333074651	-2.1866160683543865	63
Wastewater	0006269	0.7266014217940672	-0.7532563806565808	63
Wastewater	0006275	0.037879677923618064	-0.014372826001163626	62
Wastewater	0006281	1.3578679486860863	-1.379713272394542	63
Wastewater	0006289	-0.04653521660613321	0.09158955168415786	63
Wastewater	0006310	0.4902511953218274	-0.45382531134237775	63
Wastewater	0006351	2.5149888347132863	-2.617159442149789	63
Wastewater	0006353	-3.2957896119590524	3.371293638278163	63
Wastewater	0006355	2.3581521242584076	-2.3830327640916704	63
Wastewater	0006364	1.9795876838732247	-1.9697013026804373	63
Wastewater	0006396	-0.3005029864914131	0.3867777727344592	63
Wastewater	0006400	0.6479132643481005	-0.5644049752532546	63
Wastewater	0006402	-0.8181561697515713	0.8539504574100456	63
Wastewater	0006412	0.5213989256340373	-0.5485662630897836	63
Wastewater	0006413	2.0781624165720007	-1.9847676198655986	63
Wastewater	0006414	-0.31007372870942723	0.4200920076863216	63
Wastewater	0006415	1.3656082758845216	-1.367586632279843	63
Wastewater	0006418	0.2462049146563459	-0.24466223939857001	63
Wastewater	0006419	-0.33414643160184954	0.3529490492727657	63
Wastewater	0006420	-0.6260468951718952	0.4987320696336264	63
Wastewater	0006423	-0.088965398911106	0.16931734246999613	63
Wastewater	0006424	-0.7399775021854116	1.0190920734806959	63
Wastewater	0006426	0.46731811344357505	-0.4142472904605244	63
Wastewater	0006430	-1.3339679790835728	1.3494226666815676	63
Wastewater	0006431	-0.8357756403967579	0.8786236357882637	63
Wastewater	0006432	0.37809472849235687	-0.40426579680999614	63
Wastewater	0006433	-0.11172301484033308	0.052654579278624276	63
Wastewater	0006434	1.483961982153422	-1.4615058173990034	63
Wastewater	0006435	0.5435718086535254	-0.5347852240851496	63
Wastewater	0006436	-0.8372630471706729	0.8075171550465965	63
Wastewater	0006437	-0.15211467700182818	0.06691970743189629	63
Wastewater	0006457	0.04363565041928939	0.02073234698301871	63
Wastewater	0006465	-1.872591145091801	1.8007070145276594	63
Wastewater	0006508	-0.6797184710235022	0.6187652765546314	63
Wastewater	0006520	1.2891949225462207	-1.240731590142223	63
Wastewater	0006556	-1.076962640061732	1.024369732238757	63
Wastewater	0006614	-0.6656339931897923	0.6895426891930071	63
Wastewater	0006633	-1.9503157898634895	1.9608963781904907	62
Wastewater	0007165	-0.06596254690374698	0.12206615143609036	61
Wastewater	0008033	-1.2752336928993444	1.3694108925256856	63
Wastewater	0008080	1.931725554795447	-2.053157301761582	63
Wastewater	0008152	-0.6571012745310079	0.6786260850873256	63
Wastewater	0008168	-1.7291419015146134	1.761911776340647	63
Wastewater	0008173	1.64587027956608	-1.7052101440447585	63
Wastewater	0008233	-0.5678774536702943	0.6072372852048766	63
Wastewater	0008270	-0.5753108857277432	0.5093234833647244	63
Wastewater	0008299	-1.1501772226786942	1.1179445765157587	63
Wastewater	0008324	0.5664272055893492	-0.4939914187004381	63
Wastewater	0008360	-0.9747315044470439	1.0073636589278365	63
Wastewater	0008408	2.66907859825167	-2.760072111615283	63
Wastewater	0008649	1.167603536263814	-1.1668444789007975	62
Wastewater	0008654	-0.6318451366688189	0.6325095907482658	63
Wastewater	0008658	0.3241945446076765	-0.3384851807113012	63
Wastewater	0008757	-1.1855001599225308	1.1685509649374382	63
Wastewater	0009055	-1.6920205003014208	1.7999579499903333	63
Wastewater	0009058	-2.161421301220186	2.122322190573099	63
Wastewater	0009116	0.744807920473842	-0.7828837381206899	63
Wastewater	0009152	-0.05969695840041467	0.042619532436911134	63
Wastewater	0009228	-1.400894635274419	1.425127796219789	62
Wastewater	0009252	-0.5047550909790883	0.5679802270314368	63
Wastewater	0009306	-1.6737398162771593	1.6499255655912013	63
Wastewater	0009360	0.047394374419297586	-0.009395955456312074	63
Wastewater	0009378	-4.19304741987306	4.2155574587774	63
Wastewater	0009380	0.7991828341098083	-0.7236794736198058	63
Wastewater	0009435	0.43173735586239703	-0.3584743914446052	63
Wastewater	0009451	2.671652210714952	-2.630268414464622	63
Wastewater	0009982	3.8371926852160327	-3.818355099745518	63
Wastewater	0010181	0.9691157778880074	-0.9343546973695281	63
Wastewater	0015031	-0.051834325520886876	0.09827106540897278	63
Wastewater	0015035	0.43373578246040095	-0.36266295256395525	62
Wastewater	0015450	-3.693204756808259	3.792887986866166	63
Wastewater	0015934	0.7156019812552235	-0.7011594767154856	63
Wastewater	0015935	-1.2718147501610764	1.2971765833029316	63
Wastewater	0015937	0.9694650752138255	-0.9513147989216688	63
Wastewater	0015949	-0.8431340323694461	0.8046673421398787	63
Wastewater	0016020	0.6881125501732311	-0.6859980681467783	63
Wastewater	0016149	0.3075623462939256	-0.28928705915185754	63
Wastewater	0016226	1.4667608474589897	-1.4596516250662779	63
Wastewater	0016301	0.146851179529522	-0.20544170430120362	63
Wastewater	0016310	0.9867068880647524	-0.9613955345857805	63
Wastewater	0016434	-0.30756202144693484	0.3320898722318888	63
Wastewater	0016462	1.6736512050890966	-1.614475669109952	63
Wastewater	0016491	-1.1670353541871659	1.1798292181916945	63
Wastewater	0016620	0.7368320710052841	-0.7840672057141799	63
Wastewater	0016740	-0.6980282963584236	0.7571257609228476	63
Wastewater	0016746	1.020906201226768	-1.103890435880417	63
Wastewater	0016757	-2.7368951598863362	2.6738859968934676	63
Wastewater	0016787	-0.09583289220263291	0.046339262640817634	63
Wastewater	0016853	0.6334167985622994	-0.6424932473282505	63
Wastewater	0016874	-1.0682737932580386	1.1302902898234455	63
Wastewater	0016879	-0.014405745830868217	0.01588503407721464	63
Wastewater	0016887	0.4688186864644723	-0.4002979121904637	63
Wastewater	0016987	0.39524365444909965	-0.4274522606717363	63
Wastewater	0019843	-1.7041794047402883	1.7574768952168116	63
Wastewater	0022625	2.3098607200587247	-2.3297502286544014	63
Wastewater	0022627	-0.2995859156621458	0.36722805187658275	63
Wastewater	0022857	0.9070532239942264	-0.9299555706054949	63
Wastewater	0030170	-0.5402275958093972	0.5845795917411833	63
Wastewater	0031167	-0.5433441316120675	0.578669766134214	63
Wastewater	0032784	0.18312243325193858	-0.0706711242929745	63
Wastewater	0033862	1.4067631291569649	-1.3868350724665304	63
Wastewater	0036211	-0.8201040565428739	0.874466594135467	63
Wastewater	0042026	-0.872432618863899	0.8519406949135194	63
Wastewater	0042254	1.1353894697369928	-1.0734229835992282	63
Wastewater	0042586	0.06294828652701269	-0.0023599966002118365	63
Wastewater	0042626	0.7076339835823021	-0.7091019961972729	63
Wastewater	0043022	0.1852127140350149	-0.1742950858931641	63
Wastewater	0043190	0.9867923230324951	-0.9352448698019155	63
Wastewater	0043952	-3.507228776152122	3.5966821743361423	63
Wastewater	0046872	-1.278361431773692	1.3331368375358745	63
Wastewater	0050660	1.4842988764751472	-1.3865613677140205	63
Wastewater	0050661	1.4694678031348178	-1.5366275007303556	63
Wastewater	0051082	1.4786761194913614	-1.4703017670279361	62
Wastewater	0051287	-1.1191428290055498	1.145791219591874	63
Wastewater	0051301	0.13566865627234717	-0.10577277506053288	63
Wastewater	0051539	-3.473643996706525	3.610005024410835	63
Wastewater	0052381	-1.0364285787087923	1.0339039496121938	62
Wastewater	0055052	0.7520629856522487	-0.7180076237421812	63
Wastewater	0055085	1.0915810229570666	-1.1224455413818264	63
Wastewater	0070006	0.7073831107548454	-0.7541333716240306	63
Wastewater	0071949	1.324832549821291	-1.3248683947205895	63
Wastewater	0071951	-2.911112769849302	2.8763439568187024	62
Wastewater	0140359	0.4237399658913772	-0.41653239949633	63
Wastewater	0140662	1.0282617173326205	-1.0332474412610813	63
Birds	0000049	-0.8562575412566146	0.7109655269958096	36
Birds	0000160	1.930233243987717	-2.0750765182595585	36
Birds	0000166	-5.3520332391128	5.174662428567773	36
Birds	0000287	-0.5033174131478908	0.5693316373006947	36
Birds	0000314	-1.2190044937295077	1.0838881227785315	36
Birds	0000315	1.6257217250606613	-1.4641547830617945	36
Birds	0001522	0.21453922030812558	-0.2107699194000617	36
Birds	0002949	2.3584081885904555	-2.421297804696797	36
Birds	0003676	0.09420381873665	-0.030373803250532305	36
Birds	0003677	0.6156038000446048	-0.5669975636607691	36
Birds	0003678	-1.3283563151812228	1.2680165066355649	36
Birds	0003684	0.03874485092199425	0.02079864910243133	36
Birds	0003697	-0.5746974848701244	0.5859924234172638	36
Birds	0003700	1.240222904814088	-1.236210100548754	35
Birds	0003723	-0.007861780893547917	0.04865362939105358	36
Birds	0003735	-1.2926518673067315	1.3060321990458508	36
Birds	0003743	0.2965623038508409	-0.2597127399033762	36
Birds	0003746	1.9277200531517296	-1.920903440731213	36
Birds	0003755	0.2671894708314401	-0.2622064185092928	36
Birds	0003824	-0.8489098673004304	0.7624262374621895	36
Birds	0003887	2.2138915389224914	-2.2148328495267737	36
Birds	0003899	-1.1506065279373359	1.1522155293679013	36
Birds	0003918	-0.00852532021840237	-0.0048719321989550025	36
Birds	0003924	1.782458612709219	-1.8592602281849113	36
Birds	0004045	0.7013862528107442	-0.6028061856025592	36
Birds	0004190	0.9831878612920214	-1.0429165272097103	36
Birds	0004222	-0.37086334411862315	0.3175337158280508	36
Birds	0004252	-1.7908687138192325	1.7437710553179018	36
Birds	0004386	1.2453120995177016	-1.1323369199180902	36
Birds	0004478	-0.5598478765608779	0.5637062378054625	34
Birds	0004479	-1.6363549009619507	1.6276651336667227	36
Birds	0004523	-1.3594413678649055	1.3267359342335272	36
Birds	0004540	-0.1376269550102364	0.13774895274960244	36
Birds	0004750	-0.9801884674329967	0.9473939279313869	36
Birds	0004812	-3.0489588397773266	3.014368365585684	36
Birds	0004813	-1.5005824906628724	1.4476762210174365	36
Birds	0004817	0.7233319894441747	-0.7002998495602105	36
Birds	0004818	0.12366738830257183	-0.25331865155241745	36
Birds	0004820	0.22339322713239532	-0.3214898684681733	32
Birds	0004824	-2.673345740087397	2.7108709998331117	36
Birds	0004826	-6.472747756537318	6.430966104160766	36
Birds	0004827	-1.369058672919139	1.4000076114638553	36
Birds	0004829	-0.3510809230014942	0.40358493153785624	36
Birds	0004830	-2.888075451826083	2.888362107362077	36
Birds	0004831	1.5759112963595556	-1.516217632157567	36
Birds	0005515	-1.2550170858502536	1.173032237345382	36
Birds	0005524	-1.7492886411410726	1.7455178597324512	36
Birds	0005525	2.2401813021776493	-2.4036082755423824	36
Birds	0005737	1.0475089729646878	-1.0968641123215346	36
Birds	0005840	0.09687362991212015	-0.03369721959775848	36
Birds	0005886	-0.8811700849647124	0.811809887722876	36
Birds	0005975	0.22647601761915173	-0.1623593119854256	36
Birds	0006006	-1.6277657535729086	1.5764586795474103	36
Birds	0006096	0.16515853439039802	-0.08103646910913183	36
Birds	0006098	-2.6925947924816276	2.721402496399105	36
Birds	0006164	0.3154550501997126	-0.28825029867876956	34
Birds	0006177	-0.8814697406224875	0.8648911579396389	34
Birds	0006221	2.3076555911687624	-2.368933668581057	36
Birds	0006260	0.6296766408007083	-0.6632594592575687	36
Birds	0006265	1.153494101053509	-1.155557695997164	36
Birds	0006269	-2.66398208959244	2.6248581745207353	36
Birds	0006281	0.4173552403169795	-0.4389025301189164	36
Birds	0006289	1.508365952040498	-1.3760754528057795	36
Birds	0006310	1.5348596327366997	-1.5445585561365056	36
Birds	0006351	0.9808059246462971	-1.0045804873290332	36
Birds	0006353	0.058073170256364666	-0.07901458098188133	36
Birds	0006355	0.6143003804799521	-0.6342495065078543	36
Birds	0006364	2.045510575644261	-2.074644369961465	36
Birds	0006396	-0.9765224676876353	1.0786766619840151	36
Birds	0006400	2.1406988963641393	-2.1853195642528496	36
Birds	0006402	1.8033576643753295	-1.916374593135767	36
Birds	0006412	-0.7465672563148943	0.7281471623443087	36
Birds	0006413	0.30742879179096505	-0.2679962040672487	36
Birds	0006414	1.35838146729163	-1.4185677749993135	36
Birds	0006415	1.5518090333827803	-1.540643351528725	36
Birds	0006418	-3.028513488334941	2.982916380197583	36
Birds	0006419	-1.481832935026994	1.4257447890156232	36
Birds	0006423	0.7233319894441747	-0.7002998495602105	36
Birds	0006424	-1.876303060735677	1.767341540458058	36
Birds	0006426	0.22339322713239532	-0.3214898684681733	32
Birds	0006430	-2.673345740087397	2.7108709998331117	36
Birds	0006432	-5.618594356668057	5.728868215502209	36
Birds	0006433	-2.6599056478511867	2.6886776315534915	36
Birds	0006435	-0.35856763746539155	0.4136820973898416	36
Birds	0006436	-2.888075451826083	2.888362107362077	36
Birds	0006437	1.5759112963595556	-1.516217632157567	36
Birds	0006457	-0.6728579901376859	0.5869000828610116	36
Birds	0006465	-0.13381123898941116	0.00810576346020996	36
Birds	0006508	-1.1853657178971182	1.1954330261904986	36
Birds	0006520	0.3728551663727374	-0.3588259930817984	36
Birds	0006556	-0.561987570294454	0.5657600750376766	34
Birds	0006633	-1.3764204566155585	1.3513577153191754	35
Birds	0007165	-0.22648461131258968	0.13638437136994672	35
Birds	0008033	0.009920762863345508	-0.12707954143334949	36
Birds	0008080	0.9009950892108126	-0.8818122655778471	36
Birds	0008152	0.8034956232850767	-0.8180516011872235	36
Birds	0008168	-1.1829503357129958	1.0287809778971715	36
Birds	0008173	-0.6415740900170197	0.833674054945209	36
Birds	0008233	-1.652487443236974	1.6377354661289787	36
Birds	0008270	0.9996157977802409	-1.0334496192825429	36
Birds	0008299	-3.031772231245549	3.102665694664903	36
Birds	0008324	-1.3735530599962844	1.3210010186541736	34
Birds	0008360	-0.8841525281323012	0.841605199800619	36
Birds	0008408	-1.1941306874998012	1.3042648189808672	36
Birds	0008649	2.727985297101115	-2.7996805596478715	36
Birds	0008654	-1.4688909016699059	1.5155073697319892	36
Birds	0008658	-0.45708313969001324	0.5265567574223909	36
Birds	0008757	-1.17976173064189	1.0680998969044129	36
Birds	0009055	-0.6941374922720684	0.653891134667929	35
Birds	0009058	-2.300378136962972	2.363916396476248	36
Birds	0009116	1.0756343162787512	-1.0042142876280407	36
Birds	0009152	-0.5641450555318955	0.6559069983196116	34
Birds	0009228	1.3302073447198741	-1.284511603555641	34
Birds	0009252	-0.35059437183344583	0.3331141700000386	36
Birds	0009306	-5.02265030209089	4.947383846560431	36
Birds	0009360	1.7224501966491135	-1.5394063517394412	36
Birds	0009378	-4.19304741987306	4.215557458777384	36
Birds	0009380	-0.9010918598445061	0.9955367762720986	36
Birds	0009435	0.20295995075061576	-0.2440239068023525	32
Birds	0009451	-0.17326749706125605	0.23793342529851028	36
Birds	0009982	0.7891841033257883	-0.7909441020101811	36
Birds	0010181	2.7840241254486515	-2.876071655137173	36
Birds	0015031	-1.0337883503000624	0.9485278801077173	36
Birds	0015035	-1.0061566512281543	1.0149092473010488	36
Birds	0015450	-2.3036156605212788	2.2635414105085987	36
Birds	0015934	2.098192432936092	-2.05977602139855	36
Birds	0015937	2.5744834596668875	-2.572155665243569	36
Birds	0015949	1.2137846163656947	-1.2459758522315703	36
Birds	0016020	-0.16051366547942514	0.1620245931865291	36
Birds	0016149	0.6591361223614222	-0.7174067597290101	36
Birds	0016226	-1.2099174427444512	1.3032278147810812	36
Birds	0016301	-0.2699145857602092	0.1953302476250399	36
Birds	0016310	0.022885238687746383	-0.10279735047981836	36
Birds	0016462	0.10214332722025199	-0.10406446067162936	34
Birds	0016491	-0.7565411530314817	0.7092588849816185	36
Birds	0016620	2.700693643751066	-2.798036142744936	36
Birds	0016740	0.006643248534380766	-0.006370849027682567	36
Birds	0016746	-0.7961702721609832	0.7962679149751164	36
Birds	0016757	0.14177360598540337	-0.12956590495240833	34
Birds	0016787	-2.3341181890664653	2.381835465734224	36
Birds	0016853	-1.0479707516640502	0.9673363597977708	36
Birds	0016874	-1.8648170024950688	2.005932783341877	36
Birds	0016879	-1.255365632578751	1.3221487027651575	35
Birds	0016887	-1.4838715878035713	1.4540152926123928	36
Birds	0016987	-1.2059165993197625	1.2882966355163419	36
Birds	0019843	4.251400873164403	-4.337925882010284	36
Birds	0022625	1.0416531362104777	-0.9177417468854346	36
Birds	0022627	-0.7226927162239352	0.5820090906517478	36
Birds	0022857	0.4732875198492924	-0.426099130428558	36
Birds	0030170	-0.19436020702499363	0.25704294039185455	36
Birds	0031167	1.1114993830952753	-1.157054230378328	36
Birds	0032784	0.2576901877540109	-0.26753906712002024	36
Birds	0036211	0.7780102910494454	-0.7949242736546253	36
Birds	0042026	-2.854201486772871	3.016915453456576	36
Birds	0042254	2.1034474221042783	-2.2374990289586836	36
Birds	0042586	-0.47258244554558104	0.5326190990540888	36
Birds	0042626	-2.288087326305307	2.282045430350652	36
Birds	0043022	2.750883021531645	-2.833910033140285	36
Birds	0043190	-1.7576140638447961	1.7244894956451713	36
Birds	0043952	-2.5015737066264285	2.4631085465429763	36
Birds	0046872	-1.591939568060492	1.5205390563893655	36
Birds	0050660	-2.2454576193234757	2.274379696709469	36
Birds	0050661	-1.774032949198284	1.7317525096428132	36
Birds	0051082	-0.9197781866935886	0.9020533832704503	35
Birds	0051287	-0.02524157579710639	-0.01438696601642853	36
Birds	0051301	-1.4252648102547043	1.4257385841868373	36
Birds	0051539	1.5197040237126105	-1.534774935153676	36
Birds	0052381	0.8157863963307115	-0.7923597951603009	36
Birds	0055052	-1.2465328431923712	1.1453890114699092	36
Birds	0055085	1.1668005249331488	-1.1586842767064236	36
Birds	0070006	-0.9404181532648522	0.9951054399166234	36
Birds	0071949	-2.246750960922805	2.352123315743405	36
Birds	0071951	-1.642842864694773	1.6340938450781637	36
Birds	0140359	-2.1065738823188926	2.1008877844111544	36
Birds	0140662	-3.9403495269192934	4.0997995725560346	36
